snapshot_date,product_id,inventory_units,reorder_level,inventory_value
2023-01-01,P0001,107,29,774976.39
2023-02-01,P0001,161,66,1166085.97
2023-03-01,P0001,161,81,1166085.97
2023-04-01,P0001,81,44,586664.37
2023-05-01,P0001,123,74,890860.71
2023-06-01,P0001,80,50,579421.6
2023-07-01,P0001,82,65,593907.14
2023-08-01,P0001,121,72,876375.17
2023-09-01,P0001,127,30,919831.79
2023-10-01,P0001,59,25,427323.43
2023-11-01,P0001,152,75,1100901.04
2023-12-01,P0001,89,38,644606.53
2024-01-01,P0001,158,89,1144357.66
2024-02-01,P0001,89,44,644606.53
2024-03-01,P0001,204,69,1477525.08
2024-04-01,P0001,84,21,608392.68
2024-05-01,P0001,98,24,709791.46
2024-06-01,P0001,108,70,782219.16
2024-07-01,P0001,154,60,1115386.58
2024-08-01,P0001,182,34,1318184.14
2024-09-01,P0001,74,33,535964.98
2024-10-01,P0001,103,74,746005.31
2024-11-01,P0001,145,84,1050201.65
2024-12-01,P0001,114,21,825675.78
2025-01-01,P0001,82,48,593907.14
2025-02-01,P0001,115,32,832918.55
2025-03-01,P0001,177,53,1281970.29
2025-04-01,P0001,128,31,927074.56
2025-05-01,P0001,131,50,948802.87
2025-06-01,P0001,139,79,1006745.03
2025-07-01,P0001,110,67,796704.7
2025-08-01,P0001,125,38,905346.25
2025-09-01,P0001,66,74,478022.82
2025-10-01,P0001,167,35,1209542.59
2025-11-01,P0001,140,39,1013987.8
2025-12-01,P0001,80,74,579421.6
2023-01-01,P0002,81,27,680068.71
2023-02-01,P0002,80,53,671672.8
2023-03-01,P0002,134,25,1125051.94
2023-04-01,P0002,103,76,864778.73
2023-05-01,P0002,118,90,990717.38
2023-06-01,P0002,101,41,847986.91
2023-07-01,P0002,78,23,654880.98
2023-08-01,P0002,55,74,461775.05
2023-09-01,P0002,64,44,537338.24
2023-10-01,P0002,105,51,881570.55
2023-11-01,P0002,47,32,394607.77
2023-12-01,P0002,64,62,537338.24
2024-01-01,P0002,102,27,856382.82
2024-02-01,P0002,108,72,906758.28
2024-03-01,P0002,39,81,327440.49
2024-04-01,P0002,74,41,621297.34
2024-05-01,P0002,75,73,629693.25
2024-06-01,P0002,100,54,839591.0
2024-07-01,P0002,93,41,780819.63
2024-08-01,P0002,24,21,201501.84
2024-09-01,P0002,116,77,973925.56
2024-10-01,P0002,136,30,1141843.76
2024-11-01,P0002,70,42,587713.7
2024-12-01,P0002,150,29,1259386.5
2025-01-01,P0002,109,32,915154.19
2025-02-01,P0002,113,45,948737.83
2025-03-01,P0002,148,86,1242594.68
2025-04-01,P0002,100,79,839591.0
2025-05-01,P0002,79,35,663276.89
2025-06-01,P0002,72,40,604505.52
2025-07-01,P0002,145,77,1217406.95
2025-08-01,P0002,68,23,570921.88
2025-09-01,P0002,109,86,915154.19
2025-10-01,P0002,102,49,856382.82
2025-11-01,P0002,99,78,831195.09
2025-12-01,P0002,104,34,873174.64
2023-01-01,P0003,277,62,49940.33
2023-02-01,P0003,202,45,36418.58
2023-03-01,P0003,231,58,41646.99
2023-04-01,P0003,221,84,39844.09
2023-05-01,P0003,201,77,36238.29
2023-06-01,P0003,239,32,43089.31
2023-07-01,P0003,352,45,63462.08
2023-08-01,P0003,264,59,47596.56
2023-09-01,P0003,73,24,13161.17
2023-10-01,P0003,214,88,38582.06
2023-11-01,P0003,189,44,34074.81
2023-12-01,P0003,165,79,29747.85
2024-01-01,P0003,270,65,48678.3
2024-02-01,P0003,202,78,36418.58
2024-03-01,P0003,229,30,41286.41
2024-04-01,P0003,161,46,29026.69
2024-05-01,P0003,312,56,56250.48
2024-06-01,P0003,64,67,11538.56
2024-07-01,P0003,157,64,28305.53
2024-08-01,P0003,189,38,34074.81
2024-09-01,P0003,42,39,7572.18
2024-10-01,P0003,75,67,13521.75
2024-11-01,P0003,254,83,45793.66
2024-12-01,P0003,256,75,46154.24
2025-01-01,P0003,236,61,42548.44
2025-02-01,P0003,261,20,47055.69
2025-03-01,P0003,101,25,18209.29
2025-04-01,P0003,267,79,48137.43
2025-05-01,P0003,52,55,9375.08
2025-06-01,P0003,211,55,38041.19
2025-07-01,P0003,100,32,18029.0
2025-08-01,P0003,134,56,24158.86
2025-09-01,P0003,204,40,36779.16
2025-10-01,P0003,155,43,27944.95
2025-11-01,P0003,276,49,49760.04
2025-12-01,P0003,325,55,58594.25
2023-01-01,P0004,75,30,165376.5
2023-02-01,P0004,81,27,178606.62
2023-03-01,P0004,121,63,266807.42
2023-04-01,P0004,168,79,370443.36
2023-05-01,P0004,203,52,447619.06
2023-06-01,P0004,236,35,520384.72
2023-07-01,P0004,158,77,348393.16
2023-08-01,P0004,139,46,306497.78
2023-09-01,P0004,246,42,542434.92
2023-10-01,P0004,99,30,218296.98
2023-11-01,P0004,135,64,297677.7
2023-12-01,P0004,120,56,264602.4
2024-01-01,P0004,28,58,61740.56
2024-02-01,P0004,140,25,308702.8
2024-03-01,P0004,194,81,427773.88
2024-04-01,P0004,31,53,68355.62
2024-05-01,P0004,224,34,493924.48
2024-06-01,P0004,173,85,381468.46
2024-07-01,P0004,64,37,141121.28
2024-08-01,P0004,110,72,242552.2
2024-09-01,P0004,163,34,359418.26
2024-10-01,P0004,166,85,366033.32
2024-11-01,P0004,151,20,332958.02
2024-12-01,P0004,79,63,174196.58
2025-01-01,P0004,105,38,231527.1
2025-02-01,P0004,112,72,246962.24
2025-03-01,P0004,166,32,366033.32
2025-04-01,P0004,122,56,269012.44
2025-05-01,P0004,174,90,383673.48
2025-06-01,P0004,96,86,211681.92
2025-07-01,P0004,136,78,299882.72
2025-08-01,P0004,144,29,317522.88
2025-09-01,P0004,99,21,218296.98
2025-10-01,P0004,65,72,143326.3
2025-11-01,P0004,160,63,352803.2
2025-12-01,P0004,113,69,249167.26
2023-01-01,P0005,24,61,7326.96
2023-02-01,P0005,83,29,25339.07
2023-03-01,P0005,97,58,29613.13
2023-04-01,P0005,83,70,25339.07
2023-05-01,P0005,94,64,28697.26
2023-06-01,P0005,104,87,31750.16
2023-07-01,P0005,77,43,23507.33
2023-08-01,P0005,96,70,29307.84
2023-09-01,P0005,71,70,21675.59
2023-10-01,P0005,57,50,17401.53
2023-11-01,P0005,77,29,23507.33
2023-12-01,P0005,130,76,39687.7
2024-01-01,P0005,56,81,17096.24
2024-02-01,P0005,95,79,29002.55
2024-03-01,P0005,36,35,10990.44
2024-04-01,P0005,54,86,16485.66
2024-05-01,P0005,98,31,29918.42
2024-06-01,P0005,113,49,34497.77
2024-07-01,P0005,74,23,22591.46
2024-08-01,P0005,62,68,18927.98
2024-09-01,P0005,70,35,21370.3
2024-10-01,P0005,62,40,18927.98
2024-11-01,P0005,74,31,22591.46
2024-12-01,P0005,54,42,16485.66
2025-01-01,P0005,102,72,31139.58
2025-02-01,P0005,93,84,28391.97
2025-03-01,P0005,26,50,7937.54
2025-04-01,P0005,80,52,24423.2
2025-05-01,P0005,34,40,10379.86
2025-06-01,P0005,51,47,15569.79
2025-07-01,P0005,64,34,19538.56
2025-08-01,P0005,102,75,31139.58
2025-09-01,P0005,93,74,28391.97
2025-10-01,P0005,78,25,23812.62
2025-11-01,P0005,89,25,27170.81
2025-12-01,P0005,62,64,18927.98
2023-01-01,P0006,305,85,604128.75
2023-02-01,P0006,90,82,178267.5
2023-03-01,P0006,299,58,592244.25
2023-04-01,P0006,233,59,461514.75
2023-05-01,P0006,232,65,459534.0
2023-06-01,P0006,258,51,511033.5
2023-07-01,P0006,74,32,146575.5
2023-08-01,P0006,220,33,435765.0
2023-09-01,P0006,239,23,473399.25
2023-10-01,P0006,178,39,352573.5
2023-11-01,P0006,257,20,509052.75
2023-12-01,P0006,195,46,386246.25
2024-01-01,P0006,128,71,253536.0
2024-02-01,P0006,216,70,427842.0
2024-03-01,P0006,164,84,324843.0
2024-04-01,P0006,144,55,285228.0
2024-05-01,P0006,231,20,457553.25
2024-06-01,P0006,158,81,312958.5
2024-07-01,P0006,212,59,419919.0
2024-08-01,P0006,269,35,532821.75
2024-09-01,P0006,326,50,645724.5
2024-10-01,P0006,241,85,477360.75
2024-11-01,P0006,176,76,348612.0
2024-12-01,P0006,229,77,453591.75
2025-01-01,P0006,269,51,532821.75
2025-02-01,P0006,210,35,415957.5
2025-03-01,P0006,259,87,513014.25
2025-04-01,P0006,196,81,388227.0
2025-05-01,P0006,161,89,318900.75
2025-06-01,P0006,210,76,415957.5
2025-07-01,P0006,261,88,516975.75
2025-08-01,P0006,349,28,691281.75
2025-09-01,P0006,234,29,463495.5
2025-10-01,P0006,303,33,600167.25
2025-11-01,P0006,278,47,550648.5
2025-12-01,P0006,237,43,469437.75
2023-01-01,P0007,192,90,2170809.6
2023-02-01,P0007,188,65,2125584.4
2023-03-01,P0007,101,90,1141936.3
2023-04-01,P0007,24,43,271351.2
2023-05-01,P0007,96,29,1085404.8
2023-06-01,P0007,177,24,2001215.1
2023-07-01,P0007,98,74,1108017.4
2023-08-01,P0007,189,40,2136890.7
2023-09-01,P0007,150,72,1695945.0
2023-10-01,P0007,131,30,1481125.3
2023-11-01,P0007,133,36,1503737.9
2023-12-01,P0007,27,69,305270.1
2024-01-01,P0007,57,38,644459.1
2024-02-01,P0007,137,56,1548963.1
2024-03-01,P0007,72,22,814053.6
2024-04-01,P0007,161,84,1820314.3
2024-05-01,P0007,55,41,621846.5
2024-06-01,P0007,99,68,1119323.7
2024-07-01,P0007,59,23,667071.7
2024-08-01,P0007,133,38,1503737.9
2024-09-01,P0007,166,71,1876845.8
2024-10-01,P0007,97,40,1096711.1
2024-11-01,P0007,235,57,2656980.5
2024-12-01,P0007,167,89,1888152.1
2025-01-01,P0007,93,83,1051485.9
2025-02-01,P0007,116,37,1311530.8
2025-03-01,P0007,148,59,1673332.4
2025-04-01,P0007,143,60,1616800.9
2025-05-01,P0007,93,84,1051485.9
2025-06-01,P0007,127,27,1435900.1
2025-07-01,P0007,93,75,1051485.9
2025-08-01,P0007,139,66,1571575.7
2025-09-01,P0007,135,47,1526350.5
2025-10-01,P0007,129,21,1458512.7
2025-11-01,P0007,57,38,644459.1
2025-12-01,P0007,154,26,1741170.2
2023-01-01,P0008,288,47,1427353.92
2023-02-01,P0008,101,46,500565.09
2023-03-01,P0008,113,28,560038.17
2023-04-01,P0008,157,63,778106.13
2023-05-01,P0008,261,58,1293539.49
2023-06-01,P0008,168,35,832623.12
2023-07-01,P0008,140,49,693852.6
2023-08-01,P0008,113,45,560038.17
2023-09-01,P0008,107,85,530301.63
2023-10-01,P0008,160,65,792974.4
2023-11-01,P0008,270,23,1338144.3
2023-12-01,P0008,130,47,644291.7
2024-01-01,P0008,110,78,545169.9
2024-02-01,P0008,156,83,773150.04
2024-03-01,P0008,272,21,1348056.48
2024-04-01,P0008,172,44,852447.48
2024-05-01,P0008,163,61,807842.67
2024-06-01,P0008,216,58,1070515.44
2024-07-01,P0008,299,33,1481870.91
2024-08-01,P0008,196,66,971393.64
2024-09-01,P0008,58,83,287453.22
2024-10-01,P0008,184,61,911920.56
2024-11-01,P0008,111,34,550125.99
2024-12-01,P0008,136,53,674028.24
2025-01-01,P0008,269,21,1333188.21
2025-02-01,P0008,169,54,837579.21
2025-03-01,P0008,102,52,505521.18
2025-04-01,P0008,230,58,1139900.7
2025-05-01,P0008,112,62,555082.08
2025-06-01,P0008,146,46,723589.14
2025-07-01,P0008,114,82,564994.26
2025-08-01,P0008,165,70,817754.85
2025-09-01,P0008,213,27,1055647.17
2025-10-01,P0008,313,27,1551256.17
2025-11-01,P0008,232,72,1149812.88
2025-12-01,P0008,255,80,1263802.95
2023-01-01,P0009,86,50,697845.28
2023-02-01,P0009,149,47,1209057.52
2023-03-01,P0009,239,20,1939360.72
2023-04-01,P0009,203,69,1647239.44
2023-05-01,P0009,255,71,2069192.4
2023-06-01,P0009,219,66,1777071.12
2023-07-01,P0009,194,64,1574209.12
2023-08-01,P0009,148,73,1200943.04
2023-09-01,P0009,134,43,1087340.32
2023-10-01,P0009,201,31,1631010.48
2023-11-01,P0009,95,38,770875.6
2023-12-01,P0009,151,68,1225286.48
2024-01-01,P0009,143,32,1160370.64
2024-02-01,P0009,211,44,1712155.28
2024-03-01,P0009,104,79,843905.92
2024-04-01,P0009,193,30,1566094.64
2024-05-01,P0009,258,70,2093535.84
2024-06-01,P0009,182,58,1476835.36
2024-07-01,P0009,93,22,754646.64
2024-08-01,P0009,117,51,949394.16
2024-09-01,P0009,176,39,1428148.48
2024-10-01,P0009,148,54,1200943.04
2024-11-01,P0009,141,78,1144141.68
2024-12-01,P0009,198,45,1606667.04
2025-01-01,P0009,127,64,1030538.96
2025-02-01,P0009,188,79,1525522.24
2025-03-01,P0009,168,23,1363232.64
2025-04-01,P0009,211,25,1712155.28
2025-05-01,P0009,173,24,1403805.04
2025-06-01,P0009,62,79,503097.76
2025-07-01,P0009,89,28,722188.72
2025-08-01,P0009,173,32,1403805.04
2025-09-01,P0009,25,75,202862.0
2025-10-01,P0009,166,30,1347003.68
2025-11-01,P0009,145,77,1176599.6
2025-12-01,P0009,60,55,486868.8
2023-01-01,P0010,49,76,174220.48
2023-02-01,P0010,54,85,191998.08
2023-03-01,P0010,51,74,181331.52
2023-04-01,P0010,83,31,295108.16
2023-05-01,P0010,34,55,120887.68
2023-06-01,P0010,23,90,81776.96
2023-07-01,P0010,33,76,117332.16
2023-08-01,P0010,29,46,103110.08
2023-09-01,P0010,29,31,103110.08
2023-10-01,P0010,46,56,163553.92
2023-11-01,P0010,65,74,231108.8
2023-12-01,P0010,36,20,127998.72
2024-01-01,P0010,71,35,252441.92
2024-02-01,P0010,40,26,142220.8
2024-03-01,P0010,61,52,216886.72
2024-04-01,P0010,49,76,174220.48
2024-05-01,P0010,31,66,110221.12
2024-06-01,P0010,33,82,117332.16
2024-07-01,P0010,79,66,280886.08
2024-08-01,P0010,54,44,191998.08
2024-09-01,P0010,52,29,184887.04
2024-10-01,P0010,42,59,149331.84
2024-11-01,P0010,54,50,191998.08
2024-12-01,P0010,41,21,145776.32
2025-01-01,P0010,66,30,234664.32
2025-02-01,P0010,52,80,184887.04
2025-03-01,P0010,60,28,213331.2
2025-04-01,P0010,16,33,56888.32
2025-05-01,P0010,75,25,266664.0
2025-06-01,P0010,54,70,191998.08
2025-07-01,P0010,34,62,120887.68
2025-08-01,P0010,98,84,348440.96
2025-09-01,P0010,31,44,110221.12
2025-10-01,P0010,71,87,252441.92
2025-11-01,P0010,49,64,174220.48
2025-12-01,P0010,43,37,152887.36
2023-01-01,P0011,117,78,730724.67
2023-02-01,P0011,66,38,412203.66
2023-03-01,P0011,172,89,1074227.72
2023-04-01,P0011,190,43,1186646.9
2023-05-01,P0011,167,85,1043000.17
2023-06-01,P0011,196,82,1224119.96
2023-07-01,P0011,188,63,1174155.88
2023-08-01,P0011,143,84,893107.93
2023-09-01,P0011,69,67,430940.19
2023-10-01,P0011,92,62,574586.92
2023-11-01,P0011,85,32,530868.35
2023-12-01,P0011,152,37,949317.52
2024-01-01,P0011,173,40,1080473.23
2024-02-01,P0011,109,54,680760.59
2024-03-01,P0011,98,56,612059.98
2024-04-01,P0011,198,55,1236610.98
2024-05-01,P0011,122,86,761952.22
2024-06-01,P0011,152,84,949317.52
2024-07-01,P0011,185,82,1155419.35
2024-08-01,P0011,162,27,1011772.62
2024-09-01,P0011,188,47,1174155.88
2024-10-01,P0011,174,55,1086718.74
2024-11-01,P0011,137,71,855634.87
2024-12-01,P0011,178,77,1111700.78
2025-01-01,P0011,138,57,861880.38
2025-02-01,P0011,145,54,905598.95
2025-03-01,P0011,56,84,349748.56
2025-04-01,P0011,153,56,955563.03
2025-05-01,P0011,185,75,1155419.35
2025-06-01,P0011,125,20,780688.75
2025-07-01,P0011,200,45,1249102.0
2025-08-01,P0011,233,68,1455203.83
2025-09-01,P0011,99,51,618305.49
2025-10-01,P0011,141,69,880616.91
2025-11-01,P0011,129,71,805670.79
2025-12-01,P0011,140,42,874371.4
2023-01-01,P0012,58,66,47771.7
2023-02-01,P0012,35,77,28827.75
2023-03-01,P0012,54,22,44477.1
2023-04-01,P0012,31,54,25533.15
2023-05-01,P0012,33,41,27180.45
2023-06-01,P0012,43,77,35416.95
2023-07-01,P0012,44,89,36240.6
2023-08-01,P0012,36,77,29651.4
2023-09-01,P0012,29,76,23885.85
2023-10-01,P0012,23,35,18943.95
2023-11-01,P0012,28,28,23062.2
2023-12-01,P0012,39,43,32122.35
2024-01-01,P0012,73,79,60126.45
2024-02-01,P0012,31,85,25533.15
2024-03-01,P0012,29,28,23885.85
2024-04-01,P0012,11,68,9060.15
2024-05-01,P0012,39,34,32122.35
2024-06-01,P0012,54,45,44477.1
2024-07-01,P0012,48,33,39535.2
2024-08-01,P0012,39,69,32122.35
2024-09-01,P0012,25,84,20591.25
2024-10-01,P0012,25,88,20591.25
2024-11-01,P0012,39,33,32122.35
2024-12-01,P0012,58,47,47771.7
2025-01-01,P0012,36,25,29651.4
2025-02-01,P0012,33,34,27180.45
2025-03-01,P0012,41,76,33769.65
2025-04-01,P0012,24,85,19767.6
2025-05-01,P0012,24,67,19767.6
2025-06-01,P0012,51,61,42006.15
2025-07-01,P0012,34,74,28004.1
2025-08-01,P0012,32,69,26356.8
2025-09-01,P0012,7,62,5765.55
2025-10-01,P0012,17,78,14002.05
2025-11-01,P0012,51,40,42006.15
2025-12-01,P0012,48,24,39535.2
2023-01-01,P0013,7,77,20043.8
2023-02-01,P0013,43,31,123126.2
2023-03-01,P0013,27,40,77311.8
2023-04-01,P0013,19,25,54404.6
2023-05-01,P0013,26,84,74448.4
2023-06-01,P0013,12,28,34360.8
2023-07-01,P0013,24,49,68721.6
2023-08-01,P0013,30,51,85902.0
2023-09-01,P0013,10,42,28634.0
2023-10-01,P0013,30,56,85902.0
2023-11-01,P0013,33,34,94492.2
2023-12-01,P0013,14,39,40087.6
2024-01-01,P0013,29,60,83038.6
2024-02-01,P0013,13,56,37224.2
2024-03-01,P0013,20,74,57268.0
2024-04-01,P0013,15,20,42951.0
2024-05-01,P0013,33,32,94492.2
2024-06-01,P0013,26,46,74448.4
2024-07-01,P0013,29,50,83038.6
2024-08-01,P0013,32,59,91628.8
2024-09-01,P0013,22,88,62994.8
2024-10-01,P0013,17,66,48677.8
2024-11-01,P0013,31,44,88765.4
2024-12-01,P0013,29,70,83038.6
2025-01-01,P0013,10,87,28634.0
2025-02-01,P0013,26,32,74448.4
2025-03-01,P0013,8,27,22907.2
2025-04-01,P0013,19,88,54404.6
2025-05-01,P0013,28,82,80175.2
2025-06-01,P0013,29,78,83038.6
2025-07-01,P0013,41,74,117399.4
2025-08-01,P0013,30,80,85902.0
2025-09-01,P0013,11,56,31497.4
2025-10-01,P0013,22,72,62994.8
2025-11-01,P0013,29,77,83038.6
2025-12-01,P0013,12,30,34360.8
2023-01-01,P0014,219,53,3289697.55
2023-02-01,P0014,317,83,4761799.65
2023-03-01,P0014,196,31,2944204.2
2023-04-01,P0014,210,38,3154504.5
2023-05-01,P0014,245,66,3680255.25
2023-06-01,P0014,224,25,3364804.8
2023-07-01,P0014,154,51,2313303.3
2023-08-01,P0014,180,80,2703861.0
2023-09-01,P0014,111,27,1667380.95
2023-10-01,P0014,321,24,4821885.45
2023-11-01,P0014,69,33,1036480.05
2023-12-01,P0014,125,30,1877681.25
2024-01-01,P0014,231,34,3469954.95
2024-02-01,P0014,349,72,5242486.05
2024-03-01,P0014,159,60,2388410.55
2024-04-01,P0014,3,45,45064.35
2024-05-01,P0014,71,80,1066522.95
2024-06-01,P0014,274,81,4115877.3
2024-07-01,P0014,78,62,1171673.1
2024-08-01,P0014,3,56,45064.35
2024-09-01,P0014,117,73,1757509.65
2024-10-01,P0014,200,42,3004290.0
2024-11-01,P0014,195,58,2929182.75
2024-12-01,P0014,289,25,4341199.05
2025-01-01,P0014,144,70,2163088.8
2025-02-01,P0014,175,33,2628753.75
2025-03-01,P0014,144,69,2163088.8
2025-04-01,P0014,134,46,2012874.3
2025-05-01,P0014,193,43,2899139.85
2025-06-01,P0014,161,84,2418453.45
2025-07-01,P0014,142,46,2133045.9
2025-08-01,P0014,75,72,1126608.75
2025-09-01,P0014,86,82,1291844.7
2025-10-01,P0014,279,76,4190984.55
2025-11-01,P0014,243,67,3650212.35
2025-12-01,P0014,167,83,2508582.15
2023-01-01,P0015,86,88,813758.66
2023-02-01,P0015,59,65,558276.29
2023-03-01,P0015,66,52,624512.46
2023-04-01,P0015,130,22,1230100.3
2023-05-01,P0015,32,79,302793.92
2023-06-01,P0015,112,34,1059778.72
2023-07-01,P0015,63,58,596125.53
2023-08-01,P0015,73,30,690748.63
2023-09-01,P0015,92,32,870532.52
2023-10-01,P0015,79,75,747522.49
2023-11-01,P0015,36,40,340643.16
2023-12-01,P0015,114,31,1078703.34
2024-01-01,P0015,82,66,775909.42
2024-02-01,P0015,21,39,198708.51
2024-03-01,P0015,82,50,775909.42
2024-04-01,P0015,74,87,700210.94
2024-05-01,P0015,62,39,586663.22
2024-06-01,P0015,27,48,255482.37
2024-07-01,P0015,120,32,1135477.2
2024-08-01,P0015,49,59,463653.19
2024-09-01,P0015,79,28,747522.49
2024-10-01,P0015,93,20,879994.83
2024-11-01,P0015,51,56,482577.81
2024-12-01,P0015,76,69,719135.56
2025-01-01,P0015,66,89,624512.46
2025-02-01,P0015,38,77,359567.78
2025-03-01,P0015,63,33,596125.53
2025-04-01,P0015,53,64,501502.43
2025-05-01,P0015,73,73,690748.63
2025-06-01,P0015,139,31,1315261.09
2025-07-01,P0015,92,38,870532.52
2025-08-01,P0015,63,43,596125.53
2025-09-01,P0015,83,20,785371.73
2025-10-01,P0015,129,74,1220637.99
2025-11-01,P0015,25,74,236557.75
2025-12-01,P0015,44,77,416341.64
2023-01-01,P0016,28,61,271405.68
2023-02-01,P0016,73,67,707593.38
2023-03-01,P0016,48,67,465266.88
2023-04-01,P0016,32,70,310177.92
2023-05-01,P0016,32,63,310177.92
2023-06-01,P0016,51,21,494346.06
2023-07-01,P0016,51,53,494346.06
2023-08-01,P0016,37,69,358643.22
2023-09-01,P0016,48,76,465266.88
2023-10-01,P0016,17,69,164782.02
2023-11-01,P0016,56,66,542811.36
2023-12-01,P0016,67,63,649435.02
2024-01-01,P0016,47,24,455573.82
2024-02-01,P0016,44,64,426494.64
2024-03-01,P0016,54,75,523425.24
2024-04-01,P0016,38,26,368336.28
2024-05-01,P0016,56,63,542811.36
2024-06-01,P0016,39,79,378029.34
2024-07-01,P0016,44,37,426494.64
2024-08-01,P0016,46,47,445880.76
2024-09-01,P0016,26,68,252019.56
2024-10-01,P0016,37,56,358643.22
2024-11-01,P0016,28,81,271405.68
2024-12-01,P0016,39,59,378029.34
2025-01-01,P0016,50,51,484653.0
2025-02-01,P0016,65,20,630048.9
2025-03-01,P0016,36,36,348950.16
2025-04-01,P0016,33,21,319870.98
2025-05-01,P0016,50,81,484653.0
2025-06-01,P0016,30,74,290791.8
2025-07-01,P0016,43,81,416801.58
2025-08-01,P0016,22,30,213247.32
2025-09-01,P0016,11,58,106623.66
2025-10-01,P0016,40,75,387722.4
2025-11-01,P0016,48,40,465266.88
2025-12-01,P0016,33,45,319870.98
2023-01-01,P0017,154,33,754695.48
2023-02-01,P0017,125,34,612577.5
2023-03-01,P0017,31,85,151919.22
2023-04-01,P0017,95,40,465558.9
2023-05-01,P0017,161,41,788999.82
2023-06-01,P0017,81,41,396950.22
2023-07-01,P0017,106,54,519465.72
2023-08-01,P0017,128,89,627279.36
2023-09-01,P0017,81,90,396950.22
2023-10-01,P0017,166,59,813502.92
2023-11-01,P0017,93,63,455757.66
2023-12-01,P0017,67,88,328341.54
2024-01-01,P0017,65,35,318540.3
2024-02-01,P0017,121,60,592975.02
2024-03-01,P0017,81,43,396950.22
2024-04-01,P0017,94,76,460658.28
2024-05-01,P0017,194,78,950720.28
2024-06-01,P0017,156,34,764496.72
2024-07-01,P0017,125,29,612577.5
2024-08-01,P0017,97,50,475360.14
2024-09-01,P0017,102,29,499863.24
2024-10-01,P0017,53,64,259732.86
2024-11-01,P0017,106,35,519465.72
2024-12-01,P0017,78,77,382248.36
2025-01-01,P0017,35,75,171521.7
2025-02-01,P0017,126,81,617478.12
2025-03-01,P0017,149,84,730192.38
2025-04-01,P0017,85,90,416552.7
2025-05-01,P0017,100,39,490062.0
2025-06-01,P0017,63,50,308739.06
2025-07-01,P0017,108,65,529266.96
2025-08-01,P0017,54,66,264633.48
2025-09-01,P0017,88,29,431254.56
2025-10-01,P0017,152,48,744894.24
2025-11-01,P0017,64,65,313639.68
2025-12-01,P0017,135,45,661583.7
2023-01-01,P0018,55,78,15371.4
2023-02-01,P0018,61,65,17048.28
2023-03-01,P0018,90,37,25153.2
2023-04-01,P0018,41,48,11458.68
2023-05-01,P0018,110,64,30742.8
2023-06-01,P0018,70,30,19563.6
2023-07-01,P0018,92,56,25712.16
2023-08-01,P0018,61,25,17048.28
2023-09-01,P0018,61,48,17048.28
2023-10-01,P0018,50,84,13974.0
2023-11-01,P0018,56,27,15650.88
2023-12-01,P0018,108,80,30183.84
2024-01-01,P0018,58,79,16209.84
2024-02-01,P0018,63,85,17607.24
2024-03-01,P0018,76,60,21240.48
2024-04-01,P0018,119,28,33258.12
2024-05-01,P0018,57,58,15930.36
2024-06-01,P0018,61,66,17048.28
2024-07-01,P0018,67,51,18725.16
2024-08-01,P0018,72,84,20122.56
2024-09-01,P0018,50,60,13974.0
2024-10-01,P0018,54,42,15091.92
2024-11-01,P0018,81,85,22637.88
2024-12-01,P0018,102,47,28506.96
2025-01-01,P0018,130,87,36332.4
2025-02-01,P0018,40,68,11179.2
2025-03-01,P0018,68,68,19004.64
2025-04-01,P0018,27,52,7545.96
2025-05-01,P0018,42,79,11738.16
2025-06-01,P0018,68,22,19004.64
2025-07-01,P0018,62,85,17327.76
2025-08-01,P0018,43,72,12017.64
2025-09-01,P0018,107,50,29904.36
2025-10-01,P0018,38,73,10620.24
2025-11-01,P0018,91,79,25432.68
2025-12-01,P0018,38,52,10620.24
2023-01-01,P0019,185,44,28952.5
2023-02-01,P0019,137,61,21440.5
2023-03-01,P0019,98,63,15337.0
2023-04-01,P0019,140,68,21910.0
2023-05-01,P0019,174,55,27231.0
2023-06-01,P0019,81,39,12676.5
2023-07-01,P0019,147,38,23005.5
2023-08-01,P0019,181,49,28326.5
2023-09-01,P0019,139,29,21753.5
2023-10-01,P0019,177,58,27700.5
2023-11-01,P0019,114,57,17841.0
2023-12-01,P0019,123,25,19249.5
2024-01-01,P0019,112,88,17528.0
2024-02-01,P0019,179,28,28013.5
2024-03-01,P0019,157,79,24570.5
2024-04-01,P0019,112,42,17528.0
2024-05-01,P0019,148,37,23162.0
2024-06-01,P0019,155,66,24257.5
2024-07-01,P0019,153,86,23944.5
2024-08-01,P0019,144,27,22536.0
2024-09-01,P0019,131,44,20501.5
2024-10-01,P0019,155,82,24257.5
2024-11-01,P0019,118,36,18467.0
2024-12-01,P0019,129,81,20188.5
2025-01-01,P0019,188,84,29422.0
2025-02-01,P0019,154,34,24101.0
2025-03-01,P0019,150,72,23475.0
2025-04-01,P0019,138,43,21597.0
2025-05-01,P0019,169,47,26448.5
2025-06-01,P0019,92,72,14398.0
2025-07-01,P0019,152,57,23788.0
2025-08-01,P0019,145,63,22692.5
2025-09-01,P0019,131,69,20501.5
2025-10-01,P0019,121,31,18936.5
2025-11-01,P0019,150,79,23475.0
2025-12-01,P0019,163,60,25509.5
2023-01-01,P0020,285,84,127717.05
2023-02-01,P0020,294,53,131750.22
2023-03-01,P0020,302,24,135335.26
2023-04-01,P0020,381,30,170737.53
2023-05-01,P0020,285,46,127717.05
2023-06-01,P0020,197,69,88281.61
2023-07-01,P0020,286,74,128165.18
2023-08-01,P0020,202,37,90522.26
2023-09-01,P0020,295,39,132198.35
2023-10-01,P0020,270,27,120995.1
2023-11-01,P0020,268,74,120098.84
2023-12-01,P0020,318,47,142505.34
2024-01-01,P0020,308,45,138024.04
2024-02-01,P0020,354,71,158638.02
2024-03-01,P0020,247,23,110688.11
2024-04-01,P0020,275,71,123235.75
2024-05-01,P0020,282,71,126372.66
2024-06-01,P0020,309,24,138472.17
2024-07-01,P0020,294,43,131750.22
2024-08-01,P0020,245,80,109791.85
2024-09-01,P0020,275,63,123235.75
2024-10-01,P0020,274,55,122787.62
2024-11-01,P0020,257,64,115169.41
2024-12-01,P0020,284,53,127268.92
2025-01-01,P0020,318,38,142505.34
2025-02-01,P0020,256,64,114721.28
2025-03-01,P0020,311,49,139368.43
2025-04-01,P0020,269,51,120546.97
2025-05-01,P0020,257,83,115169.41
2025-06-01,P0020,275,23,123235.75
2025-07-01,P0020,361,60,161774.93
2025-08-01,P0020,236,51,105758.68
2025-09-01,P0020,310,24,138920.3
2025-10-01,P0020,288,90,129061.44
2025-11-01,P0020,306,31,137127.78
2025-12-01,P0020,299,75,133990.87
2023-01-01,P0021,346,60,565512.78
2023-02-01,P0021,345,81,563878.35
2023-03-01,P0021,280,90,457640.4
2023-04-01,P0021,317,77,518114.31
2023-05-01,P0021,389,39,635793.27
2023-06-01,P0021,366,46,598201.38
2023-07-01,P0021,289,22,472350.27
2023-08-01,P0021,326,78,532824.18
2023-09-01,P0021,345,56,563878.35
2023-10-01,P0021,378,59,617814.54
2023-11-01,P0021,279,63,456005.97
2023-12-01,P0021,411,84,671750.73
2024-01-01,P0021,300,45,490329.0
2024-02-01,P0021,266,26,434758.38
2024-03-01,P0021,319,64,521383.17
2024-04-01,P0021,320,32,523017.6
2024-05-01,P0021,292,37,477253.56
2024-06-01,P0021,280,43,457640.4
2024-07-01,P0021,388,23,634158.84
2024-08-01,P0021,369,71,603104.67
2024-09-01,P0021,341,44,557340.63
2024-10-01,P0021,396,88,647234.28
2024-11-01,P0021,331,76,540996.33
2024-12-01,P0021,285,27,465812.55
2025-01-01,P0021,411,77,671750.73
2025-02-01,P0021,326,88,532824.18
2025-03-01,P0021,380,31,621083.4
2025-04-01,P0021,233,64,380822.19
2025-05-01,P0021,361,43,590029.23
2025-06-01,P0021,404,29,660309.72
2025-07-01,P0021,222,87,362843.46
2025-08-01,P0021,345,35,563878.35
2025-09-01,P0021,235,68,384091.05
2025-10-01,P0021,348,80,568781.64
2025-11-01,P0021,417,81,681557.31
2025-12-01,P0021,260,62,424951.8
2023-01-01,P0022,94,67,930423.28
2023-02-01,P0022,136,77,1346144.32
2023-03-01,P0022,98,56,970015.76
2023-04-01,P0022,95,70,940321.4
2023-05-01,P0022,106,53,1049200.72
2023-06-01,P0022,77,30,762155.24
2023-07-01,P0022,85,65,841340.2
2023-08-01,P0022,125,79,1237265.0
2023-09-01,P0022,75,52,742359.0
2023-10-01,P0022,110,89,1088793.2
2023-11-01,P0022,88,21,871034.56
2023-12-01,P0022,138,84,1365940.56
2024-01-01,P0022,109,69,1078895.08
2024-02-01,P0022,82,69,811645.84
2024-03-01,P0022,116,44,1148181.92
2024-04-01,P0022,59,30,583989.08
2024-05-01,P0022,60,75,593887.2
2024-06-01,P0022,87,56,861136.44
2024-07-01,P0022,124,87,1227366.88
2024-08-01,P0022,122,66,1207570.64
2024-09-01,P0022,111,49,1098691.32
2024-10-01,P0022,122,63,1207570.64
2024-11-01,P0022,95,49,940321.4
2024-12-01,P0022,102,72,1009608.24
2025-01-01,P0022,108,35,1068996.96
2025-02-01,P0022,109,27,1078895.08
2025-03-01,P0022,121,51,1197672.52
2025-04-01,P0022,117,88,1158080.04
2025-05-01,P0022,97,76,960117.64
2025-06-01,P0022,128,58,1266959.36
2025-07-01,P0022,131,90,1296653.72
2025-08-01,P0022,100,77,989812.0
2025-09-01,P0022,116,32,1148181.92
2025-10-01,P0022,96,69,950219.52
2025-11-01,P0022,118,52,1167978.16
2025-12-01,P0022,96,58,950219.52
2023-01-01,P0023,265,71,116019.65
2023-02-01,P0023,238,23,104198.78
2023-03-01,P0023,213,38,93253.53
2023-04-01,P0023,199,27,87124.19
2023-05-01,P0023,178,25,77930.18
2023-06-01,P0023,127,62,55601.87
2023-07-01,P0023,274,46,119959.94
2023-08-01,P0023,228,51,99820.68
2023-09-01,P0023,169,34,73989.89
2023-10-01,P0023,205,74,89751.05
2023-11-01,P0023,236,56,103323.16
2023-12-01,P0023,197,21,86248.57
2024-01-01,P0023,271,26,118646.51
2024-02-01,P0023,199,79,87124.19
2024-03-01,P0023,191,69,83621.71
2024-04-01,P0023,209,67,91502.29
2024-05-01,P0023,231,85,101134.11
2024-06-01,P0023,221,28,96756.01
2024-07-01,P0023,230,57,100696.3
2024-08-01,P0023,233,77,102009.73
2024-09-01,P0023,188,70,82308.28
2024-10-01,P0023,290,66,126964.9
2024-11-01,P0023,249,30,109014.69
2024-12-01,P0023,237,20,103760.97
2025-01-01,P0023,244,32,106825.64
2025-02-01,P0023,253,81,110765.93
2025-03-01,P0023,246,55,107701.26
2025-04-01,P0023,224,48,98069.44
2025-05-01,P0023,225,86,98507.25
2025-06-01,P0023,220,44,96318.2
2025-07-01,P0023,180,79,78805.8
2025-08-01,P0023,195,77,85372.95
2025-09-01,P0023,285,84,124775.85
2025-10-01,P0023,202,64,88437.62
2025-11-01,P0023,233,80,102009.73
2025-12-01,P0023,141,23,61731.21
2023-01-01,P0024,261,53,231047.64
2023-02-01,P0024,275,81,243441.0
2023-03-01,P0024,328,27,290358.72
2023-04-01,P0024,273,76,241670.52
2023-05-01,P0024,340,77,300981.6
2023-06-01,P0024,291,77,257604.84
2023-07-01,P0024,336,27,297440.64
2023-08-01,P0024,258,23,228391.92
2023-09-01,P0024,333,57,294784.92
2023-10-01,P0024,279,38,246981.96
2023-11-01,P0024,329,65,291243.96
2023-12-01,P0024,180,39,159343.2
2024-01-01,P0024,244,79,215998.56
2024-02-01,P0024,372,68,329309.28
2024-03-01,P0024,165,67,146064.6
2024-04-01,P0024,253,61,223965.72
2024-05-01,P0024,321,49,284162.04
2024-06-01,P0024,294,57,260260.56
2024-07-01,P0024,288,35,254949.12
2024-08-01,P0024,272,26,240785.28
2024-09-01,P0024,243,79,215113.32
2024-10-01,P0024,328,56,290358.72
2024-11-01,P0024,291,59,257604.84
2024-12-01,P0024,332,48,293899.68
2025-01-01,P0024,209,26,185015.16
2025-02-01,P0024,330,44,292129.2
2025-03-01,P0024,233,42,206260.92
2025-04-01,P0024,170,22,150490.8
2025-05-01,P0024,237,90,209801.88
2025-06-01,P0024,332,34,293899.68
2025-07-01,P0024,266,53,235473.84
2025-08-01,P0024,210,23,185900.4
2025-09-01,P0024,308,30,272653.92
2025-10-01,P0024,300,86,265572.0
2025-11-01,P0024,331,55,293014.44
2025-12-01,P0024,283,34,250522.92
2023-01-01,P0025,331,71,3035855.87
2023-02-01,P0025,293,58,2687328.61
2023-03-01,P0025,295,43,2705672.15
2023-04-01,P0025,367,38,3366039.59
2023-05-01,P0025,347,45,3182604.19
2023-06-01,P0025,329,67,3017512.33
2023-07-01,P0025,278,74,2549752.06
2023-08-01,P0025,261,23,2393831.97
2023-09-01,P0025,316,64,2898279.32
2023-10-01,P0025,257,46,2357144.89
2023-11-01,P0025,399,73,3659536.23
2023-12-01,P0025,314,40,2879935.78
2024-01-01,P0025,401,58,3677879.77
2024-02-01,P0025,395,85,3622849.15
2024-03-01,P0025,341,82,3127573.57
2024-04-01,P0025,268,61,2458034.36
2024-05-01,P0025,176,56,1614231.52
2024-06-01,P0025,379,85,3476100.83
2024-07-01,P0025,377,41,3457757.29
2024-08-01,P0025,387,57,3549474.99
2024-09-01,P0025,311,86,2852420.47
2024-10-01,P0025,247,76,2265427.19
2024-11-01,P0025,262,34,2403003.74
2024-12-01,P0025,349,39,3200947.73
2025-01-01,P0025,367,73,3366039.59
2025-02-01,P0025,359,50,3292665.43
2025-03-01,P0025,387,56,3549474.99
2025-04-01,P0025,371,40,3402726.67
2025-05-01,P0025,332,73,3045027.64
2025-06-01,P0025,355,78,3255978.35
2025-07-01,P0025,326,38,2989997.02
2025-08-01,P0025,264,54,2421347.28
2025-09-01,P0025,299,47,2742359.23
2025-10-01,P0025,290,81,2659813.3
2025-11-01,P0025,292,31,2678156.84
2025-12-01,P0025,464,57,4255701.28
2023-01-01,P0026,47,85,16676.07
2023-02-01,P0026,46,43,16321.26
2023-03-01,P0026,42,72,14902.02
2023-04-01,P0026,55,71,19514.55
2023-05-01,P0026,51,51,18095.31
2023-06-01,P0026,44,31,15611.64
2023-07-01,P0026,46,90,16321.26
2023-08-01,P0026,58,40,20578.98
2023-09-01,P0026,40,20,14192.4
2023-10-01,P0026,44,33,15611.64
2023-11-01,P0026,51,61,18095.31
2023-12-01,P0026,51,52,18095.31
2024-01-01,P0026,55,57,19514.55
2024-02-01,P0026,42,23,14902.02
2024-03-01,P0026,31,28,10999.11
2024-04-01,P0026,48,58,17030.88
2024-05-01,P0026,44,21,15611.64
2024-06-01,P0026,43,33,15256.83
2024-07-01,P0026,51,62,18095.31
2024-08-01,P0026,25,37,8870.25
2024-09-01,P0026,46,61,16321.26
2024-10-01,P0026,52,27,18450.12
2024-11-01,P0026,50,47,17740.5
2024-12-01,P0026,41,25,14547.21
2025-01-01,P0026,64,26,22707.84
2025-02-01,P0026,54,70,19159.74
2025-03-01,P0026,53,53,18804.93
2025-04-01,P0026,58,69,20578.98
2025-05-01,P0026,49,52,17385.69
2025-06-01,P0026,56,32,19869.36
2025-07-01,P0026,47,83,16676.07
2025-08-01,P0026,49,51,17385.69
2025-09-01,P0026,51,32,18095.31
2025-10-01,P0026,55,45,19514.55
2025-11-01,P0026,41,63,14547.21
2025-12-01,P0026,33,89,11708.73
2023-01-01,P0027,43,56,9244.14
2023-02-01,P0027,50,63,10749.0
2023-03-01,P0027,57,69,12253.86
2023-04-01,P0027,64,80,13758.72
2023-05-01,P0027,63,40,13543.74
2023-06-01,P0027,54,68,11608.92
2023-07-01,P0027,51,87,10963.98
2023-08-01,P0027,52,30,11178.96
2023-09-01,P0027,57,28,12253.86
2023-10-01,P0027,52,32,11178.96
2023-11-01,P0027,44,23,9459.12
2023-12-01,P0027,60,57,12898.8
2024-01-01,P0027,57,29,12253.86
2024-02-01,P0027,60,52,12898.8
2024-03-01,P0027,63,63,13543.74
2024-04-01,P0027,50,29,10749.0
2024-05-01,P0027,38,77,8169.24
2024-06-01,P0027,35,59,7524.3
2024-07-01,P0027,53,27,11393.94
2024-08-01,P0027,63,72,13543.74
2024-09-01,P0027,46,53,9889.08
2024-10-01,P0027,63,75,13543.74
2024-11-01,P0027,35,45,7524.3
2024-12-01,P0027,38,65,8169.24
2025-01-01,P0027,26,30,5589.48
2025-02-01,P0027,44,30,9459.12
2025-03-01,P0027,49,56,10534.02
2025-04-01,P0027,45,21,9674.1
2025-05-01,P0027,47,32,10104.06
2025-06-01,P0027,54,26,11608.92
2025-07-01,P0027,60,86,12898.8
2025-08-01,P0027,47,58,10104.06
2025-09-01,P0027,65,65,13973.7
2025-10-01,P0027,42,47,9029.16
2025-11-01,P0027,46,51,9889.08
2025-12-01,P0027,62,28,13328.76
2023-01-01,P0028,89,60,1264342.9
2023-02-01,P0028,153,67,2173533.3
2023-03-01,P0028,109,76,1548464.9
2023-04-01,P0028,120,30,1704732.0
2023-05-01,P0028,112,79,1591083.2
2023-06-01,P0028,117,58,1662113.7
2023-07-01,P0028,127,50,1804174.7
2023-08-01,P0028,135,72,1917823.5
2023-09-01,P0028,139,63,1974647.9
2023-10-01,P0028,150,61,2130915.0
2023-11-01,P0028,129,48,1832586.9
2023-12-01,P0028,154,37,2187739.4
2024-01-01,P0028,156,51,2216151.6
2024-02-01,P0028,153,39,2173533.3
2024-03-01,P0028,146,76,2074090.6
2024-04-01,P0028,150,49,2130915.0
2024-05-01,P0028,132,44,1875205.2
2024-06-01,P0028,137,78,1946235.7
2024-07-01,P0028,171,35,2429243.1
2024-08-01,P0028,143,87,2031472.3
2024-09-01,P0028,134,21,1903617.4
2024-10-01,P0028,118,43,1676319.8
2024-11-01,P0028,166,63,2358212.6
2024-12-01,P0028,164,25,2329800.4
2025-01-01,P0028,159,36,2258769.9
2025-02-01,P0028,118,39,1676319.8
2025-03-01,P0028,154,74,2187739.4
2025-04-01,P0028,138,70,1960441.8
2025-05-01,P0028,157,66,2230357.7
2025-06-01,P0028,170,38,2415037.0
2025-07-01,P0028,102,89,1449022.2
2025-08-01,P0028,140,41,1988854.0
2025-09-01,P0028,169,71,2400830.9
2025-10-01,P0028,223,56,3167960.3
2025-11-01,P0028,130,89,1846793.0
2025-12-01,P0028,117,33,1662113.7
2023-01-01,P0029,105,35,717068.1
2023-02-01,P0029,219,39,1495599.18
2023-03-01,P0029,167,38,1140479.74
2023-04-01,P0029,123,52,839994.06
2023-05-01,P0029,184,47,1256576.48
2023-06-01,P0029,127,21,867310.94
2023-07-01,P0029,177,53,1208771.94
2023-08-01,P0029,146,68,997066.12
2023-09-01,P0029,168,84,1147308.96
2023-10-01,P0029,181,60,1236088.82
2023-11-01,P0029,177,75,1208771.94
2023-12-01,P0029,112,58,764872.64
2024-01-01,P0029,190,56,1297551.8
2024-02-01,P0029,135,30,921944.7
2024-03-01,P0029,128,44,874140.16
2024-04-01,P0029,130,36,887798.6
2024-05-01,P0029,114,42,778531.08
2024-06-01,P0029,230,27,1570720.6
2024-07-01,P0029,147,81,1003895.34
2024-08-01,P0029,119,29,812677.18
2024-09-01,P0029,193,25,1318039.46
2024-10-01,P0029,129,89,880969.38
2024-11-01,P0029,153,52,1044870.66
2024-12-01,P0029,183,38,1249747.26
2025-01-01,P0029,150,65,1024383.0
2025-02-01,P0029,174,68,1188284.28
2025-03-01,P0029,152,65,1038041.44
2025-04-01,P0029,144,39,983407.68
2025-05-01,P0029,163,89,1113162.86
2025-06-01,P0029,146,56,997066.12
2025-07-01,P0029,176,84,1201942.72
2025-08-01,P0029,147,86,1003895.34
2025-09-01,P0029,126,34,860481.72
2025-10-01,P0029,197,65,1345356.34
2025-11-01,P0029,176,27,1201942.72
2025-12-01,P0029,131,75,894627.82
2023-01-01,P0030,309,28,2444427.93
2023-02-01,P0030,428,36,3385809.56
2023-03-01,P0030,410,39,3243415.7
2023-04-01,P0030,452,42,3575668.04
2023-05-01,P0030,203,29,1605886.31
2023-06-01,P0030,386,53,3053557.22
2023-07-01,P0030,527,41,4168975.79
2023-08-01,P0030,287,70,2270390.99
2023-09-01,P0030,304,59,2404874.08
2023-10-01,P0030,466,86,3686418.82
2023-11-01,P0030,498,55,3939563.46
2023-12-01,P0030,401,79,3172218.77
2024-01-01,P0030,444,73,3512381.88
2024-02-01,P0030,353,53,2792501.81
2024-03-01,P0030,424,28,3354166.48
2024-04-01,P0030,459,79,3631043.43
2024-05-01,P0030,321,50,2539357.17
2024-06-01,P0030,291,30,2302034.07
2024-07-01,P0030,360,54,2847877.2
2024-08-01,P0030,451,32,3567757.27
2024-09-01,P0030,458,27,3623132.66
2024-10-01,P0030,293,84,2317855.61
2024-11-01,P0030,528,87,4176886.56
2024-12-01,P0030,467,82,3694329.59
2025-01-01,P0030,405,88,3203861.85
2025-02-01,P0030,316,48,2499803.32
2025-03-01,P0030,448,59,3544024.96
2025-04-01,P0030,329,71,2602643.33
2025-05-01,P0030,359,32,2839966.43
2025-06-01,P0030,376,90,2974449.52
2025-07-01,P0030,391,85,3093111.07
2025-08-01,P0030,447,59,3536114.19
2025-09-01,P0030,382,64,3021914.14
2025-10-01,P0030,432,43,3417452.64
2025-11-01,P0030,269,52,2127997.13
2025-12-01,P0030,496,51,3923741.92
2023-01-01,P0031,224,60,110617.92
2023-02-01,P0031,196,38,96790.68
2023-03-01,P0031,195,58,96296.85
2023-04-01,P0031,177,49,87407.91
2023-05-01,P0031,192,71,94815.36
2023-06-01,P0031,159,85,78518.97
2023-07-01,P0031,176,20,86914.08
2023-08-01,P0031,186,30,91852.38
2023-09-01,P0031,128,82,63210.24
2023-10-01,P0031,229,27,113087.07
2023-11-01,P0031,189,90,93333.87
2023-12-01,P0031,203,46,100247.49
2024-01-01,P0031,180,89,88889.4
2024-02-01,P0031,200,79,98766.0
2024-03-01,P0031,134,80,66173.22
2024-04-01,P0031,220,21,108642.6
2024-05-01,P0031,127,24,62716.41
2024-06-01,P0031,160,54,79012.8
2024-07-01,P0031,212,21,104691.96
2024-08-01,P0031,235,89,116050.05
2024-09-01,P0031,238,62,117531.54
2024-10-01,P0031,214,44,105679.62
2024-11-01,P0031,194,43,95803.02
2024-12-01,P0031,261,34,128889.63
2025-01-01,P0031,192,80,94815.36
2025-02-01,P0031,161,65,79506.63
2025-03-01,P0031,163,79,80494.29
2025-04-01,P0031,158,65,78025.14
2025-05-01,P0031,184,28,90864.72
2025-06-01,P0031,201,56,99259.83
2025-07-01,P0031,149,71,73580.67
2025-08-01,P0031,144,67,71111.52
2025-09-01,P0031,174,55,85926.42
2025-10-01,P0031,189,68,93333.87
2025-11-01,P0031,175,21,86420.25
2025-12-01,P0031,159,83,78518.97
2023-01-01,P0032,226,88,184330.12
2023-02-01,P0032,246,38,200642.52
2023-03-01,P0032,197,45,160677.14
2023-04-01,P0032,269,33,219401.78
2023-05-01,P0032,281,57,229189.22
2023-06-01,P0032,211,66,172095.82
2023-07-01,P0032,148,77,120711.76
2023-08-01,P0032,262,75,213692.44
2023-09-01,P0032,206,35,168017.72
2023-10-01,P0032,298,34,243054.76
2023-11-01,P0032,280,26,228373.6
2023-12-01,P0032,160,39,130499.2
2024-01-01,P0032,235,43,191670.7
2024-02-01,P0032,249,65,203089.38
2024-03-01,P0032,211,30,172095.82
2024-04-01,P0032,276,57,225111.12
2024-05-01,P0032,154,57,125605.48
2024-06-01,P0032,216,71,176173.92
2024-07-01,P0032,234,55,190855.08
2024-08-01,P0032,326,89,265892.12
2024-09-01,P0032,239,58,194933.18
2024-10-01,P0032,203,31,165570.86
2024-11-01,P0032,284,48,231636.08
2024-12-01,P0032,179,41,145995.98
2025-01-01,P0032,201,74,163939.62
2025-02-01,P0032,262,77,213692.44
2025-03-01,P0032,259,28,211245.58
2025-04-01,P0032,194,81,158230.28
2025-05-01,P0032,291,50,237345.42
2025-06-01,P0032,242,42,197380.04
2025-07-01,P0032,332,88,270785.84
2025-08-01,P0032,261,67,212876.82
2025-09-01,P0032,244,85,199011.28
2025-10-01,P0032,307,71,250395.34
2025-11-01,P0032,238,54,194117.56
2025-12-01,P0032,229,43,186776.98
2023-01-01,P0033,223,28,189846.59
2023-02-01,P0033,300,61,255399.0
2023-03-01,P0033,342,77,291154.86
2023-04-01,P0033,198,24,168563.34
2023-05-01,P0033,271,34,230710.43
2023-06-01,P0033,233,68,198359.89
2023-07-01,P0033,327,50,278384.91
2023-08-01,P0033,332,57,282641.56
2023-09-01,P0033,306,48,260506.98
2023-10-01,P0033,182,70,154942.06
2023-11-01,P0033,211,71,179630.63
2023-12-01,P0033,234,60,199211.22
2024-01-01,P0033,230,33,195805.9
2024-02-01,P0033,251,30,213683.83
2024-03-01,P0033,306,36,260506.98
2024-04-01,P0033,297,36,252845.01
2024-05-01,P0033,231,80,196657.23
2024-06-01,P0033,253,59,215386.49
2024-07-01,P0033,316,77,269020.28
2024-08-01,P0033,272,46,231561.76
2024-09-01,P0033,272,28,231561.76
2024-10-01,P0033,325,87,276682.25
2024-11-01,P0033,224,81,190697.92
2024-12-01,P0033,346,56,294560.18
2025-01-01,P0033,300,23,255399.0
2025-02-01,P0033,302,71,257101.66
2025-03-01,P0033,219,37,186441.27
2025-04-01,P0033,318,33,270722.94
2025-05-01,P0033,302,64,257101.66
2025-06-01,P0033,248,37,211129.84
2025-07-01,P0033,260,83,221345.8
2025-08-01,P0033,239,51,203467.87
2025-09-01,P0033,217,89,184738.61
2025-10-01,P0033,216,31,183887.28
2025-11-01,P0033,205,89,174522.65
2025-12-01,P0033,258,66,219643.14
2023-01-01,P0034,209,71,1325371.41
2023-02-01,P0034,213,62,1350737.37
2023-03-01,P0034,236,59,1496591.64
2023-04-01,P0034,142,67,900491.58
2023-05-01,P0034,236,77,1496591.64
2023-06-01,P0034,253,32,1604396.97
2023-07-01,P0034,219,83,1388786.31
2023-08-01,P0034,240,66,1521957.6
2023-09-01,P0034,163,41,1033662.87
2023-10-01,P0034,218,71,1382444.82
2023-11-01,P0034,252,31,1598055.48
2023-12-01,P0034,269,54,1705860.81
2024-01-01,P0034,225,40,1426835.25
2024-02-01,P0034,204,43,1293663.96
2024-03-01,P0034,203,25,1287322.47
2024-04-01,P0034,198,76,1255615.02
2024-05-01,P0034,205,84,1300005.45
2024-06-01,P0034,215,42,1363420.35
2024-07-01,P0034,207,82,1312688.43
2024-08-01,P0034,193,48,1223907.57
2024-09-01,P0034,209,24,1325371.41
2024-10-01,P0034,180,79,1141468.2
2024-11-01,P0034,231,39,1464884.19
2024-12-01,P0034,181,38,1147809.69
2025-01-01,P0034,159,24,1008296.91
2025-02-01,P0034,166,78,1052687.34
2025-03-01,P0034,228,22,1445859.72
2025-04-01,P0034,160,65,1014638.4
2025-05-01,P0034,211,45,1338054.39
2025-06-01,P0034,249,52,1579031.01
2025-07-01,P0034,206,42,1306346.94
2025-08-01,P0034,254,20,1610738.46
2025-09-01,P0034,202,39,1280980.98
2025-10-01,P0034,132,74,837076.68
2025-11-01,P0034,194,49,1230249.06
2025-12-01,P0034,228,56,1445859.72
2023-01-01,P0035,434,68,1169998.9
2023-02-01,P0035,363,25,978593.55
2023-03-01,P0035,380,82,1024423.0
2023-04-01,P0035,452,22,1218524.2
2023-05-01,P0035,392,86,1056773.2
2023-06-01,P0035,238,62,641612.3
2023-07-01,P0035,271,32,730575.35
2023-08-01,P0035,353,58,951635.05
2023-09-01,P0035,367,30,989376.95
2023-10-01,P0035,492,41,1326358.2
2023-11-01,P0035,443,31,1194261.55
2023-12-01,P0035,314,24,846496.9
2024-01-01,P0035,367,48,989376.95
2024-02-01,P0035,344,35,927372.4
2024-03-01,P0035,507,60,1366795.95
2024-04-01,P0035,261,61,703616.85
2024-05-01,P0035,369,46,994768.65
2024-06-01,P0035,308,90,830321.8
2024-07-01,P0035,307,44,827625.95
2024-08-01,P0035,436,34,1175390.6
2024-09-01,P0035,271,68,730575.35
2024-10-01,P0035,319,35,859976.15
2024-11-01,P0035,381,65,1027118.85
2024-12-01,P0035,433,50,1167303.05
2025-01-01,P0035,438,25,1180782.3
2025-02-01,P0035,455,86,1226611.75
2025-03-01,P0035,401,45,1081035.85
2025-04-01,P0035,300,26,808755.0
2025-05-01,P0035,434,40,1169998.9
2025-06-01,P0035,353,40,951635.05
2025-07-01,P0035,501,46,1350620.85
2025-08-01,P0035,412,76,1110690.2
2025-09-01,P0035,385,81,1037902.25
2025-10-01,P0035,358,72,965114.3
2025-11-01,P0035,290,59,781796.5
2025-12-01,P0035,339,54,913893.15
2023-01-01,P0036,171,31,1489353.57
2023-02-01,P0036,137,42,1193224.79
2023-03-01,P0036,131,20,1140966.77
2023-04-01,P0036,119,36,1036450.73
2023-05-01,P0036,158,49,1376127.86
2023-06-01,P0036,159,77,1384837.53
2023-07-01,P0036,133,34,1158386.11
2023-08-01,P0036,168,82,1463224.56
2023-09-01,P0036,144,26,1254192.48
2023-10-01,P0036,79,48,688063.93
2023-11-01,P0036,175,66,1524192.25
2023-12-01,P0036,159,56,1384837.53
2024-01-01,P0036,109,85,949354.03
2024-02-01,P0036,118,20,1027741.06
2024-03-01,P0036,178,81,1550321.26
2024-04-01,P0036,92,29,801289.64
2024-05-01,P0036,143,50,1245482.81
2024-06-01,P0036,122,35,1062579.74
2024-07-01,P0036,173,70,1506772.91
2024-08-01,P0036,86,52,749031.62
2024-09-01,P0036,136,27,1184515.12
2024-10-01,P0036,152,81,1323869.84
2024-11-01,P0036,121,69,1053870.07
2024-12-01,P0036,124,23,1079999.08
2025-01-01,P0036,186,29,1619998.62
2025-02-01,P0036,144,60,1254192.48
2025-03-01,P0036,165,25,1437095.55
2025-04-01,P0036,121,22,1053870.07
2025-05-01,P0036,156,59,1358708.52
2025-06-01,P0036,139,48,1210644.13
2025-07-01,P0036,157,87,1367418.19
2025-08-01,P0036,96,66,836128.32
2025-09-01,P0036,102,43,888386.34
2025-10-01,P0036,136,86,1184515.12
2025-11-01,P0036,159,73,1384837.53
2025-12-01,P0036,138,31,1201934.46
2023-01-01,P0037,152,34,305977.52
2023-02-01,P0037,164,46,330133.64
2023-03-01,P0037,189,37,380458.89
2023-04-01,P0037,155,81,312016.55
2023-05-01,P0037,214,23,430784.14
2023-06-01,P0037,109,58,219418.09
2023-07-01,P0037,164,51,330133.64
2023-08-01,P0037,176,33,354289.76
2023-09-01,P0037,142,76,285847.42
2023-10-01,P0037,153,90,307990.53
2023-11-01,P0037,194,44,390523.94
2023-12-01,P0037,123,24,247600.23
2024-01-01,P0037,159,44,320068.59
2024-02-01,P0037,169,36,340198.69
2024-03-01,P0037,184,46,370393.84
2024-04-01,P0037,171,33,344224.71
2024-05-01,P0037,165,35,332146.65
2024-06-01,P0037,123,26,247600.23
2024-07-01,P0037,140,46,281821.4
2024-08-01,P0037,196,85,394549.96
2024-09-01,P0037,183,80,368380.83
2024-10-01,P0037,147,88,295912.47
2024-11-01,P0037,210,31,422732.1
2024-12-01,P0037,198,43,398575.98
2025-01-01,P0037,143,66,287860.43
2025-02-01,P0037,162,69,326107.62
2025-03-01,P0037,123,60,247600.23
2025-04-01,P0037,154,69,310003.54
2025-05-01,P0037,208,45,418706.08
2025-06-01,P0037,187,66,376432.87
2025-07-01,P0037,148,82,297925.48
2025-08-01,P0037,201,39,404615.01
2025-09-01,P0037,169,47,340198.69
2025-10-01,P0037,186,29,374419.86
2025-11-01,P0037,150,43,301951.5
2025-12-01,P0037,117,44,235522.17
2023-01-01,P0038,204,84,34516.8
2023-02-01,P0038,167,43,28256.4
2023-03-01,P0038,294,81,49744.8
2023-04-01,P0038,320,62,54144.0
2023-05-01,P0038,268,75,45345.6
2023-06-01,P0038,233,86,39423.6
2023-07-01,P0038,300,89,50760.0
2023-08-01,P0038,258,71,43653.6
2023-09-01,P0038,222,56,37562.4
2023-10-01,P0038,261,82,44161.2
2023-11-01,P0038,220,29,37224.0
2023-12-01,P0038,280,56,47376.0
2024-01-01,P0038,156,52,26395.2
2024-02-01,P0038,252,76,42638.4
2024-03-01,P0038,277,55,46868.4
2024-04-01,P0038,260,70,43992.0
2024-05-01,P0038,255,41,43146.0
2024-06-01,P0038,148,51,25041.6
2024-07-01,P0038,196,78,33163.2
2024-08-01,P0038,295,70,49914.0
2024-09-01,P0038,198,23,33501.6
2024-10-01,P0038,331,31,56005.2
2024-11-01,P0038,257,83,43484.4
2024-12-01,P0038,310,59,52452.0
2025-01-01,P0038,209,51,35362.8
2025-02-01,P0038,178,53,30117.6
2025-03-01,P0038,242,48,40946.4
2025-04-01,P0038,209,46,35362.8
2025-05-01,P0038,287,83,48560.4
2025-06-01,P0038,303,88,51267.6
2025-07-01,P0038,352,21,59558.4
2025-08-01,P0038,322,54,54482.4
2025-09-01,P0038,236,88,39931.2
2025-10-01,P0038,299,20,50590.8
2025-11-01,P0038,279,77,47206.8
2025-12-01,P0038,261,38,44161.2
2023-01-01,P0039,236,46,46121.48
2023-02-01,P0039,329,33,64296.47
2023-03-01,P0039,400,38,78172.0
2023-04-01,P0039,254,39,49639.22
2023-05-01,P0039,358,84,69963.94
2023-06-01,P0039,275,69,53743.25
2023-07-01,P0039,382,47,74654.26
2023-08-01,P0039,286,60,55892.98
2023-09-01,P0039,347,31,67814.21
2023-10-01,P0039,423,38,82666.89
2023-11-01,P0039,366,20,71527.38
2023-12-01,P0039,424,52,82862.32
2024-01-01,P0039,295,40,57651.85
2024-02-01,P0039,412,67,80517.16
2024-03-01,P0039,262,73,51202.66
2024-04-01,P0039,412,51,80517.16
2024-05-01,P0039,413,58,80712.59
2024-06-01,P0039,303,58,59215.29
2024-07-01,P0039,356,44,69573.08
2024-08-01,P0039,229,28,44753.47
2024-09-01,P0039,334,43,65273.62
2024-10-01,P0039,402,35,78562.86
2024-11-01,P0039,329,74,64296.47
2024-12-01,P0039,404,23,78953.72
2025-01-01,P0039,365,27,71331.95
2025-02-01,P0039,337,79,65859.91
2025-03-01,P0039,279,45,54524.97
2025-04-01,P0039,360,69,70354.8
2025-05-01,P0039,289,23,56479.27
2025-06-01,P0039,228,70,44558.04
2025-07-01,P0039,295,89,57651.85
2025-08-01,P0039,437,39,85402.91
2025-09-01,P0039,297,90,58042.71
2025-10-01,P0039,320,78,62537.6
2025-11-01,P0039,438,22,85598.34
2025-12-01,P0039,359,22,70159.37
2023-01-01,P0040,514,81,1417807.32
2023-02-01,P0040,366,70,1009567.08
2023-03-01,P0040,456,42,1257821.28
2023-04-01,P0040,371,62,1023358.98
2023-05-01,P0040,430,72,1186103.4
2023-06-01,P0040,487,42,1343331.06
2023-07-01,P0040,364,33,1004050.32
2023-08-01,P0040,301,55,830272.38
2023-09-01,P0040,464,43,1279888.32
2023-10-01,P0040,356,69,981983.28
2023-11-01,P0040,381,30,1050942.78
2023-12-01,P0040,388,56,1070251.44
2024-01-01,P0040,364,40,1004050.32
2024-02-01,P0040,250,65,689595.0
2024-03-01,P0040,487,28,1343331.06
2024-04-01,P0040,362,56,998533.56
2024-05-01,P0040,404,85,1114385.52
2024-06-01,P0040,445,72,1227479.1
2024-07-01,P0040,358,83,987500.04
2024-08-01,P0040,287,63,791655.06
2024-09-01,P0040,382,68,1053701.16
2024-10-01,P0040,349,89,962674.62
2024-11-01,P0040,263,47,725453.94
2024-12-01,P0040,464,70,1279888.32
2025-01-01,P0040,288,46,794413.44
2025-02-01,P0040,353,45,973708.14
2025-03-01,P0040,420,51,1158519.6
2025-04-01,P0040,246,30,678561.48
2025-05-01,P0040,315,51,868889.7
2025-06-01,P0040,297,45,819238.86
2025-07-01,P0040,445,50,1227479.1
2025-08-01,P0040,441,89,1216445.58
2025-09-01,P0040,457,42,1260579.66
2025-10-01,P0040,350,58,965433.0
2025-11-01,P0040,386,68,1064734.68
2025-12-01,P0040,458,69,1263338.04
2023-01-01,P0041,43,44,366911.69
2023-02-01,P0041,61,82,520502.63
2023-03-01,P0041,43,51,366911.69
2023-04-01,P0041,58,37,494904.14
2023-05-01,P0041,60,90,511969.8
2023-06-01,P0041,57,40,486371.31
2023-07-01,P0041,56,27,477838.48
2023-08-01,P0041,59,34,503436.97
2023-09-01,P0041,52,60,443707.16
2023-10-01,P0041,37,64,315714.71
2023-11-01,P0041,41,26,349846.03
2023-12-01,P0041,42,75,358378.86
2024-01-01,P0041,46,83,392510.18
2024-02-01,P0041,42,65,358378.86
2024-03-01,P0041,59,41,503436.97
2024-04-01,P0041,33,22,281583.39
2024-05-01,P0041,41,35,349846.03
2024-06-01,P0041,36,87,307181.88
2024-07-01,P0041,36,73,307181.88
2024-08-01,P0041,51,24,435174.33
2024-09-01,P0041,38,50,324247.54
2024-10-01,P0041,50,38,426641.5
2024-11-01,P0041,58,34,494904.14
2024-12-01,P0041,47,59,401043.01
2025-01-01,P0041,55,59,469305.65
2025-02-01,P0041,53,71,452239.99
2025-03-01,P0041,52,60,443707.16
2025-04-01,P0041,64,52,546101.12
2025-05-01,P0041,42,56,358378.86
2025-06-01,P0041,39,87,332780.37
2025-07-01,P0041,64,70,546101.12
2025-08-01,P0041,45,24,383977.35
2025-09-01,P0041,46,70,392510.18
2025-10-01,P0041,49,63,418108.67
2025-11-01,P0041,63,41,537568.29
2025-12-01,P0041,47,41,401043.01
2023-01-01,P0042,184,40,1254979.36
2023-02-01,P0042,265,27,1807443.1
2023-03-01,P0042,344,58,2346265.76
2023-04-01,P0042,261,51,1780160.94
2023-05-01,P0042,320,87,2182572.8
2023-06-01,P0042,345,29,2353086.3
2023-07-01,P0042,218,57,1486877.72
2023-08-01,P0042,245,31,1671032.3
2023-09-01,P0042,265,39,1807443.1
2023-10-01,P0042,264,28,1800622.56
2023-11-01,P0042,309,55,2107546.86
2023-12-01,P0042,255,66,1739237.7
2024-01-01,P0042,240,62,1636929.6
2024-02-01,P0042,263,73,1793802.02
2024-03-01,P0042,210,73,1432313.4
2024-04-01,P0042,228,57,1555083.12
2024-05-01,P0042,318,55,2168931.72
2024-06-01,P0042,261,66,1780160.94
2024-07-01,P0042,321,80,2189393.34
2024-08-01,P0042,258,78,1759699.32
2024-09-01,P0042,317,39,2162111.18
2024-10-01,P0042,329,26,2243957.66
2024-11-01,P0042,262,20,1786981.48
2024-12-01,P0042,367,22,2503138.18
2025-01-01,P0042,310,67,2114367.4
2025-02-01,P0042,286,22,1950674.44
2025-03-01,P0042,278,85,1896110.12
2025-04-01,P0042,277,25,1889289.58
2025-05-01,P0042,285,53,1943853.9
2025-06-01,P0042,249,65,1698314.46
2025-07-01,P0042,127,88,866208.58
2025-08-01,P0042,320,65,2182572.8
2025-09-01,P0042,294,55,2005238.76
2025-10-01,P0042,302,39,2059803.08
2025-11-01,P0042,275,84,1875648.5
2025-12-01,P0042,193,62,1316364.22
2023-01-01,P0043,115,47,705237.5
2023-02-01,P0043,157,31,962802.5
2023-03-01,P0043,100,61,613250.0
2023-04-01,P0043,177,88,1085452.5
2023-05-01,P0043,87,86,533527.5
2023-06-01,P0043,144,44,883080.0
2023-07-01,P0043,131,36,803357.5
2023-08-01,P0043,130,38,797225.0
2023-09-01,P0043,128,58,784960.0
2023-10-01,P0043,122,40,748165.0
2023-11-01,P0043,148,90,907610.0
2023-12-01,P0043,105,53,643912.5
2024-01-01,P0043,138,76,846285.0
2024-02-01,P0043,114,46,699105.0
2024-03-01,P0043,136,88,834020.0
2024-04-01,P0043,116,69,711370.0
2024-05-01,P0043,140,73,858550.0
2024-06-01,P0043,101,70,619382.5
2024-07-01,P0043,121,28,742032.5
2024-08-01,P0043,125,73,766562.5
2024-09-01,P0043,187,23,1146777.5
2024-10-01,P0043,138,29,846285.0
2024-11-01,P0043,125,24,766562.5
2024-12-01,P0043,138,79,846285.0
2025-01-01,P0043,113,59,692972.5
2025-02-01,P0043,155,64,950537.5
2025-03-01,P0043,138,21,846285.0
2025-04-01,P0043,145,89,889212.5
2025-05-01,P0043,133,65,815622.5
2025-06-01,P0043,141,53,864682.5
2025-07-01,P0043,136,31,834020.0
2025-08-01,P0043,121,66,742032.5
2025-09-01,P0043,170,80,1042525.0
2025-10-01,P0043,122,65,748165.0
2025-11-01,P0043,141,71,864682.5
2025-12-01,P0043,118,28,723635.0
2023-01-01,P0044,301,61,3066196.7
2023-02-01,P0044,259,80,2638355.3
2023-03-01,P0044,357,43,3636651.9
2023-04-01,P0044,249,33,2536488.3
2023-05-01,P0044,301,81,3066196.7
2023-06-01,P0044,266,86,2709662.2
2023-07-01,P0044,422,54,4298787.4
2023-08-01,P0044,350,20,3565345.0
2023-09-01,P0044,409,39,4166360.3
2023-10-01,P0044,346,68,3524598.2
2023-11-01,P0044,321,71,3269930.7
2023-12-01,P0044,407,82,4145986.9
2024-01-01,P0044,362,71,3687585.4
2024-02-01,P0044,353,60,3595905.1
2024-03-01,P0044,271,55,2760595.7
2024-04-01,P0044,368,48,3748705.6
2024-05-01,P0044,304,87,3096756.8
2024-06-01,P0044,239,84,2434621.3
2024-07-01,P0044,402,61,4095053.4
2024-08-01,P0044,261,44,2658728.7
2024-09-01,P0044,296,84,3015263.2
2024-10-01,P0044,315,24,3208810.5
2024-11-01,P0044,216,61,2200327.2
2024-12-01,P0044,315,45,3208810.5
2025-01-01,P0044,394,45,4013559.8
2025-02-01,P0044,338,53,3443104.6
2025-03-01,P0044,349,47,3555158.3
2025-04-01,P0044,182,39,1853979.4
2025-05-01,P0044,290,68,2954143.0
2025-06-01,P0044,226,63,2302194.2
2025-07-01,P0044,183,84,1864166.1
2025-08-01,P0044,342,90,3483851.4
2025-09-01,P0044,329,43,3351424.3
2025-10-01,P0044,311,80,3168063.7
2025-11-01,P0044,233,72,2373501.1
2025-12-01,P0044,309,84,3147690.3
2023-01-01,P0045,265,35,336014.7
2023-02-01,P0045,306,64,388001.88
2023-03-01,P0045,315,21,399413.7
2023-04-01,P0045,283,88,358838.34
2023-05-01,P0045,348,84,441257.04
2023-06-01,P0045,313,65,396877.74
2023-07-01,P0045,366,26,464080.68
2023-08-01,P0045,203,26,257399.94
2023-09-01,P0045,276,41,349962.48
2023-10-01,P0045,382,26,484368.36
2023-11-01,P0045,273,82,346158.54
2023-12-01,P0045,323,77,409557.54
2024-01-01,P0045,367,73,465348.66
2024-02-01,P0045,343,65,434917.14
2024-03-01,P0045,328,89,415897.44
2024-04-01,P0045,359,37,455204.82
2024-05-01,P0045,266,88,337282.68
2024-06-01,P0045,206,26,261203.88
2024-07-01,P0045,311,78,394341.78
2024-08-01,P0045,283,38,358838.34
2024-09-01,P0045,306,83,388001.88
2024-10-01,P0045,263,50,333478.74
2024-11-01,P0045,419,67,531283.62
2024-12-01,P0045,211,89,267543.78
2025-01-01,P0045,282,75,357570.36
2025-02-01,P0045,224,76,284027.52
2025-03-01,P0045,427,58,541427.46
2025-04-01,P0045,277,38,351230.46
2025-05-01,P0045,400,86,507192.0
2025-06-01,P0045,390,24,494512.2
2025-07-01,P0045,296,63,375322.08
2025-08-01,P0045,364,86,461544.72
2025-09-01,P0045,349,87,442525.02
2025-10-01,P0045,350,75,443793.0
2025-11-01,P0045,295,33,374054.1
2025-12-01,P0045,319,62,404485.62
2023-01-01,P0046,65,44,230449.7
2023-02-01,P0046,48,20,170178.24
2023-03-01,P0046,51,31,180814.38
2023-04-01,P0046,47,50,166632.86
2023-05-01,P0046,40,80,141815.2
2023-06-01,P0046,55,30,194995.9
2023-07-01,P0046,31,41,109906.78
2023-08-01,P0046,61,88,216268.18
2023-09-01,P0046,39,50,138269.82
2023-10-01,P0046,45,83,159542.1
2023-11-01,P0046,51,24,180814.38
2023-12-01,P0046,47,25,166632.86
2024-01-01,P0046,54,22,191450.52
2024-02-01,P0046,56,39,198541.28
2024-03-01,P0046,38,82,134724.44
2024-04-01,P0046,50,44,177269.0
2024-05-01,P0046,43,74,152451.34
2024-06-01,P0046,59,48,209177.42
2024-07-01,P0046,67,78,237540.46
2024-08-01,P0046,53,48,187905.14
2024-09-01,P0046,31,63,109906.78
2024-10-01,P0046,52,89,184359.76
2024-11-01,P0046,38,56,134724.44
2024-12-01,P0046,50,52,177269.0
2025-01-01,P0046,59,31,209177.42
2025-02-01,P0046,38,53,134724.44
2025-03-01,P0046,55,50,194995.9
2025-04-01,P0046,57,79,202086.66
2025-05-01,P0046,43,39,152451.34
2025-06-01,P0046,22,63,77998.36
2025-07-01,P0046,58,84,205632.04
2025-08-01,P0046,46,52,163087.48
2025-09-01,P0046,50,55,177269.0
2025-10-01,P0046,57,33,202086.66
2025-11-01,P0046,58,37,205632.04
2025-12-01,P0046,39,37,138269.82
2023-01-01,P0047,296,38,997641.36
2023-02-01,P0047,251,89,845972.91
2023-03-01,P0047,319,62,1075160.79
2023-04-01,P0047,343,24,1156050.63
2023-05-01,P0047,315,42,1061679.15
2023-06-01,P0047,319,81,1075160.79
2023-07-01,P0047,255,55,859454.55
2023-08-01,P0047,273,53,920121.93
2023-09-01,P0047,378,26,1274014.98
2023-10-01,P0047,304,72,1024604.64
2023-11-01,P0047,322,24,1085272.02
2023-12-01,P0047,319,70,1075160.79
2024-01-01,P0047,309,77,1041456.69
2024-02-01,P0047,265,86,893158.65
2024-03-01,P0047,277,50,933603.57
2024-04-01,P0047,307,79,1034715.87
2024-05-01,P0047,208,25,701045.28
2024-06-01,P0047,303,49,1021234.23
2024-07-01,P0047,258,45,869565.78
2024-08-01,P0047,331,69,1115605.71
2024-09-01,P0047,352,83,1186384.32
2024-10-01,P0047,399,73,1344793.59
2024-11-01,P0047,437,78,1472869.17
2024-12-01,P0047,342,32,1152680.22
2025-01-01,P0047,260,42,876306.6
2025-02-01,P0047,312,38,1051567.92
2025-03-01,P0047,182,44,613414.62
2025-04-01,P0047,338,78,1139198.58
2025-05-01,P0047,225,48,758342.25
2025-06-01,P0047,352,37,1186384.32
2025-07-01,P0047,349,40,1176273.09
2025-08-01,P0047,228,24,768453.48
2025-09-01,P0047,301,46,1014493.41
2025-10-01,P0047,192,27,647118.72
2025-11-01,P0047,219,79,738119.79
2025-12-01,P0047,308,67,1038086.28
2023-01-01,P0048,59,66,93899.09
2023-02-01,P0048,35,80,55702.85
2023-03-01,P0048,60,27,95490.6
2023-04-01,P0048,51,37,81167.01
2023-05-01,P0048,45,74,71617.95
2023-06-01,P0048,32,74,50928.32
2023-07-01,P0048,34,25,54111.34
2023-08-01,P0048,47,80,74800.97
2023-09-01,P0048,38,24,60477.38
2023-10-01,P0048,38,42,60477.38
2023-11-01,P0048,41,86,65251.91
2023-12-01,P0048,31,25,49336.81
2024-01-01,P0048,42,78,66843.42
2024-02-01,P0048,37,90,58885.87
2024-03-01,P0048,52,30,82758.52
2024-04-01,P0048,48,40,76392.48
2024-05-01,P0048,39,30,62068.89
2024-06-01,P0048,55,71,87533.05
2024-07-01,P0048,52,23,82758.52
2024-08-01,P0048,43,59,68434.93
2024-09-01,P0048,30,24,47745.3
2024-10-01,P0048,44,35,70026.44
2024-11-01,P0048,51,40,81167.01
2024-12-01,P0048,52,73,82758.52
2025-01-01,P0048,41,63,65251.91
2025-02-01,P0048,46,26,73209.46
2025-03-01,P0048,53,24,84350.03
2025-04-01,P0048,43,49,68434.93
2025-05-01,P0048,39,28,62068.89
2025-06-01,P0048,51,66,81167.01
2025-07-01,P0048,49,68,77983.99
2025-08-01,P0048,43,89,68434.93
2025-09-01,P0048,51,45,81167.01
2025-10-01,P0048,37,59,58885.87
2025-11-01,P0048,45,46,71617.95
2025-12-01,P0048,39,55,62068.89
2023-01-01,P0049,295,32,1050090.85
2023-02-01,P0049,262,35,932623.06
2023-03-01,P0049,182,46,647852.66
2023-04-01,P0049,333,60,1185356.79
2023-05-01,P0049,299,33,1064329.37
2023-06-01,P0049,292,44,1039411.96
2023-07-01,P0049,281,65,1000256.03
2023-08-01,P0049,330,38,1174677.9
2023-09-01,P0049,282,83,1003815.66
2023-10-01,P0049,201,53,715485.63
2023-11-01,P0049,269,69,957540.47
2023-12-01,P0049,252,90,897026.76
2024-01-01,P0049,239,32,850751.57
2024-02-01,P0049,326,74,1160439.38
2024-03-01,P0049,359,39,1277907.17
2024-04-01,P0049,295,20,1050090.85
2024-05-01,P0049,234,39,832953.42
2024-06-01,P0049,339,75,1206714.57
2024-07-01,P0049,172,86,612256.36
2024-08-01,P0049,253,84,900586.39
2024-09-01,P0049,280,47,996696.4
2024-10-01,P0049,197,76,701247.11
2024-11-01,P0049,225,31,800916.75
2024-12-01,P0049,237,64,843632.31
2025-01-01,P0049,302,81,1075008.26
2025-02-01,P0049,269,31,957540.47
2025-03-01,P0049,263,54,936182.69
2025-04-01,P0049,243,22,864990.09
2025-05-01,P0049,286,71,1018054.18
2025-06-01,P0049,318,41,1131962.34
2025-07-01,P0049,255,58,907705.65
2025-08-01,P0049,304,83,1082127.52
2025-09-01,P0049,309,35,1099925.67
2025-10-01,P0049,246,34,875668.98
2025-11-01,P0049,276,38,982457.88
2025-12-01,P0049,300,51,1067889.0
2023-01-01,P0050,184,32,947918.32
2023-02-01,P0050,223,79,1148835.79
2023-03-01,P0050,227,49,1169442.71
2023-04-01,P0050,167,63,860338.91
2023-05-01,P0050,183,62,942766.59
2023-06-01,P0050,182,82,937614.86
2023-07-01,P0050,173,39,891249.29
2023-08-01,P0050,256,59,1318842.88
2023-09-01,P0050,216,56,1112773.68
2023-10-01,P0050,228,44,1174594.44
2023-11-01,P0050,337,78,1736133.01
2023-12-01,P0050,159,69,819125.07
2024-01-01,P0050,230,44,1184897.9
2024-02-01,P0050,142,28,731545.66
2024-03-01,P0050,176,45,906704.48
2024-04-01,P0050,234,29,1205504.82
2024-05-01,P0050,180,27,927311.4
2024-06-01,P0050,250,89,1287932.5
2024-07-01,P0050,175,67,901552.75
2024-08-01,P0050,242,64,1246718.66
2024-09-01,P0050,266,75,1370360.18
2024-10-01,P0050,207,25,1066408.11
2024-11-01,P0050,230,59,1184897.9
2024-12-01,P0050,242,30,1246718.66
2025-01-01,P0050,270,83,1390967.1
2025-02-01,P0050,192,70,989132.16
2025-03-01,P0050,222,64,1143684.06
2025-04-01,P0050,332,57,1710374.36
2025-05-01,P0050,219,58,1128228.87
2025-06-01,P0050,238,28,1226111.74
2025-07-01,P0050,239,77,1231263.47
2025-08-01,P0050,203,80,1045801.19
2025-09-01,P0050,143,76,736697.39
2025-10-01,P0050,236,67,1215808.28
2025-11-01,P0050,160,88,824276.8
2025-12-01,P0050,240,37,1236415.2
2023-01-01,P0051,146,32,1040911.38
2023-02-01,P0051,152,74,1083688.56
2023-03-01,P0051,151,62,1076559.03
2023-04-01,P0051,140,88,998134.2
2023-05-01,P0051,160,73,1140724.8
2023-06-01,P0051,120,54,855543.6
2023-07-01,P0051,167,78,1190631.51
2023-08-01,P0051,108,25,769989.24
2023-09-01,P0051,161,42,1147854.33
2023-10-01,P0051,116,74,827025.48
2023-11-01,P0051,115,23,819895.95
2023-12-01,P0051,118,30,841284.54
2024-01-01,P0051,131,75,933968.43
2024-02-01,P0051,156,90,1112206.68
2024-03-01,P0051,169,25,1204890.57
2024-04-01,P0051,119,52,848414.07
2024-05-01,P0051,129,80,919709.37
2024-06-01,P0051,107,54,762859.71
2024-07-01,P0051,183,45,1304703.99
2024-08-01,P0051,138,72,983875.14
2024-09-01,P0051,146,56,1040911.38
2024-10-01,P0051,149,68,1062299.97
2024-11-01,P0051,158,27,1126465.74
2024-12-01,P0051,122,66,869802.66
2025-01-01,P0051,107,56,762859.71
2025-02-01,P0051,110,71,784248.3
2025-03-01,P0051,181,49,1290444.93
2025-04-01,P0051,143,63,1019522.79
2025-05-01,P0051,152,55,1083688.56
2025-06-01,P0051,159,30,1133595.27
2025-07-01,P0051,143,61,1019522.79
2025-08-01,P0051,126,51,898320.78
2025-09-01,P0051,135,25,962486.55
2025-10-01,P0051,130,60,926838.9
2025-11-01,P0051,122,44,869802.66
2025-12-01,P0051,197,87,1404517.41
2023-01-01,P0052,218,50,1722725.38
2023-02-01,P0052,272,81,2149455.52
2023-03-01,P0052,245,79,1936090.45
2023-04-01,P0052,160,41,1264385.6
2023-05-01,P0052,261,67,2062529.01
2023-06-01,P0052,274,47,2165260.34
2023-07-01,P0052,163,40,1288092.83
2023-08-01,P0052,205,28,1619994.05
2023-09-01,P0052,266,58,2102041.06
2023-10-01,P0052,273,75,2157357.93
2023-11-01,P0052,359,74,2836965.19
2023-12-01,P0052,222,87,1754335.02
2024-01-01,P0052,281,64,2220577.21
2024-02-01,P0052,243,29,1920285.63
2024-03-01,P0052,211,38,1667408.51
2024-04-01,P0052,186,71,1469848.26
2024-05-01,P0052,277,82,2188967.57
2024-06-01,P0052,255,48,2015114.55
2024-07-01,P0052,230,22,1817554.3
2024-08-01,P0052,206,87,1627896.46
2024-09-01,P0052,218,75,1722725.38
2024-10-01,P0052,205,52,1619994.05
2024-11-01,P0052,262,49,2070431.42
2024-12-01,P0052,258,87,2038821.78
2025-01-01,P0052,227,44,1793847.07
2025-02-01,P0052,233,82,1841261.53
2025-03-01,P0052,235,52,1857066.35
2025-04-01,P0052,349,25,2757941.09
2025-05-01,P0052,255,40,2015114.55
2025-06-01,P0052,279,66,2204772.39
2025-07-01,P0052,166,61,1311800.06
2025-08-01,P0052,173,42,1367116.93
2025-09-01,P0052,147,88,1161654.27
2025-10-01,P0052,230,54,1817554.3
2025-11-01,P0052,258,24,2038821.78
2025-12-01,P0052,286,27,2260089.26
2023-01-01,P0053,144,66,375638.4
2023-02-01,P0053,119,47,310423.4
2023-03-01,P0053,139,38,362595.4
2023-04-01,P0053,141,54,367812.6
2023-05-01,P0053,111,56,289554.6
2023-06-01,P0053,144,60,375638.4
2023-07-01,P0053,180,76,469548.0
2023-08-01,P0053,137,72,357378.2
2023-09-01,P0053,163,84,425201.8
2023-10-01,P0053,152,88,396507.2
2023-11-01,P0053,108,51,281728.8
2023-12-01,P0053,175,46,456505.0
2024-01-01,P0053,152,61,396507.2
2024-02-01,P0053,90,31,234774.0
2024-03-01,P0053,123,70,320857.8
2024-04-01,P0053,152,70,396507.2
2024-05-01,P0053,103,24,268685.8
2024-06-01,P0053,125,83,326075.0
2024-07-01,P0053,121,81,315640.6
2024-08-01,P0053,123,44,320857.8
2024-09-01,P0053,145,86,378247.0
2024-10-01,P0053,150,74,391290.0
2024-11-01,P0053,150,70,391290.0
2024-12-01,P0053,158,78,412158.8
2025-01-01,P0053,172,44,448679.2
2025-02-01,P0053,168,79,438244.8
2025-03-01,P0053,117,85,305206.2
2025-04-01,P0053,161,88,419984.6
2025-05-01,P0053,98,72,255642.8
2025-06-01,P0053,178,89,464330.8
2025-07-01,P0053,165,69,430419.0
2025-08-01,P0053,143,77,373029.8
2025-09-01,P0053,121,33,315640.6
2025-10-01,P0053,166,78,433027.6
2025-11-01,P0053,110,33,286946.0
2025-12-01,P0053,168,44,438244.8
2023-01-01,P0054,133,21,1265439.14
2023-02-01,P0054,119,38,1132235.02
2023-03-01,P0054,133,49,1265439.14
2023-04-01,P0054,176,43,1674566.08
2023-05-01,P0054,100,72,951458.0
2023-06-01,P0054,129,82,1227380.82
2023-07-01,P0054,120,80,1141749.6
2023-08-01,P0054,131,42,1246409.98
2023-09-01,P0054,134,40,1274953.72
2023-10-01,P0054,154,81,1465245.32
2023-11-01,P0054,102,71,970487.16
2023-12-01,P0054,161,83,1531847.38
2024-01-01,P0054,129,38,1227380.82
2024-02-01,P0054,86,48,818253.88
2024-03-01,P0054,114,40,1084662.12
2024-04-01,P0054,135,47,1284468.3
2024-05-01,P0054,140,41,1332041.2
2024-06-01,P0054,125,20,1189322.5
2024-07-01,P0054,118,79,1122720.44
2024-08-01,P0054,148,63,1408157.84
2024-09-01,P0054,146,75,1389128.68
2024-10-01,P0054,120,87,1141749.6
2024-11-01,P0054,109,34,1037089.22
2024-12-01,P0054,98,29,932428.84
2025-01-01,P0054,124,65,1179807.92
2025-02-01,P0054,170,61,1617478.6
2025-03-01,P0054,177,80,1684080.66
2025-04-01,P0054,100,77,951458.0
2025-05-01,P0054,145,56,1379614.1
2025-06-01,P0054,127,53,1208351.66
2025-07-01,P0054,141,76,1341555.78
2025-08-01,P0054,194,69,1845828.52
2025-09-01,P0054,155,72,1474759.9
2025-10-01,P0054,165,32,1569905.7
2025-11-01,P0054,108,24,1027574.64
2025-12-01,P0054,80,33,761166.4
2023-01-01,P0055,234,42,618347.34
2023-02-01,P0055,339,29,895810.89
2023-03-01,P0055,309,23,816535.59
2023-04-01,P0055,232,88,613062.32
2023-05-01,P0055,275,50,726690.25
2023-06-01,P0055,261,27,689695.11
2023-07-01,P0055,191,38,504719.41
2023-08-01,P0055,263,57,694980.13
2023-09-01,P0055,310,65,819178.1
2023-10-01,P0055,283,25,747830.33
2023-11-01,P0055,187,20,494149.37
2023-12-01,P0055,166,59,438656.66
2024-01-01,P0055,321,71,848245.71
2024-02-01,P0055,279,88,737260.29
2024-03-01,P0055,308,82,813893.08
2024-04-01,P0055,334,26,882598.34
2024-05-01,P0055,196,86,517931.96
2024-06-01,P0055,271,49,716120.21
2024-07-01,P0055,237,75,626274.87
2024-08-01,P0055,244,32,644772.44
2024-09-01,P0055,234,70,618347.34
2024-10-01,P0055,229,36,605134.79
2024-11-01,P0055,229,40,605134.79
2024-12-01,P0055,263,41,694980.13
2025-01-01,P0055,243,77,642129.93
2025-02-01,P0055,294,26,776897.94
2025-03-01,P0055,202,25,533787.02
2025-04-01,P0055,271,42,716120.21
2025-05-01,P0055,192,71,507361.92
2025-06-01,P0055,208,31,549642.08
2025-07-01,P0055,241,75,636844.91
2025-08-01,P0055,239,75,631559.89
2025-09-01,P0055,263,64,694980.13
2025-10-01,P0055,304,47,803323.04
2025-11-01,P0055,300,58,792753.0
2025-12-01,P0055,245,48,647414.95
2023-01-01,P0056,169,63,347827.35
2023-02-01,P0056,113,27,232570.95
2023-03-01,P0056,127,69,261385.05
2023-04-01,P0056,123,53,253152.45
2023-05-01,P0056,141,70,290199.15
2023-06-01,P0056,122,23,251094.3
2023-07-01,P0056,127,23,261385.05
2023-08-01,P0056,135,31,277850.25
2023-09-01,P0056,159,67,327245.85
2023-10-01,P0056,121,65,249036.15
2023-11-01,P0056,139,35,286082.85
2023-12-01,P0056,121,70,249036.15
2024-01-01,P0056,136,75,279908.4
2024-02-01,P0056,93,20,191407.95
2024-03-01,P0056,152,80,312838.8
2024-04-01,P0056,111,42,228454.65
2024-05-01,P0056,99,88,203756.85
2024-06-01,P0056,175,88,360176.25
2024-07-01,P0056,148,69,304606.2
2024-08-01,P0056,120,61,246978.0
2024-09-01,P0056,97,85,199640.55
2024-10-01,P0056,145,49,298431.75
2024-11-01,P0056,123,26,253152.45
2024-12-01,P0056,142,85,292257.3
2025-01-01,P0056,175,48,360176.25
2025-02-01,P0056,119,75,244919.85
2025-03-01,P0056,135,73,277850.25
2025-04-01,P0056,112,58,230512.8
2025-05-01,P0056,107,31,220222.05
2025-06-01,P0056,143,73,294315.45
2025-07-01,P0056,111,67,228454.65
2025-08-01,P0056,133,22,273733.95
2025-09-01,P0056,140,80,288141.0
2025-10-01,P0056,134,69,275792.1
2025-11-01,P0056,87,66,179059.05
2025-12-01,P0056,83,70,170826.45
2023-01-01,P0057,260,50,122491.2
2023-02-01,P0057,229,88,107886.48
2023-03-01,P0057,388,64,182794.56
2023-04-01,P0057,295,78,138980.4
2023-05-01,P0057,260,67,122491.2
2023-06-01,P0057,241,28,113539.92
2023-07-01,P0057,344,77,162065.28
2023-08-01,P0057,216,31,101761.92
2023-09-01,P0057,236,56,111184.32
2023-10-01,P0057,256,65,120606.72
2023-11-01,P0057,340,41,160180.8
2023-12-01,P0057,340,41,160180.8
2024-01-01,P0057,268,59,126260.16
2024-02-01,P0057,398,28,187505.76
2024-03-01,P0057,330,54,155469.6
2024-04-01,P0057,240,34,113068.8
2024-05-01,P0057,219,27,103175.28
2024-06-01,P0057,196,22,92339.52
2024-07-01,P0057,250,61,117780.0
2024-08-01,P0057,217,47,102233.04
2024-09-01,P0057,285,22,134269.2
2024-10-01,P0057,240,56,113068.8
2024-11-01,P0057,140,25,65956.8
2024-12-01,P0057,318,27,149816.16
2025-01-01,P0057,292,54,137567.04
2025-02-01,P0057,246,57,115895.52
2025-03-01,P0057,327,53,154056.24
2025-04-01,P0057,292,33,137567.04
2025-05-01,P0057,293,90,138038.16
2025-06-01,P0057,320,34,150758.4
2025-07-01,P0057,328,79,154527.36
2025-08-01,P0057,336,74,158296.32
2025-09-01,P0057,303,49,142749.36
2025-10-01,P0057,263,63,123904.56
2025-11-01,P0057,298,27,140393.76
2025-12-01,P0057,230,90,108357.6
2023-01-01,P0058,141,80,537451.11
2023-02-01,P0058,137,24,522204.27
2023-03-01,P0058,115,26,438346.65
2023-04-01,P0058,186,70,708978.06
2023-05-01,P0058,145,60,552697.95
2023-06-01,P0058,115,85,438346.65
2023-07-01,P0058,93,74,354489.03
2023-08-01,P0058,102,85,388794.42
2023-09-01,P0058,130,43,495522.3
2023-10-01,P0058,168,46,640367.28
2023-11-01,P0058,126,48,480275.46
2023-12-01,P0058,157,82,598438.47
2024-01-01,P0058,187,38,712789.77
2024-02-01,P0058,139,22,529827.69
2024-03-01,P0058,173,71,659425.83
2024-04-01,P0058,111,45,423099.81
2024-05-01,P0058,154,88,587003.34
2024-06-01,P0058,134,23,510769.14
2024-07-01,P0058,153,81,583191.63
2024-08-01,P0058,166,70,632743.86
2024-09-01,P0058,133,72,506957.43
2024-10-01,P0058,109,83,415476.39
2024-11-01,P0058,115,39,438346.65
2024-12-01,P0058,113,24,430723.23
2025-01-01,P0058,137,27,522204.27
2025-02-01,P0058,145,68,552697.95
2025-03-01,P0058,104,54,396417.84
2025-04-01,P0058,147,50,560321.37
2025-05-01,P0058,124,59,472652.04
2025-06-01,P0058,144,39,548886.24
2025-07-01,P0058,170,86,647990.7
2025-08-01,P0058,139,39,529827.69
2025-09-01,P0058,151,51,575568.21
2025-10-01,P0058,148,74,564133.08
2025-11-01,P0058,149,49,567944.79
2025-12-01,P0058,120,35,457405.2
2023-01-01,P0059,258,50,139709.58
2023-02-01,P0059,305,89,165160.55
2023-03-01,P0059,210,85,113717.1
2023-04-01,P0059,199,84,107760.49
2023-05-01,P0059,326,85,176532.26
2023-06-01,P0059,169,76,91515.19
2023-07-01,P0059,221,22,119673.71
2023-08-01,P0059,222,60,120215.22
2023-09-01,P0059,283,36,153247.33
2023-10-01,P0059,231,81,125088.81
2023-11-01,P0059,234,70,126713.34
2023-12-01,P0059,343,84,185737.93
2024-01-01,P0059,257,45,139168.07
2024-02-01,P0059,231,77,125088.81
2024-03-01,P0059,300,51,162453.0
2024-04-01,P0059,226,62,122381.26
2024-05-01,P0059,268,53,145124.68
2024-06-01,P0059,219,86,118590.69
2024-07-01,P0059,219,69,118590.69
2024-08-01,P0059,272,71,147290.72
2024-09-01,P0059,281,32,152164.31
2024-10-01,P0059,309,56,167326.59
2024-11-01,P0059,255,37,138085.05
2024-12-01,P0059,250,60,135377.5
2025-01-01,P0059,306,62,165702.06
2025-02-01,P0059,211,59,114258.61
2025-03-01,P0059,298,38,161369.98
2025-04-01,P0059,275,61,148915.25
2025-05-01,P0059,283,61,153247.33
2025-06-01,P0059,224,64,121298.24
2025-07-01,P0059,299,39,161911.49
2025-08-01,P0059,210,86,113717.1
2025-09-01,P0059,253,63,137002.03
2025-10-01,P0059,292,50,158120.92
2025-11-01,P0059,267,45,144583.17
2025-12-01,P0059,298,83,161369.98
2023-01-01,P0060,180,61,659363.4
2023-02-01,P0060,205,81,750941.65
2023-03-01,P0060,213,67,780246.69
2023-04-01,P0060,235,38,860835.55
2023-05-01,P0060,299,52,1095275.87
2023-06-01,P0060,205,23,750941.65
2023-07-01,P0060,247,90,904793.11
2023-08-01,P0060,145,49,531153.85
2023-09-01,P0060,333,53,1219822.29
2023-10-01,P0060,193,32,706984.09
2023-11-01,P0060,255,65,934098.15
2023-12-01,P0060,258,85,945087.54
2024-01-01,P0060,219,63,802225.47
2024-02-01,P0060,223,46,816877.99
2024-03-01,P0060,287,44,1051318.31
2024-04-01,P0060,177,69,648374.01
2024-05-01,P0060,259,71,948750.67
2024-06-01,P0060,199,26,728962.87
2024-07-01,P0060,263,62,963403.19
2024-08-01,P0060,237,67,868161.81
2024-09-01,P0060,299,44,1095275.87
2024-10-01,P0060,213,76,780246.69
2024-11-01,P0060,253,85,926771.89
2024-12-01,P0060,187,40,685005.31
2025-01-01,P0060,304,33,1113591.52
2025-02-01,P0060,269,61,985381.97
2025-03-01,P0060,260,65,952413.8
2025-04-01,P0060,327,22,1197843.51
2025-05-01,P0060,162,79,593427.06
2025-06-01,P0060,255,32,934098.15
2025-07-01,P0060,257,74,941424.41
2025-08-01,P0060,147,36,538480.11
2025-09-01,P0060,197,78,721636.61
2025-10-01,P0060,196,84,717973.48
2025-11-01,P0060,197,67,721636.61
2025-12-01,P0060,190,57,695994.7
2023-01-01,P0061,271,54,792588.28
2023-02-01,P0061,272,38,795512.96
2023-03-01,P0061,230,25,672676.4
2023-04-01,P0061,292,67,854006.56
2023-05-01,P0061,265,81,775040.2
2023-06-01,P0061,366,87,1070432.88
2023-07-01,P0061,368,65,1076282.24
2023-08-01,P0061,303,86,886178.04
2023-09-01,P0061,291,53,851081.88
2023-10-01,P0061,245,39,716546.6
2023-11-01,P0061,282,62,824759.76
2023-12-01,P0061,254,42,742868.72
2024-01-01,P0061,352,56,1029487.36
2024-02-01,P0061,223,72,652203.64
2024-03-01,P0061,156,78,456250.08
2024-04-01,P0061,296,40,865705.28
2024-05-01,P0061,304,68,889102.72
2024-06-01,P0061,366,69,1070432.88
2024-07-01,P0061,253,31,739944.04
2024-08-01,P0061,312,32,912500.16
2024-09-01,P0061,290,42,848157.2
2024-10-01,P0061,336,44,982692.48
2024-11-01,P0061,321,89,938822.28
2024-12-01,P0061,323,21,944671.64
2025-01-01,P0061,237,62,693149.16
2025-02-01,P0061,230,25,672676.4
2025-03-01,P0061,305,86,892027.4
2025-04-01,P0061,297,51,868629.96
2025-05-01,P0061,303,48,886178.04
2025-06-01,P0061,231,60,675601.08
2025-07-01,P0061,332,22,970993.76
2025-08-01,P0061,286,59,836458.48
2025-09-01,P0061,306,41,894952.08
2025-10-01,P0061,283,64,827684.44
2025-11-01,P0061,367,87,1073357.56
2025-12-01,P0061,292,65,854006.56
2023-01-01,P0062,378,46,146482.56
2023-02-01,P0062,289,90,111993.28
2023-03-01,P0062,376,70,145707.52
2023-04-01,P0062,520,84,201510.4
2023-05-01,P0062,349,44,135244.48
2023-06-01,P0062,437,63,169346.24
2023-07-01,P0062,354,35,137182.08
2023-08-01,P0062,370,28,143382.4
2023-09-01,P0062,332,27,128656.64
2023-10-01,P0062,341,46,132144.32
2023-11-01,P0062,412,65,159658.24
2023-12-01,P0062,296,45,114705.92
2024-01-01,P0062,436,77,168958.72
2024-02-01,P0062,382,66,148032.64
2024-03-01,P0062,347,71,134469.44
2024-04-01,P0062,477,50,184847.04
2024-05-01,P0062,404,85,156558.08
2024-06-01,P0062,362,90,140282.24
2024-07-01,P0062,389,64,150745.28
2024-08-01,P0062,410,69,158883.2
2024-09-01,P0062,348,89,134856.96
2024-10-01,P0062,399,64,154620.48
2024-11-01,P0062,353,50,136794.56
2024-12-01,P0062,458,31,177484.16
2025-01-01,P0062,333,50,129044.16
2025-02-01,P0062,462,64,179034.24
2025-03-01,P0062,396,65,153457.92
2025-04-01,P0062,248,74,96104.96
2025-05-01,P0062,512,58,198410.24
2025-06-01,P0062,365,41,141444.8
2025-07-01,P0062,342,37,132531.84
2025-08-01,P0062,417,80,161595.84
2025-09-01,P0062,370,78,143382.4
2025-10-01,P0062,291,88,112768.32
2025-11-01,P0062,402,42,155783.04
2025-12-01,P0062,362,45,140282.24
2023-01-01,P0063,233,90,744346.46
2023-02-01,P0063,208,28,664480.96
2023-03-01,P0063,245,50,782681.9
2023-04-01,P0063,327,30,1044640.74
2023-05-01,P0063,272,54,868936.64
2023-06-01,P0063,176,51,562253.12
2023-07-01,P0063,282,59,900882.84
2023-08-01,P0063,265,36,846574.3
2023-09-01,P0063,232,20,741151.84
2023-10-01,P0063,280,52,894493.6
2023-11-01,P0063,284,41,907272.08
2023-12-01,P0063,244,59,779487.28
2024-01-01,P0063,245,48,782681.9
2024-02-01,P0063,218,78,696427.16
2024-03-01,P0063,257,75,821017.34
2024-04-01,P0063,183,87,584615.46
2024-05-01,P0063,296,53,945607.52
2024-06-01,P0063,301,86,961580.62
2024-07-01,P0063,258,52,824211.96
2024-08-01,P0063,298,23,951996.76
2024-09-01,P0063,248,25,792265.76
2024-10-01,P0063,244,21,779487.28
2024-11-01,P0063,249,68,795460.38
2024-12-01,P0063,225,25,718789.5
2025-01-01,P0063,306,44,977553.72
2025-02-01,P0063,285,38,910466.7
2025-03-01,P0063,282,43,900882.84
2025-04-01,P0063,280,68,894493.6
2025-05-01,P0063,256,46,817822.72
2025-06-01,P0063,183,34,584615.46
2025-07-01,P0063,176,59,562253.12
2025-08-01,P0063,229,61,731567.98
2025-09-01,P0063,192,68,613367.04
2025-10-01,P0063,254,74,811433.48
2025-11-01,P0063,289,39,923245.18
2025-12-01,P0063,232,61,741151.84
2023-01-01,P0064,110,87,45646.7
2023-02-01,P0064,93,42,38592.21
2023-03-01,P0064,59,65,24483.23
2023-04-01,P0064,128,33,53116.16
2023-05-01,P0064,161,68,66810.17
2023-06-01,P0064,131,58,54361.07
2023-07-01,P0064,130,68,53946.1
2023-08-01,P0064,127,62,52701.19
2023-09-01,P0064,139,48,57680.83
2023-10-01,P0064,94,20,39007.18
2023-11-01,P0064,118,31,48966.46
2023-12-01,P0064,148,44,61415.56
2024-01-01,P0064,149,88,61830.53
2024-02-01,P0064,120,58,49796.4
2024-03-01,P0064,157,52,65150.29
2024-04-01,P0064,107,23,44401.79
2024-05-01,P0064,120,59,49796.4
2024-06-01,P0064,171,77,70959.87
2024-07-01,P0064,159,77,65980.23
2024-08-01,P0064,153,65,63490.41
2024-09-01,P0064,88,31,36517.36
2024-10-01,P0064,122,66,50626.34
2024-11-01,P0064,97,41,40252.09
2024-12-01,P0064,146,60,60585.62
2025-01-01,P0064,134,72,55605.98
2025-02-01,P0064,112,69,46476.64
2025-03-01,P0064,115,43,47721.55
2025-04-01,P0064,127,90,52701.19
2025-05-01,P0064,133,86,55191.01
2025-06-01,P0064,144,60,59755.68
2025-07-01,P0064,158,39,65565.26
2025-08-01,P0064,165,65,68470.05
2025-09-01,P0064,150,48,62245.5
2025-10-01,P0064,114,25,47306.58
2025-11-01,P0064,117,42,48551.49
2025-12-01,P0064,167,31,69299.99
2023-01-01,P0065,213,81,43980.24
2023-02-01,P0065,255,44,52652.4
2023-03-01,P0065,280,88,57814.4
2023-04-01,P0065,250,20,51620.0
2023-05-01,P0065,311,58,64215.28
2023-06-01,P0065,201,77,41502.48
2023-07-01,P0065,275,72,56782.0
2023-08-01,P0065,237,77,48935.76
2023-09-01,P0065,288,80,59466.24
2023-10-01,P0065,268,89,55336.64
2023-11-01,P0065,189,51,39024.72
2023-12-01,P0065,306,27,63182.88
2024-01-01,P0065,261,30,53891.28
2024-02-01,P0065,166,84,34275.68
2024-03-01,P0065,236,46,48729.28
2024-04-01,P0065,287,87,59259.76
2024-05-01,P0065,211,56,43567.28
2024-06-01,P0065,168,55,34688.64
2024-07-01,P0065,205,27,42328.4
2024-08-01,P0065,268,49,55336.64
2024-09-01,P0065,195,27,40263.6
2024-10-01,P0065,331,32,68344.88
2024-11-01,P0065,271,26,55956.08
2024-12-01,P0065,276,45,56988.48
2025-01-01,P0065,303,57,62563.44
2025-02-01,P0065,170,26,35101.6
2025-03-01,P0065,197,43,40676.56
2025-04-01,P0065,258,42,53271.84
2025-05-01,P0065,268,62,55336.64
2025-06-01,P0065,288,62,59466.24
2025-07-01,P0065,231,27,47696.88
2025-08-01,P0065,234,71,48316.32
2025-09-01,P0065,289,28,59672.72
2025-10-01,P0065,283,87,58433.84
2025-11-01,P0065,200,80,41296.0
2025-12-01,P0065,210,37,43360.8
2023-01-01,P0066,78,47,27777.36
2023-02-01,P0066,126,65,44871.12
2023-03-01,P0066,112,49,39885.44
2023-04-01,P0066,114,26,40597.68
2023-05-01,P0066,101,48,35968.12
2023-06-01,P0066,106,48,37748.72
2023-07-01,P0066,104,72,37036.48
2023-08-01,P0066,101,81,35968.12
2023-09-01,P0066,76,90,27065.12
2023-10-01,P0066,147,51,52349.64
2023-11-01,P0066,116,41,41309.92
2023-12-01,P0066,63,85,22435.56
2024-01-01,P0066,114,32,40597.68
2024-02-01,P0066,113,69,40241.56
2024-03-01,P0066,102,73,36324.24
2024-04-01,P0066,106,30,37748.72
2024-05-01,P0066,52,36,18518.24
2024-06-01,P0066,76,69,27065.12
2024-07-01,P0066,103,86,36680.36
2024-08-01,P0066,95,33,33831.4
2024-09-01,P0066,93,34,33119.16
2024-10-01,P0066,78,88,27777.36
2024-11-01,P0066,89,43,31694.68
2024-12-01,P0066,96,59,34187.52
2025-01-01,P0066,80,44,28489.6
2025-02-01,P0066,95,39,33831.4
2025-03-01,P0066,110,90,39173.2
2025-04-01,P0066,104,47,37036.48
2025-05-01,P0066,101,40,35968.12
2025-06-01,P0066,87,62,30982.44
2025-07-01,P0066,120,61,42734.4
2025-08-01,P0066,116,78,41309.92
2025-09-01,P0066,105,57,37392.6
2025-10-01,P0066,71,57,25284.52
2025-11-01,P0066,120,59,42734.4
2025-12-01,P0066,93,62,33119.16
2023-01-01,P0067,329,73,77683.48
2023-02-01,P0067,433,50,102239.96
2023-03-01,P0067,381,67,89961.72
2023-04-01,P0067,340,88,80280.8
2023-05-01,P0067,351,48,82878.12
2023-06-01,P0067,384,67,90670.08
2023-07-01,P0067,355,52,83822.6
2023-08-01,P0067,266,29,62807.92
2023-09-01,P0067,323,27,76266.76
2023-10-01,P0067,395,45,93267.4
2023-11-01,P0067,328,41,77447.36
2023-12-01,P0067,388,75,91614.56
2024-01-01,P0067,241,79,56904.92
2024-02-01,P0067,284,90,67058.08
2024-03-01,P0067,309,90,72961.08
2024-04-01,P0067,395,78,93267.4
2024-05-01,P0067,302,74,71308.24
2024-06-01,P0067,297,73,70127.64
2024-07-01,P0067,407,35,96100.84
2024-08-01,P0067,312,35,73669.44
2024-09-01,P0067,324,50,76502.88
2024-10-01,P0067,308,20,72724.96
2024-11-01,P0067,293,32,69183.16
2024-12-01,P0067,385,52,90906.2
2025-01-01,P0067,342,56,80753.04
2025-02-01,P0067,285,58,67294.2
2025-03-01,P0067,366,57,86419.92
2025-04-01,P0067,403,34,95156.36
2025-05-01,P0067,237,26,55960.44
2025-06-01,P0067,306,59,72252.72
2025-07-01,P0067,311,73,73433.32
2025-08-01,P0067,467,87,110268.04
2025-09-01,P0067,384,22,90670.08
2025-10-01,P0067,399,74,94211.88
2025-11-01,P0067,502,48,118532.24
2025-12-01,P0067,337,78,79572.44
2023-01-01,P0068,216,70,1079295.84
2023-02-01,P0068,190,28,949380.6
2023-03-01,P0068,155,53,774494.7
2023-04-01,P0068,208,52,1039321.92
2023-05-01,P0068,272,87,1359113.28
2023-06-01,P0068,250,26,1249185.0
2023-07-01,P0068,330,69,1648924.2
2023-08-01,P0068,238,60,1189224.12
2023-09-01,P0068,274,49,1369106.76
2023-10-01,P0068,243,78,1214207.82
2023-11-01,P0068,184,48,919400.16
2023-12-01,P0068,257,20,1284162.18
2024-01-01,P0068,245,28,1224201.3
2024-02-01,P0068,224,47,1119269.76
2024-03-01,P0068,174,32,869432.76
2024-04-01,P0068,267,27,1334129.58
2024-05-01,P0068,123,62,614599.02
2024-06-01,P0068,315,78,1573973.1
2024-07-01,P0068,253,33,1264175.22
2024-08-01,P0068,199,75,994351.26
2024-09-01,P0068,288,58,1439061.12
2024-10-01,P0068,283,48,1414077.42
2024-11-01,P0068,227,31,1134259.98
2024-12-01,P0068,291,87,1454051.34
2025-01-01,P0068,222,61,1109276.28
2025-02-01,P0068,202,69,1009341.48
2025-03-01,P0068,250,75,1249185.0
2025-04-01,P0068,191,80,954377.34
2025-05-01,P0068,296,58,1479035.04
2025-06-01,P0068,246,89,1229198.04
2025-07-01,P0068,255,56,1274168.7
2025-08-01,P0068,189,77,944383.86
2025-09-01,P0068,174,62,869432.76
2025-10-01,P0068,227,86,1134259.98
2025-11-01,P0068,249,70,1244188.26
2025-12-01,P0068,289,38,1444057.86
2023-01-01,P0069,483,31,1624850.64
2023-02-01,P0069,392,87,1318719.36
2023-03-01,P0069,487,82,1638306.96
2023-04-01,P0069,431,62,1449918.48
2023-05-01,P0069,407,56,1369180.56
2023-06-01,P0069,297,22,999131.76
2023-07-01,P0069,429,75,1443190.32
2023-08-01,P0069,405,60,1362452.4
2023-09-01,P0069,445,82,1497015.6
2023-10-01,P0069,400,20,1345632.0
2023-11-01,P0069,381,39,1281714.48
2023-12-01,P0069,436,39,1466738.88
2024-01-01,P0069,441,57,1483559.28
2024-02-01,P0069,421,62,1416277.68
2024-03-01,P0069,434,64,1460010.72
2024-04-01,P0069,386,39,1298534.88
2024-05-01,P0069,396,78,1332175.68
2024-06-01,P0069,457,83,1537384.56
2024-07-01,P0069,501,35,1685404.08
2024-08-01,P0069,446,50,1500379.68
2024-09-01,P0069,439,21,1476831.12
2024-10-01,P0069,438,64,1473467.04
2024-11-01,P0069,446,80,1500379.68
2024-12-01,P0069,268,74,901573.44
2025-01-01,P0069,547,33,1840151.76
2025-02-01,P0069,324,89,1089961.92
2025-03-01,P0069,530,24,1782962.4
2025-04-01,P0069,366,34,1231253.28
2025-05-01,P0069,605,66,2035268.4
2025-06-01,P0069,337,67,1133694.96
2025-07-01,P0069,397,35,1335539.76
2025-08-01,P0069,472,46,1587845.76
2025-09-01,P0069,331,44,1113510.48
2025-10-01,P0069,511,57,1719044.88
2025-11-01,P0069,215,32,723277.2
2025-12-01,P0069,416,41,1399457.28
2023-01-01,P0070,105,28,8847.3
2023-02-01,P0070,163,65,13734.38
2023-03-01,P0070,119,26,10026.94
2023-04-01,P0070,159,46,13397.34
2023-05-01,P0070,135,51,11375.1
2023-06-01,P0070,99,80,8341.74
2023-07-01,P0070,131,82,11038.06
2023-08-01,P0070,105,81,8847.3
2023-09-01,P0070,111,52,9352.86
2023-10-01,P0070,86,80,7246.36
2023-11-01,P0070,136,58,11459.36
2023-12-01,P0070,115,75,9689.9
2024-01-01,P0070,138,80,11627.88
2024-02-01,P0070,150,50,12639.0
2024-03-01,P0070,108,86,9100.08
2024-04-01,P0070,140,73,11796.4
2024-05-01,P0070,106,22,8931.56
2024-06-01,P0070,134,21,11290.84
2024-07-01,P0070,143,26,12049.18
2024-08-01,P0070,120,44,10111.2
2024-09-01,P0070,143,36,12049.18
2024-10-01,P0070,165,24,13902.9
2024-11-01,P0070,154,68,12976.04
2024-12-01,P0070,134,70,11290.84
2025-01-01,P0070,113,49,9521.38
2025-02-01,P0070,122,29,10279.72
2025-03-01,P0070,143,80,12049.18
2025-04-01,P0070,111,79,9352.86
2025-05-01,P0070,185,34,15588.1
2025-06-01,P0070,158,36,13313.08
2025-07-01,P0070,116,39,9774.16
2025-08-01,P0070,122,90,10279.72
2025-09-01,P0070,156,26,13144.56
2025-10-01,P0070,140,58,11796.4
2025-11-01,P0070,150,56,12639.0
2025-12-01,P0070,203,36,17104.78
2023-01-01,P0071,204,35,70951.2
2023-02-01,P0071,205,68,71299.0
2023-03-01,P0071,152,73,52865.6
2023-04-01,P0071,148,25,51474.4
2023-05-01,P0071,191,82,66429.8
2023-06-01,P0071,197,41,68516.6
2023-07-01,P0071,151,85,52517.8
2023-08-01,P0071,166,65,57734.8
2023-09-01,P0071,169,63,58778.2
2023-10-01,P0071,155,44,53909.0
2023-11-01,P0071,193,56,67125.4
2023-12-01,P0071,170,62,59126.0
2024-01-01,P0071,193,82,67125.4
2024-02-01,P0071,172,64,59821.6
2024-03-01,P0071,144,70,50083.2
2024-04-01,P0071,155,87,53909.0
2024-05-01,P0071,200,48,69560.0
2024-06-01,P0071,130,57,45214.0
2024-07-01,P0071,161,87,55995.8
2024-08-01,P0071,199,43,69212.2
2024-09-01,P0071,273,38,94949.4
2024-10-01,P0071,140,77,48692.0
2024-11-01,P0071,177,81,61560.6
2024-12-01,P0071,195,87,67821.0
2025-01-01,P0071,157,45,54604.6
2025-02-01,P0071,166,53,57734.8
2025-03-01,P0071,179,87,62256.2
2025-04-01,P0071,202,52,70255.6
2025-05-01,P0071,151,49,52517.8
2025-06-01,P0071,153,45,53213.4
2025-07-01,P0071,162,47,56343.6
2025-08-01,P0071,196,44,68168.8
2025-09-01,P0071,212,71,73733.6
2025-10-01,P0071,167,38,58082.6
2025-11-01,P0071,189,54,65734.2
2025-12-01,P0071,152,85,52865.6
2023-01-01,P0072,338,26,87501.44
2023-02-01,P0072,300,20,77664.0
2023-03-01,P0072,327,22,84653.76
2023-04-01,P0072,393,32,101739.84
2023-05-01,P0072,360,23,93196.8
2023-06-01,P0072,223,46,57730.24
2023-07-01,P0072,275,80,71192.0
2023-08-01,P0072,382,72,98892.16
2023-09-01,P0072,311,30,80511.68
2023-10-01,P0072,407,59,105364.16
2023-11-01,P0072,307,79,79476.16
2023-12-01,P0072,236,44,61095.68
2024-01-01,P0072,323,46,83618.24
2024-02-01,P0072,303,43,78440.64
2024-03-01,P0072,284,36,73521.92
2024-04-01,P0072,284,27,73521.92
2024-05-01,P0072,264,71,68344.32
2024-06-01,P0072,335,45,86724.8
2024-07-01,P0072,370,48,95785.6
2024-08-01,P0072,291,67,75334.08
2024-09-01,P0072,349,48,90349.12
2024-10-01,P0072,318,55,82323.84
2024-11-01,P0072,330,33,85430.4
2024-12-01,P0072,348,20,90090.24
2025-01-01,P0072,336,50,86983.68
2025-02-01,P0072,361,53,93455.68
2025-03-01,P0072,236,65,61095.68
2025-04-01,P0072,443,64,114683.84
2025-05-01,P0072,257,64,66532.16
2025-06-01,P0072,388,27,100445.44
2025-07-01,P0072,282,33,73004.16
2025-08-01,P0072,332,53,85948.16
2025-09-01,P0072,416,63,107694.08
2025-10-01,P0072,333,46,86207.04
2025-11-01,P0072,393,27,101739.84
2025-12-01,P0072,316,82,81806.08
2023-01-01,P0073,286,47,2505028.24
2023-02-01,P0073,358,26,3135664.72
2023-03-01,P0073,446,23,3906442.64
2023-04-01,P0073,485,42,4248037.4
2023-05-01,P0073,207,37,1813079.88
2023-06-01,P0073,410,20,3591124.4
2023-07-01,P0073,337,26,2951729.08
2023-08-01,P0073,394,76,3450982.96
2023-09-01,P0073,324,76,2837864.16
2023-10-01,P0073,352,51,3083111.68
2023-11-01,P0073,377,81,3302082.68
2023-12-01,P0073,320,75,2802828.8
2024-01-01,P0073,414,61,3626159.76
2024-02-01,P0073,365,67,3196976.6
2024-03-01,P0073,430,67,3766301.2
2024-04-01,P0073,318,24,2785311.12
2024-05-01,P0073,385,56,3372153.4
2024-06-01,P0073,407,59,3564847.88
2024-07-01,P0073,400,70,3503536.0
2024-08-01,P0073,360,43,3153182.4
2024-09-01,P0073,366,42,3205735.44
2024-10-01,P0073,441,21,3862648.44
2024-11-01,P0073,418,44,3661195.12
2024-12-01,P0073,398,71,3486018.32
2025-01-01,P0073,199,62,1743009.16
2025-02-01,P0073,423,80,3704989.32
2025-03-01,P0073,264,64,2312333.76
2025-04-01,P0073,369,51,3232011.96
2025-05-01,P0073,385,86,3372153.4
2025-06-01,P0073,442,25,3871407.28
2025-07-01,P0073,434,42,3801336.56
2025-08-01,P0073,415,33,3634918.6
2025-09-01,P0073,398,43,3486018.32
2025-10-01,P0073,480,22,4204243.2
2025-11-01,P0073,304,36,2662687.36
2025-12-01,P0073,467,86,4090378.28
2023-01-01,P0074,70,40,21668.5
2023-02-01,P0074,62,29,19192.1
2023-03-01,P0074,58,49,17953.9
2023-04-01,P0074,53,42,16406.15
2023-05-01,P0074,60,71,18573.0
2023-06-01,P0074,57,55,17644.35
2023-07-01,P0074,69,20,21358.95
2023-08-01,P0074,72,30,22287.6
2023-09-01,P0074,40,33,12382.0
2023-10-01,P0074,69,70,21358.95
2023-11-01,P0074,63,73,19501.65
2023-12-01,P0074,71,37,21978.05
2024-01-01,P0074,73,85,22597.15
2024-02-01,P0074,61,39,18882.55
2024-03-01,P0074,49,76,15167.95
2024-04-01,P0074,50,50,15477.5
2024-05-01,P0074,51,27,15787.05
2024-06-01,P0074,67,89,20739.85
2024-07-01,P0074,51,31,15787.05
2024-08-01,P0074,32,65,9905.6
2024-09-01,P0074,77,61,23835.35
2024-10-01,P0074,61,65,18882.55
2024-11-01,P0074,78,24,24144.9
2024-12-01,P0074,60,79,18573.0
2025-01-01,P0074,82,74,25383.1
2025-02-01,P0074,69,32,21358.95
2025-03-01,P0074,59,51,18263.45
2025-04-01,P0074,45,26,13929.75
2025-05-01,P0074,70,87,21668.5
2025-06-01,P0074,49,61,15167.95
2025-07-01,P0074,66,85,20430.3
2025-08-01,P0074,56,66,17334.8
2025-09-01,P0074,56,22,17334.8
2025-10-01,P0074,64,26,19811.2
2025-11-01,P0074,75,34,23216.25
2025-12-01,P0074,62,77,19192.1
2023-01-01,P0075,240,41,105360.0
2023-02-01,P0075,317,24,139163.0
2023-03-01,P0075,376,25,165064.0
2023-04-01,P0075,230,79,100970.0
2023-05-01,P0075,284,40,124676.0
2023-06-01,P0075,231,78,101409.0
2023-07-01,P0075,288,89,126432.0
2023-08-01,P0075,269,20,118091.0
2023-09-01,P0075,307,21,134773.0
2023-10-01,P0075,264,85,115896.0
2023-11-01,P0075,337,66,147943.0
2023-12-01,P0075,240,38,105360.0
2024-01-01,P0075,253,63,111067.0
2024-02-01,P0075,181,56,79459.0
2024-03-01,P0075,189,72,82971.0
2024-04-01,P0075,241,45,105799.0
2024-05-01,P0075,285,24,125115.0
2024-06-01,P0075,213,87,93507.0
2024-07-01,P0075,210,74,92190.0
2024-08-01,P0075,223,59,97897.0
2024-09-01,P0075,248,75,108872.0
2024-10-01,P0075,276,68,121164.0
2024-11-01,P0075,235,43,103165.0
2024-12-01,P0075,201,56,88239.0
2025-01-01,P0075,286,44,125554.0
2025-02-01,P0075,213,55,93507.0
2025-03-01,P0075,257,34,112823.0
2025-04-01,P0075,326,50,143114.0
2025-05-01,P0075,208,53,91312.0
2025-06-01,P0075,298,38,130822.0
2025-07-01,P0075,248,62,108872.0
2025-08-01,P0075,196,65,86044.0
2025-09-01,P0075,260,57,114140.0
2025-10-01,P0075,244,65,107116.0
2025-11-01,P0075,226,67,99214.0
2025-12-01,P0075,284,42,124676.0
2023-01-01,P0076,425,39,129497.5
2023-02-01,P0076,322,31,98113.4
2023-03-01,P0076,190,75,57893.0
2023-04-01,P0076,330,82,100551.0
2023-05-01,P0076,261,37,79526.7
2023-06-01,P0076,205,36,62463.5
2023-07-01,P0076,289,51,88058.3
2023-08-01,P0076,251,58,76479.7
2023-09-01,P0076,378,23,115176.6
2023-10-01,P0076,399,42,121575.3
2023-11-01,P0076,456,90,138943.2
2023-12-01,P0076,333,78,101465.1
2024-01-01,P0076,344,66,104816.8
2024-02-01,P0076,323,78,98418.1
2024-03-01,P0076,299,44,91105.3
2024-04-01,P0076,327,74,99636.9
2024-05-01,P0076,265,50,80745.5
2024-06-01,P0076,262,78,79831.4
2024-07-01,P0076,227,60,69166.9
2024-08-01,P0076,311,61,94761.7
2024-09-01,P0076,406,48,123708.2
2024-10-01,P0076,365,37,111215.5
2024-11-01,P0076,99,54,30165.3
2024-12-01,P0076,363,68,110606.1
2025-01-01,P0076,347,69,105730.9
2025-02-01,P0076,276,90,84097.2
2025-03-01,P0076,392,71,119442.4
2025-04-01,P0076,311,83,94761.7
2025-05-01,P0076,385,68,117309.5
2025-06-01,P0076,279,29,85011.3
2025-07-01,P0076,331,47,100855.7
2025-08-01,P0076,289,72,88058.3
2025-09-01,P0076,308,30,93847.6
2025-10-01,P0076,352,78,107254.4
2025-11-01,P0076,358,49,109082.6
2025-12-01,P0076,332,72,101160.4
2023-01-01,P0077,290,72,850048.0
2023-02-01,P0077,297,63,870566.4
2023-03-01,P0077,398,52,1166617.6
2023-04-01,P0077,328,27,961433.6
2023-05-01,P0077,295,45,864704.0
2023-06-01,P0077,464,61,1360076.8
2023-07-01,P0077,358,75,1049369.6
2023-08-01,P0077,255,85,747456.0
2023-09-01,P0077,185,78,542272.0
2023-10-01,P0077,300,58,879360.0
2023-11-01,P0077,361,37,1058163.2
2023-12-01,P0077,327,29,958502.4
2024-01-01,P0077,326,37,955571.2
2024-02-01,P0077,294,45,861772.8
2024-03-01,P0077,332,22,973158.4
2024-04-01,P0077,337,57,987814.4
2024-05-01,P0077,279,45,817804.8
2024-06-01,P0077,272,31,797286.4
2024-07-01,P0077,372,30,1090406.4
2024-08-01,P0077,350,49,1025920.0
2024-09-01,P0077,351,24,1028851.2
2024-10-01,P0077,209,31,612620.8
2024-11-01,P0077,278,38,814873.6
2024-12-01,P0077,253,29,741593.6
2025-01-01,P0077,407,65,1192998.4
2025-02-01,P0077,201,66,589171.2
2025-03-01,P0077,315,25,923328.0
2025-04-01,P0077,323,24,946777.6
2025-05-01,P0077,369,34,1081612.8
2025-06-01,P0077,361,80,1058163.2
2025-07-01,P0077,454,40,1330764.8
2025-08-01,P0077,384,37,1125580.8
2025-09-01,P0077,359,61,1052300.8
2025-10-01,P0077,405,74,1187136.0
2025-11-01,P0077,354,72,1037644.8
2025-12-01,P0077,290,54,850048.0
2023-01-01,P0078,64,87,365705.6
2023-02-01,P0078,78,81,445703.7
2023-03-01,P0078,66,53,377133.9
2023-04-01,P0078,84,39,479988.6
2023-05-01,P0078,74,55,422847.1
2023-06-01,P0078,68,90,388562.2
2023-07-01,P0078,93,90,531415.95
2023-08-01,P0078,87,24,497131.05
2023-09-01,P0078,91,68,519987.65
2023-10-01,P0078,61,55,348563.15
2023-11-01,P0078,121,25,691412.15
2023-12-01,P0078,58,70,331420.7
2024-01-01,P0078,77,86,439989.55
2024-02-01,P0078,67,61,382848.05
2024-03-01,P0078,79,89,451417.85
2024-04-01,P0078,92,21,525701.8
2024-05-01,P0078,67,69,382848.05
2024-06-01,P0078,52,54,297135.8
2024-07-01,P0078,69,50,394276.35
2024-08-01,P0078,67,58,382848.05
2024-09-01,P0078,78,66,445703.7
2024-10-01,P0078,49,81,279993.35
2024-11-01,P0078,88,65,502845.2
2024-12-01,P0078,69,86,394276.35
2025-01-01,P0078,76,41,434275.4
2025-02-01,P0078,89,50,508559.35
2025-03-01,P0078,63,39,359991.45
2025-04-01,P0078,58,58,331420.7
2025-05-01,P0078,71,80,405704.65
2025-06-01,P0078,77,28,439989.55
2025-07-01,P0078,86,31,491416.9
2025-08-01,P0078,80,54,457132.0
2025-09-01,P0078,73,75,417132.95
2025-10-01,P0078,88,36,502845.2
2025-11-01,P0078,72,77,411418.8
2025-12-01,P0078,52,80,297135.8
2023-01-01,P0079,99,20,490940.01
2023-02-01,P0079,118,89,585160.82
2023-03-01,P0079,84,26,416555.16
2023-04-01,P0079,113,78,560365.87
2023-05-01,P0079,97,58,481022.03
2023-06-01,P0079,124,89,614914.76
2023-07-01,P0079,117,45,580201.83
2023-08-01,P0079,100,60,495899.0
2023-09-01,P0079,111,67,550447.89
2023-10-01,P0079,77,44,381842.23
2023-11-01,P0079,149,89,738889.51
2023-12-01,P0079,90,30,446309.1
2024-01-01,P0079,100,21,495899.0
2024-02-01,P0079,146,70,724012.54
2024-03-01,P0079,101,75,500857.99
2024-04-01,P0079,121,70,600037.79
2024-05-01,P0079,99,31,490940.01
2024-06-01,P0079,163,42,808315.37
2024-07-01,P0079,115,90,570283.85
2024-08-01,P0079,91,33,451268.09
2024-09-01,P0079,98,68,485981.02
2024-10-01,P0079,99,55,490940.01
2024-11-01,P0079,129,35,639709.71
2024-12-01,P0079,96,48,476063.04
2025-01-01,P0079,89,43,441350.11
2025-02-01,P0079,75,23,371924.25
2025-03-01,P0079,95,70,471104.05
2025-04-01,P0079,131,46,649627.69
2025-05-01,P0079,113,60,560365.87
2025-06-01,P0079,107,89,530611.93
2025-07-01,P0079,144,78,714094.56
2025-08-01,P0079,127,39,629791.73
2025-09-01,P0079,117,29,580201.83
2025-10-01,P0079,83,38,411596.17
2025-11-01,P0079,119,62,590119.81
2025-12-01,P0079,87,31,431432.13
2023-01-01,P0080,255,21,307507.05
2023-02-01,P0080,189,49,227916.99
2023-03-01,P0080,255,90,307507.05
2023-04-01,P0080,265,89,319566.15
2023-05-01,P0080,184,23,221887.44
2023-06-01,P0080,200,66,241182.0
2023-07-01,P0080,268,41,323183.88
2023-08-01,P0080,300,32,361773.0
2023-09-01,P0080,255,63,307507.05
2023-10-01,P0080,227,37,273741.57
2023-11-01,P0080,198,67,238770.18
2023-12-01,P0080,194,80,233946.54
2024-01-01,P0080,245,57,295447.95
2024-02-01,P0080,267,34,321977.97
2024-03-01,P0080,229,43,276153.39
2024-04-01,P0080,250,39,301477.5
2024-05-01,P0080,360,30,434127.6
2024-06-01,P0080,230,60,277359.3
2024-07-01,P0080,255,45,307507.05
2024-08-01,P0080,292,54,352125.72
2024-09-01,P0080,200,75,241182.0
2024-10-01,P0080,246,30,296653.86
2024-11-01,P0080,250,31,301477.5
2024-12-01,P0080,250,88,301477.5
2025-01-01,P0080,213,77,256858.83
2025-02-01,P0080,275,87,331625.25
2025-03-01,P0080,210,78,253241.1
2025-04-01,P0080,312,62,376243.92
2025-05-01,P0080,200,36,241182.0
2025-06-01,P0080,291,77,350919.81
2025-07-01,P0080,161,44,194151.51
2025-08-01,P0080,191,62,230328.81
2025-09-01,P0080,311,72,375038.01
2025-10-01,P0080,230,42,277359.3
2025-11-01,P0080,232,46,279771.12
2025-12-01,P0080,278,42,335242.98
2023-01-01,P0081,191,34,59072.48
2023-02-01,P0081,178,24,55051.84
2023-03-01,P0081,219,21,67732.32
2023-04-01,P0081,200,43,61856.0
2023-05-01,P0081,247,80,76392.16
2023-06-01,P0081,157,24,48556.96
2023-07-01,P0081,261,45,80722.08
2023-08-01,P0081,245,35,75773.6
2023-09-01,P0081,175,59,54124.0
2023-10-01,P0081,259,58,80103.52
2023-11-01,P0081,279,40,86289.12
2023-12-01,P0081,256,64,79175.68
2024-01-01,P0081,274,34,84742.72
2024-02-01,P0081,239,27,73917.92
2024-03-01,P0081,219,34,67732.32
2024-04-01,P0081,161,31,49794.08
2024-05-01,P0081,240,25,74227.2
2024-06-01,P0081,220,21,68041.6
2024-07-01,P0081,239,20,73917.92
2024-08-01,P0081,257,66,79484.96
2024-09-01,P0081,243,46,75155.04
2024-10-01,P0081,195,76,60309.6
2024-11-01,P0081,169,26,52268.32
2024-12-01,P0081,280,85,86598.4
2025-01-01,P0081,203,68,62783.84
2025-02-01,P0081,282,35,87216.96
2025-03-01,P0081,292,81,90309.76
2025-04-01,P0081,241,36,74536.48
2025-05-01,P0081,219,42,67732.32
2025-06-01,P0081,224,89,69278.72
2025-07-01,P0081,274,86,84742.72
2025-08-01,P0081,232,47,71752.96
2025-09-01,P0081,316,37,97732.48
2025-10-01,P0081,251,36,77629.28
2025-11-01,P0081,213,87,65876.64
2025-12-01,P0081,245,51,75773.6
2023-01-01,P0082,247,57,725184.59
2023-02-01,P0082,239,73,701696.83
2023-03-01,P0082,348,29,1021717.56
2023-04-01,P0082,295,42,866111.15
2023-05-01,P0082,279,41,819135.63
2023-06-01,P0082,269,23,789775.93
2023-07-01,P0082,274,79,804455.78
2023-08-01,P0082,283,26,830879.51
2023-09-01,P0082,246,77,722248.62
2023-10-01,P0082,286,46,839687.42
2023-11-01,P0082,305,29,895470.85
2023-12-01,P0082,233,82,684081.01
2024-01-01,P0082,318,28,933638.46
2024-02-01,P0082,276,81,810327.72
2024-03-01,P0082,238,61,698760.86
2024-04-01,P0082,216,79,634169.52
2024-05-01,P0082,285,70,836751.45
2024-06-01,P0082,291,43,854367.27
2024-07-01,P0082,325,85,954190.25
2024-08-01,P0082,333,47,977678.01
2024-09-01,P0082,345,76,1012909.65
2024-10-01,P0082,273,68,801519.81
2024-11-01,P0082,265,83,778032.05
2024-12-01,P0082,227,66,666465.19
2025-01-01,P0082,302,68,886662.94
2025-02-01,P0082,391,71,1147964.27
2025-03-01,P0082,246,48,722248.62
2025-04-01,P0082,344,78,1009973.68
2025-05-01,P0082,321,70,942446.37
2025-06-01,P0082,265,50,778032.05
2025-07-01,P0082,297,77,871983.09
2025-08-01,P0082,154,45,452139.38
2025-09-01,P0082,215,44,631233.55
2025-10-01,P0082,303,62,889598.91
2025-11-01,P0082,238,52,698760.86
2025-12-01,P0082,256,79,751608.32
2023-01-01,P0083,69,55,697367.82
2023-02-01,P0083,169,23,1708045.82
2023-03-01,P0083,74,28,747901.72
2023-04-01,P0083,125,87,1263347.5
2023-05-01,P0083,74,28,747901.72
2023-06-01,P0083,115,66,1162279.7
2023-07-01,P0083,102,32,1030891.56
2023-08-01,P0083,87,21,879289.86
2023-09-01,P0083,106,63,1071318.68
2023-10-01,P0083,139,73,1404842.42
2023-11-01,P0083,105,88,1061211.9
2023-12-01,P0083,99,86,1000571.22
2024-01-01,P0083,104,68,1051105.12
2024-02-01,P0083,101,34,1020784.78
2024-03-01,P0083,99,62,1000571.22
2024-04-01,P0083,146,67,1475589.88
2024-05-01,P0083,130,67,1313881.4
2024-06-01,P0083,120,44,1212813.6
2024-07-01,P0083,132,60,1334094.96
2024-08-01,P0083,107,29,1081425.46
2024-09-01,P0083,103,50,1040998.34
2024-10-01,P0083,86,61,869183.08
2024-11-01,P0083,102,40,1030891.56
2024-12-01,P0083,129,27,1303774.62
2025-01-01,P0083,79,78,798435.62
2025-02-01,P0083,127,70,1283561.06
2025-03-01,P0083,106,73,1071318.68
2025-04-01,P0083,104,82,1051105.12
2025-05-01,P0083,97,86,980357.66
2025-06-01,P0083,82,86,828755.96
2025-07-01,P0083,92,72,929823.76
2025-08-01,P0083,59,85,596300.02
2025-09-01,P0083,136,52,1374522.08
2025-10-01,P0083,110,37,1111745.8
2025-11-01,P0083,128,83,1293667.84
2025-12-01,P0083,120,62,1212813.6
2023-01-01,P0084,574,57,1821904.7
2023-02-01,P0084,456,69,1447366.8
2023-03-01,P0084,312,70,990303.6
2023-04-01,P0084,494,36,1567980.7
2023-05-01,P0084,457,45,1450540.85
2023-06-01,P0084,416,58,1320404.8
2023-07-01,P0084,412,54,1307708.6
2023-08-01,P0084,356,70,1129961.8
2023-09-01,P0084,451,43,1431496.55
2023-10-01,P0084,419,37,1329926.95
2023-11-01,P0084,438,78,1390233.9
2023-12-01,P0084,388,89,1231531.4
2024-01-01,P0084,450,80,1428322.5
2024-02-01,P0084,461,69,1463237.05
2024-03-01,P0084,428,30,1358493.4
2024-04-01,P0084,466,86,1479107.3
2024-05-01,P0084,401,81,1272794.05
2024-06-01,P0084,365,20,1158528.25
2024-07-01,P0084,271,64,860167.55
2024-08-01,P0084,461,81,1463237.05
2024-09-01,P0084,570,23,1809208.5
2024-10-01,P0084,380,87,1206139.0
2024-11-01,P0084,369,35,1171224.45
2024-12-01,P0084,341,27,1082351.05
2025-01-01,P0084,455,29,1444192.75
2025-02-01,P0084,377,46,1196616.85
2025-03-01,P0084,385,58,1222009.25
2025-04-01,P0084,392,45,1244227.6
2025-05-01,P0084,470,58,1491803.5
2025-06-01,P0084,256,38,812556.8
2025-07-01,P0084,535,73,1698116.75
2025-08-01,P0084,508,73,1612417.4
2025-09-01,P0084,486,59,1542588.3
2025-10-01,P0084,432,47,1371189.6
2025-11-01,P0084,367,32,1164876.35
2025-12-01,P0084,388,39,1231531.4
2023-01-01,P0085,131,84,79435.78
2023-02-01,P0085,98,89,59425.24
2023-03-01,P0085,102,61,61850.76
2023-04-01,P0085,101,34,61244.38
2023-05-01,P0085,61,87,36989.18
2023-06-01,P0085,84,39,50935.92
2023-07-01,P0085,82,31,49723.16
2023-08-01,P0085,133,71,80648.54
2023-09-01,P0085,80,53,48510.4
2023-10-01,P0085,59,38,35776.42
2023-11-01,P0085,88,26,53361.44
2023-12-01,P0085,66,21,40021.08
2024-01-01,P0085,90,26,54574.2
2024-02-01,P0085,94,20,56999.72
2024-03-01,P0085,51,88,30925.38
2024-04-01,P0085,122,77,73978.36
2024-05-01,P0085,88,88,53361.44
2024-06-01,P0085,116,68,70340.08
2024-07-01,P0085,97,76,58818.86
2024-08-01,P0085,73,40,44265.74
2024-09-01,P0085,116,88,70340.08
2024-10-01,P0085,61,20,36989.18
2024-11-01,P0085,110,67,66701.8
2024-12-01,P0085,75,77,45478.5
2025-01-01,P0085,106,87,64276.28
2025-02-01,P0085,110,34,66701.8
2025-03-01,P0085,90,22,54574.2
2025-04-01,P0085,85,32,51542.3
2025-05-01,P0085,93,20,56393.34
2025-06-01,P0085,85,50,51542.3
2025-07-01,P0085,111,67,67308.18
2025-08-01,P0085,95,51,57606.1
2025-09-01,P0085,99,27,60031.62
2025-10-01,P0085,86,53,52148.68
2025-11-01,P0085,120,87,72765.6
2025-12-01,P0085,86,53,52148.68
2023-01-01,P0086,287,72,560083.37
2023-02-01,P0086,324,83,632289.24
2023-03-01,P0086,262,44,511295.62
2023-04-01,P0086,297,81,579598.47
2023-05-01,P0086,310,35,604968.1
2023-06-01,P0086,297,71,579598.47
2023-07-01,P0086,298,57,581549.98
2023-08-01,P0086,338,82,659610.38
2023-09-01,P0086,315,21,614725.65
2023-10-01,P0086,284,83,554228.84
2023-11-01,P0086,266,56,519101.66
2023-12-01,P0086,347,38,677173.97
2024-01-01,P0086,317,38,618628.67
2024-02-01,P0086,354,51,690834.54
2024-03-01,P0086,268,66,523004.68
2024-04-01,P0086,342,24,667416.42
2024-05-01,P0086,223,41,435186.73
2024-06-01,P0086,302,35,589356.02
2024-07-01,P0086,322,44,628386.22
2024-08-01,P0086,277,48,540568.27
2024-09-01,P0086,384,27,749379.84
2024-10-01,P0086,338,43,659610.38
2024-11-01,P0086,295,47,575695.45
2024-12-01,P0086,272,40,530810.72
2025-01-01,P0086,315,28,614725.65
2025-02-01,P0086,214,58,417623.14
2025-03-01,P0086,336,74,655707.36
2025-04-01,P0086,343,79,669367.93
2025-05-01,P0086,316,50,616677.16
2025-06-01,P0086,320,47,624483.2
2025-07-01,P0086,292,31,569840.92
2025-08-01,P0086,179,25,349320.29
2025-09-01,P0086,228,71,444944.28
2025-10-01,P0086,209,22,407865.59
2025-11-01,P0086,278,21,542519.78
2025-12-01,P0086,346,70,675222.46
2023-01-01,P0087,99,31,111513.6
2023-02-01,P0087,89,66,100249.6
2023-03-01,P0087,98,54,110387.2
2023-04-01,P0087,84,89,94617.6
2023-05-01,P0087,102,24,114892.8
2023-06-01,P0087,102,61,114892.8
2023-07-01,P0087,98,86,110387.2
2023-08-01,P0087,161,75,181350.4
2023-09-01,P0087,118,33,132915.2
2023-10-01,P0087,109,61,122777.6
2023-11-01,P0087,113,68,127283.2
2023-12-01,P0087,136,50,153190.4
2024-01-01,P0087,114,45,128409.6
2024-02-01,P0087,159,84,179097.6
2024-03-01,P0087,120,72,135168.0
2024-04-01,P0087,126,63,141926.4
2024-05-01,P0087,119,33,134041.6
2024-06-01,P0087,102,70,114892.8
2024-07-01,P0087,129,24,145305.6
2024-08-01,P0087,98,52,110387.2
2024-09-01,P0087,141,88,158822.4
2024-10-01,P0087,101,71,113766.4
2024-11-01,P0087,104,34,117145.6
2024-12-01,P0087,128,40,144179.2
2025-01-01,P0087,80,26,90112.0
2025-02-01,P0087,127,74,143052.8
2025-03-01,P0087,96,62,108134.4
2025-04-01,P0087,100,88,112640.0
2025-05-01,P0087,149,42,167833.6
2025-06-01,P0087,99,89,111513.6
2025-07-01,P0087,142,43,159948.8
2025-08-01,P0087,116,34,130662.4
2025-09-01,P0087,144,32,162201.6
2025-10-01,P0087,82,48,92364.8
2025-11-01,P0087,85,65,95744.0
2025-12-01,P0087,135,35,152064.0
2023-01-01,P0088,471,70,5003823.93
2023-02-01,P0088,353,33,3750211.99
2023-03-01,P0088,327,44,3473992.41
2023-04-01,P0088,366,71,3888321.78
2023-05-01,P0088,286,64,3038415.38
2023-06-01,P0088,278,82,2953424.74
2023-07-01,P0088,470,21,4993200.1
2023-08-01,P0088,349,61,3707716.67
2023-09-01,P0088,435,57,4621366.05
2023-10-01,P0088,338,90,3590854.54
2023-11-01,P0088,375,41,3983936.25
2023-12-01,P0088,335,41,3558983.05
2024-01-01,P0088,410,86,4355770.3
2024-02-01,P0088,392,52,4164541.36
2024-03-01,P0088,415,78,4408889.45
2024-04-01,P0088,331,90,3516487.73
2024-05-01,P0088,264,44,2804691.12
2024-06-01,P0088,387,63,4111422.21
2024-07-01,P0088,319,21,3389001.77
2024-08-01,P0088,423,33,4493880.09
2024-09-01,P0088,399,72,4238908.17
2024-10-01,P0088,428,48,4546999.24
2024-11-01,P0088,331,50,3516487.73
2024-12-01,P0088,370,45,3930817.1
2025-01-01,P0088,327,75,3473992.41
2025-02-01,P0088,293,32,3112782.19
2025-03-01,P0088,466,61,4950704.78
2025-04-01,P0088,374,25,3973312.42
2025-05-01,P0088,414,78,4398265.62
2025-06-01,P0088,335,43,3558983.05
2025-07-01,P0088,313,75,3325258.79
2025-08-01,P0088,332,74,3527111.56
2025-09-01,P0088,401,81,4260155.83
2025-10-01,P0088,312,28,3314634.96
2025-11-01,P0088,376,72,3994560.08
2025-12-01,P0088,329,37,3495240.07
2023-01-01,P0089,473,60,911054.76
2023-02-01,P0089,358,69,689550.96
2023-03-01,P0089,283,39,545091.96
2023-04-01,P0089,477,68,918759.24
2023-05-01,P0089,284,75,547018.08
2023-06-01,P0089,362,65,697255.44
2023-07-01,P0089,208,81,400632.96
2023-08-01,P0089,446,88,859049.52
2023-09-01,P0089,395,33,760817.4
2023-10-01,P0089,338,69,651028.56
2023-11-01,P0089,405,67,780078.6
2023-12-01,P0089,428,78,824379.36
2024-01-01,P0089,361,56,695329.32
2024-02-01,P0089,307,67,591318.84
2024-03-01,P0089,449,85,864827.88
2024-04-01,P0089,416,22,801265.92
2024-05-01,P0089,398,38,766595.76
2024-06-01,P0089,369,84,710738.28
2024-07-01,P0089,284,36,547018.08
2024-08-01,P0089,393,55,756965.16
2024-09-01,P0089,399,25,768521.88
2024-10-01,P0089,406,37,782004.72
2024-11-01,P0089,295,32,568205.4
2024-12-01,P0089,274,24,527756.88
2025-01-01,P0089,466,30,897571.92
2025-02-01,P0089,379,42,729999.48
2025-03-01,P0089,332,44,639471.84
2025-04-01,P0089,370,79,712664.4
2025-05-01,P0089,311,26,599023.32
2025-06-01,P0089,411,39,791635.32
2025-07-01,P0089,407,73,783930.84
2025-08-01,P0089,287,70,552796.44
2025-09-01,P0089,207,33,398706.84
2025-10-01,P0089,437,34,841714.44
2025-11-01,P0089,394,66,758891.28
2025-12-01,P0089,363,82,699181.56
2023-01-01,P0090,155,69,771549.7
2023-02-01,P0090,127,63,632172.98
2023-03-01,P0090,138,40,686928.12
2023-04-01,P0090,107,32,532618.18
2023-05-01,P0090,88,46,438041.12
2023-06-01,P0090,129,75,642128.46
2023-07-01,P0090,98,64,487818.52
2023-08-01,P0090,72,40,358397.28
2023-09-01,P0090,95,53,472885.3
2023-10-01,P0090,133,46,662039.42
2023-11-01,P0090,111,58,552529.14
2023-12-01,P0090,91,46,452974.34
2024-01-01,P0090,104,62,517684.96
2024-02-01,P0090,106,74,527640.44
2024-03-01,P0090,149,89,741683.26
2024-04-01,P0090,135,52,671994.9
2024-05-01,P0090,129,22,642128.46
2024-06-01,P0090,165,24,821327.1
2024-07-01,P0090,91,71,452974.34
2024-08-01,P0090,112,64,557506.88
2024-09-01,P0090,114,88,567462.36
2024-10-01,P0090,139,68,691905.86
2024-11-01,P0090,142,29,706839.08
2024-12-01,P0090,142,63,706839.08
2025-01-01,P0090,118,84,587373.32
2025-02-01,P0090,132,52,657061.68
2025-03-01,P0090,104,49,517684.96
2025-04-01,P0090,110,63,547551.4
2025-05-01,P0090,168,35,836260.32
2025-06-01,P0090,130,59,647106.2
2025-07-01,P0090,139,28,691905.86
2025-08-01,P0090,95,84,472885.3
2025-09-01,P0090,166,87,826304.84
2025-10-01,P0090,85,38,423107.9
2025-11-01,P0090,172,57,856171.28
2025-12-01,P0090,102,46,507729.48
2023-01-01,P0091,211,82,1295366.98
2023-02-01,P0091,257,65,1577769.26
2023-03-01,P0091,273,24,1675996.14
2023-04-01,P0091,283,25,1737387.94
2023-05-01,P0091,206,69,1264671.08
2023-06-01,P0091,285,72,1749666.3
2023-07-01,P0091,211,40,1295366.98
2023-08-01,P0091,287,41,1761944.66
2023-09-01,P0091,317,82,1946120.06
2023-10-01,P0091,246,83,1510238.28
2023-11-01,P0091,180,30,1105052.4
2023-12-01,P0091,274,39,1682135.32
2024-01-01,P0091,209,33,1283088.62
2024-02-01,P0091,297,21,1823336.46
2024-03-01,P0091,178,41,1092774.04
2024-04-01,P0091,241,26,1479542.38
2024-05-01,P0091,199,82,1221696.82
2024-06-01,P0091,239,58,1467264.02
2024-07-01,P0091,268,51,1645300.24
2024-08-01,P0091,336,36,2062764.48
2024-09-01,P0091,285,31,1749666.3
2024-10-01,P0091,349,27,2142573.82
2024-11-01,P0091,224,63,1375176.32
2024-12-01,P0091,259,75,1590047.62
2025-01-01,P0091,303,24,1860171.54
2025-02-01,P0091,269,35,1651439.42
2025-03-01,P0091,235,76,1442707.3
2025-04-01,P0091,195,33,1197140.1
2025-05-01,P0091,194,71,1191000.92
2025-06-01,P0091,268,54,1645300.24
2025-07-01,P0091,249,67,1528655.82
2025-08-01,P0091,243,54,1491820.74
2025-09-01,P0091,208,57,1276949.44
2025-10-01,P0091,220,35,1350619.6
2025-11-01,P0091,266,32,1633021.88
2025-12-01,P0091,184,42,1129609.12
2023-01-01,P0092,166,29,17272.3
2023-02-01,P0092,135,77,14046.75
2023-03-01,P0092,166,47,17272.3
2023-04-01,P0092,279,86,29029.95
2023-05-01,P0092,219,55,22786.95
2023-06-01,P0092,219,30,22786.95
2023-07-01,P0092,206,82,21434.3
2023-08-01,P0092,207,67,21538.35
2023-09-01,P0092,165,23,17168.25
2023-10-01,P0092,188,43,19561.4
2023-11-01,P0092,205,38,21330.25
2023-12-01,P0092,167,81,17376.35
2024-01-01,P0092,200,89,20810.0
2024-02-01,P0092,219,48,22786.95
2024-03-01,P0092,189,33,19665.45
2024-04-01,P0092,277,35,28821.85
2024-05-01,P0092,246,69,25596.3
2024-06-01,P0092,204,63,21226.2
2024-07-01,P0092,231,38,24035.55
2024-08-01,P0092,186,51,19353.3
2024-09-01,P0092,229,66,23827.45
2024-10-01,P0092,165,44,17168.25
2024-11-01,P0092,176,41,18312.8
2024-12-01,P0092,156,41,16231.8
2025-01-01,P0092,236,27,24555.8
2025-02-01,P0092,178,27,18520.9
2025-03-01,P0092,218,48,22682.9
2025-04-01,P0092,130,40,13526.5
2025-05-01,P0092,221,55,22995.05
2025-06-01,P0092,174,27,18104.7
2025-07-01,P0092,233,23,24243.65
2025-08-01,P0092,208,77,21642.4
2025-09-01,P0092,225,41,23411.25
2025-10-01,P0092,190,33,19769.5
2025-11-01,P0092,204,37,21226.2
2025-12-01,P0092,185,33,19249.25
2023-01-01,P0093,287,77,38722.04
2023-02-01,P0093,221,90,29817.32
2023-03-01,P0093,258,61,34809.36
2023-04-01,P0093,290,57,39126.8
2023-05-01,P0093,318,42,42904.56
2023-06-01,P0093,341,81,46007.72
2023-07-01,P0093,331,20,44658.52
2023-08-01,P0093,292,42,39396.64
2023-09-01,P0093,277,22,37372.84
2023-10-01,P0093,277,58,37372.84
2023-11-01,P0093,277,61,37372.84
2023-12-01,P0093,291,63,39261.72
2024-01-01,P0093,272,78,36698.24
2024-02-01,P0093,307,52,41420.44
2024-03-01,P0093,254,74,34269.68
2024-04-01,P0093,246,45,33190.32
2024-05-01,P0093,182,22,24555.44
2024-06-01,P0093,312,57,42095.04
2024-07-01,P0093,265,50,35753.8
2024-08-01,P0093,273,48,36833.16
2024-09-01,P0093,346,34,46682.32
2024-10-01,P0093,275,74,37103.0
2024-11-01,P0093,209,38,28198.28
2024-12-01,P0093,264,23,35618.88
2025-01-01,P0093,209,78,28198.28
2025-02-01,P0093,241,76,32515.72
2025-03-01,P0093,179,86,24150.68
2025-04-01,P0093,440,67,59364.8
2025-05-01,P0093,334,41,45063.28
2025-06-01,P0093,307,77,41420.44
2025-07-01,P0093,405,62,54642.6
2025-08-01,P0093,359,51,48436.28
2025-09-01,P0093,395,37,53293.4
2025-10-01,P0093,314,24,42364.88
2025-11-01,P0093,319,70,43039.48
2025-12-01,P0093,318,32,42904.56
2023-01-01,P0094,119,58,511151.41
2023-02-01,P0094,124,35,532628.36
2023-03-01,P0094,177,41,760284.03
2023-04-01,P0094,116,78,498265.24
2023-05-01,P0094,192,33,824714.88
2023-06-01,P0094,191,44,820419.49
2023-07-01,P0094,128,48,549809.92
2023-08-01,P0094,156,78,670080.84
2023-09-01,P0094,159,53,682967.01
2023-10-01,P0094,164,63,704443.96
2023-11-01,P0094,110,24,472492.9
2023-12-01,P0094,118,40,506856.02
2024-01-01,P0094,141,35,605649.99
2024-02-01,P0094,132,57,566991.48
2024-03-01,P0094,139,66,597059.21
2024-04-01,P0094,133,50,571286.87
2024-05-01,P0094,150,33,644308.5
2024-06-01,P0094,117,31,502560.63
2024-07-01,P0094,129,67,554105.31
2024-08-01,P0094,95,80,408062.05
2024-09-01,P0094,155,58,665785.45
2024-10-01,P0094,116,80,498265.24
2024-11-01,P0094,130,75,558400.7
2024-12-01,P0094,138,73,592763.82
2025-01-01,P0094,91,56,390880.49
2025-02-01,P0094,159,45,682967.01
2025-03-01,P0094,168,33,721625.52
2025-04-01,P0094,115,47,493969.85
2025-05-01,P0094,131,43,562696.09
2025-06-01,P0094,176,71,755988.64
2025-07-01,P0094,142,29,609945.38
2025-08-01,P0094,126,56,541219.14
2025-09-01,P0094,121,66,519742.19
2025-10-01,P0094,89,63,382289.71
2025-11-01,P0094,148,27,635717.72
2025-12-01,P0094,183,41,786056.37
2023-01-01,P0095,223,55,283466.45
2023-02-01,P0095,213,20,270754.95
2023-03-01,P0095,161,87,204655.15
2023-04-01,P0095,162,49,205926.3
2023-05-01,P0095,243,58,308889.45
2023-06-01,P0095,204,64,259314.6
2023-07-01,P0095,198,29,251687.7
2023-08-01,P0095,174,38,221180.1
2023-09-01,P0095,162,32,205926.3
2023-10-01,P0095,170,61,216095.5
2023-11-01,P0095,187,89,237705.05
2023-12-01,P0095,215,80,273297.25
2024-01-01,P0095,215,25,273297.25
2024-02-01,P0095,202,63,256772.3
2024-03-01,P0095,148,42,188130.2
2024-04-01,P0095,135,75,171605.25
2024-05-01,P0095,166,46,211010.9
2024-06-01,P0095,223,68,283466.45
2024-07-01,P0095,160,43,203384.0
2024-08-01,P0095,200,76,254230.0
2024-09-01,P0095,195,54,247874.25
2024-10-01,P0095,195,42,247874.25
2024-11-01,P0095,203,37,258043.45
2024-12-01,P0095,149,61,189401.35
2025-01-01,P0095,224,60,284737.6
2025-02-01,P0095,157,47,199570.55
2025-03-01,P0095,159,73,202112.85
2025-04-01,P0095,121,50,153809.15
2025-05-01,P0095,258,63,327956.7
2025-06-01,P0095,201,23,255501.15
2025-07-01,P0095,178,39,226264.7
2025-08-01,P0095,152,87,193214.8
2025-09-01,P0095,144,47,183045.6
2025-10-01,P0095,231,63,293635.65
2025-11-01,P0095,188,62,238976.2
2025-12-01,P0095,173,81,219908.95
2023-01-01,P0096,22,87,5668.96
2023-02-01,P0096,38,77,9791.84
2023-03-01,P0096,29,53,7472.72
2023-04-01,P0096,39,77,10049.52
2023-05-01,P0096,26,72,6699.68
2023-06-01,P0096,30,61,7730.4
2023-07-01,P0096,41,37,10564.88
2023-08-01,P0096,36,87,9276.48
2023-09-01,P0096,33,71,8503.44
2023-10-01,P0096,28,46,7215.04
2023-11-01,P0096,27,89,6957.36
2023-12-01,P0096,36,53,9276.48
2024-01-01,P0096,28,45,7215.04
2024-02-01,P0096,42,40,10822.56
2024-03-01,P0096,48,55,12368.64
2024-04-01,P0096,33,81,8503.44
2024-05-01,P0096,43,74,11080.24
2024-06-01,P0096,35,31,9018.8
2024-07-01,P0096,25,28,6442.0
2024-08-01,P0096,38,59,9791.84
2024-09-01,P0096,31,48,7988.08
2024-10-01,P0096,43,53,11080.24
2024-11-01,P0096,34,48,8761.12
2024-12-01,P0096,36,85,9276.48
2025-01-01,P0096,34,48,8761.12
2025-02-01,P0096,33,50,8503.44
2025-03-01,P0096,41,67,10564.88
2025-04-01,P0096,43,23,11080.24
2025-05-01,P0096,36,72,9276.48
2025-06-01,P0096,36,87,9276.48
2025-07-01,P0096,35,81,9018.8
2025-08-01,P0096,35,55,9018.8
2025-09-01,P0096,34,57,8761.12
2025-10-01,P0096,26,52,6699.68
2025-11-01,P0096,36,74,9276.48
2025-12-01,P0096,42,78,10822.56
2023-01-01,P0097,120,77,345619.2
2023-02-01,P0097,107,55,308177.12
2023-03-01,P0097,119,20,342739.04
2023-04-01,P0097,111,61,319697.76
2023-05-01,P0097,105,60,302416.8
2023-06-01,P0097,109,40,313937.44
2023-07-01,P0097,67,89,192970.72
2023-08-01,P0097,92,20,264974.72
2023-09-01,P0097,81,77,233292.96
2023-10-01,P0097,95,31,273615.2
2023-11-01,P0097,84,82,241933.44
2023-12-01,P0097,104,74,299536.64
2024-01-01,P0097,94,66,270735.04
2024-02-01,P0097,87,46,250573.92
2024-03-01,P0097,92,43,264974.72
2024-04-01,P0097,95,28,273615.2
2024-05-01,P0097,92,76,264974.72
2024-06-01,P0097,102,20,293776.32
2024-07-01,P0097,115,34,331218.4
2024-08-01,P0097,81,33,233292.96
2024-09-01,P0097,97,83,279375.52
2024-10-01,P0097,117,80,336978.72
2024-11-01,P0097,123,89,354259.68
2024-12-01,P0097,120,72,345619.2
2025-01-01,P0097,91,56,262094.56
2025-02-01,P0097,105,70,302416.8
2025-03-01,P0097,93,59,267854.88
2025-04-01,P0097,85,68,244813.6
2025-05-01,P0097,103,61,296656.48
2025-06-01,P0097,86,86,247693.76
2025-07-01,P0097,126,85,362900.16
2025-08-01,P0097,112,58,322577.92
2025-09-01,P0097,84,38,241933.44
2025-10-01,P0097,118,29,339858.88
2025-11-01,P0097,99,59,285135.84
2025-12-01,P0097,119,83,342739.04
2023-01-01,P0098,224,88,536712.96
2023-02-01,P0098,259,61,620574.36
2023-03-01,P0098,182,76,436079.28
2023-04-01,P0098,234,27,560673.36
2023-05-01,P0098,197,52,472019.88
2023-06-01,P0098,178,23,426495.12
2023-07-01,P0098,226,40,541505.04
2023-08-01,P0098,256,70,613386.24
2023-09-01,P0098,235,55,563069.4
2023-10-01,P0098,178,46,426495.12
2023-11-01,P0098,221,70,529524.84
2023-12-01,P0098,271,24,649326.84
2024-01-01,P0098,224,36,536712.96
2024-02-01,P0098,212,67,507960.48
2024-03-01,P0098,312,86,747564.48
2024-04-01,P0098,270,60,646930.8
2024-05-01,P0098,223,62,534316.92
2024-06-01,P0098,169,43,404930.76
2024-07-01,P0098,218,64,522336.72
2024-08-01,P0098,211,28,505564.44
2024-09-01,P0098,231,72,553485.24
2024-10-01,P0098,198,35,474415.92
2024-11-01,P0098,223,38,534316.92
2024-12-01,P0098,302,61,723604.08
2025-01-01,P0098,291,56,697247.64
2025-02-01,P0098,209,23,500772.36
2025-03-01,P0098,255,31,610990.2
2025-04-01,P0098,227,77,543901.08
2025-05-01,P0098,154,67,368990.16
2025-06-01,P0098,203,66,486396.12
2025-07-01,P0098,251,86,601406.04
2025-08-01,P0098,152,50,364198.08
2025-09-01,P0098,285,52,682871.4
2025-10-01,P0098,284,44,680475.36
2025-11-01,P0098,193,81,462435.72
2025-12-01,P0098,177,25,424099.08
2023-01-01,P0099,121,56,25188.57
2023-02-01,P0099,77,28,16029.09
2023-03-01,P0099,131,25,27270.27
2023-04-01,P0099,107,64,22274.19
2023-05-01,P0099,109,41,22690.53
2023-06-01,P0099,111,84,23106.87
2023-07-01,P0099,108,50,22482.36
2023-08-01,P0099,89,66,18527.13
2023-09-01,P0099,77,72,16029.09
2023-10-01,P0099,141,51,29351.97
2023-11-01,P0099,117,45,24355.89
2023-12-01,P0099,133,27,27686.61
2024-01-01,P0099,133,26,27686.61
2024-02-01,P0099,108,49,22482.36
2024-03-01,P0099,92,76,19151.64
2024-04-01,P0099,139,53,28935.63
2024-05-01,P0099,101,35,21025.17
2024-06-01,P0099,124,83,25813.08
2024-07-01,P0099,145,42,30184.65
2024-08-01,P0099,101,81,21025.17
2024-09-01,P0099,159,29,33099.03
2024-10-01,P0099,139,52,28935.63
2024-11-01,P0099,110,81,22898.7
2024-12-01,P0099,92,78,19151.64
2025-01-01,P0099,114,90,23731.38
2025-02-01,P0099,101,23,21025.17
2025-03-01,P0099,116,70,24147.72
2025-04-01,P0099,119,21,24772.23
2025-05-01,P0099,91,43,18943.47
2025-06-01,P0099,179,26,37262.43
2025-07-01,P0099,92,29,19151.64
2025-08-01,P0099,72,65,14988.24
2025-09-01,P0099,104,33,21649.68
2025-10-01,P0099,110,43,22898.7
2025-11-01,P0099,100,86,20817.0
2025-12-01,P0099,77,80,16029.09
2023-01-01,P0100,59,57,10585.78
2023-02-01,P0100,65,77,11662.3
2023-03-01,P0100,74,44,13277.08
2023-04-01,P0100,80,36,14353.6
2023-05-01,P0100,55,22,9868.1
2023-06-01,P0100,49,22,8791.58
2023-07-01,P0100,64,36,11482.88
2023-08-01,P0100,70,55,12559.4
2023-09-01,P0100,47,39,8432.74
2023-10-01,P0100,73,74,13097.66
2023-11-01,P0100,76,46,13635.92
2023-12-01,P0100,55,70,9868.1
2024-01-01,P0100,58,51,10406.36
2024-02-01,P0100,58,43,10406.36
2024-03-01,P0100,56,70,10047.52
2024-04-01,P0100,44,29,7894.48
2024-05-01,P0100,77,86,13815.34
2024-06-01,P0100,69,55,12379.98
2024-07-01,P0100,72,78,12918.24
2024-08-01,P0100,59,75,10585.78
2024-09-01,P0100,64,21,11482.88
2024-10-01,P0100,61,68,10944.62
2024-11-01,P0100,67,50,12021.14
2024-12-01,P0100,61,83,10944.62
2025-01-01,P0100,57,33,10226.94
2025-02-01,P0100,81,41,14533.02
2025-03-01,P0100,43,33,7715.06
2025-04-01,P0100,54,90,9688.68
2025-05-01,P0100,70,48,12559.4
2025-06-01,P0100,48,60,8612.16
2025-07-01,P0100,71,46,12738.82
2025-08-01,P0100,65,89,11662.3
2025-09-01,P0100,53,55,9509.26
2025-10-01,P0100,61,34,10944.62
2025-11-01,P0100,74,42,13277.08
2025-12-01,P0100,57,76,10226.94
2023-01-01,P0101,157,35,504544.62
2023-02-01,P0101,124,23,398493.84
2023-03-01,P0101,110,73,353502.6
2023-04-01,P0101,149,44,478835.34
2023-05-01,P0101,144,32,462767.04
2023-06-01,P0101,155,62,498117.3
2023-07-01,P0101,146,35,469194.36
2023-08-01,P0101,144,86,462767.04
2023-09-01,P0101,156,20,501330.96
2023-10-01,P0101,193,55,620236.38
2023-11-01,P0101,132,75,424203.12
2023-12-01,P0101,163,47,523826.58
2024-01-01,P0101,177,80,568817.82
2024-02-01,P0101,159,81,510971.94
2024-03-01,P0101,121,25,388852.86
2024-04-01,P0101,117,41,375998.22
2024-05-01,P0101,134,83,430630.44
2024-06-01,P0101,135,26,433844.1
2024-07-01,P0101,129,23,414562.14
2024-08-01,P0101,138,42,443485.08
2024-09-01,P0101,135,35,433844.1
2024-10-01,P0101,132,20,424203.12
2024-11-01,P0101,106,23,340647.96
2024-12-01,P0101,172,63,552749.52
2025-01-01,P0101,115,90,369570.9
2025-02-01,P0101,136,23,437057.76
2025-03-01,P0101,115,87,369570.9
2025-04-01,P0101,143,41,459553.38
2025-05-01,P0101,148,69,475621.68
2025-06-01,P0101,162,40,520612.92
2025-07-01,P0101,151,74,485262.66
2025-08-01,P0101,110,72,353502.6
2025-09-01,P0101,158,60,507758.28
2025-10-01,P0101,162,73,520612.92
2025-11-01,P0101,161,24,517399.26
2025-12-01,P0101,151,56,485262.66
2023-01-01,P0102,96,89,216172.8
2023-02-01,P0102,135,65,303993.0
2023-03-01,P0102,135,21,303993.0
2023-04-01,P0102,102,45,229683.6
2023-05-01,P0102,119,88,267964.2
2023-06-01,P0102,100,89,225180.0
2023-07-01,P0102,100,67,225180.0
2023-08-01,P0102,114,48,256705.2
2023-09-01,P0102,106,75,238690.8
2023-10-01,P0102,74,80,166633.2
2023-11-01,P0102,112,29,252201.6
2023-12-01,P0102,105,78,236439.0
2024-01-01,P0102,150,69,337770.0
2024-02-01,P0102,124,60,279223.2
2024-03-01,P0102,109,46,245446.2
2024-04-01,P0102,110,54,247698.0
2024-05-01,P0102,138,80,310748.4
2024-06-01,P0102,107,49,240942.6
2024-07-01,P0102,125,86,281475.0
2024-08-01,P0102,89,51,200410.2
2024-09-01,P0102,123,66,276971.4
2024-10-01,P0102,109,42,245446.2
2024-11-01,P0102,102,33,229683.6
2024-12-01,P0102,85,57,191403.0
2025-01-01,P0102,80,28,180144.0
2025-02-01,P0102,85,87,191403.0
2025-03-01,P0102,94,24,211669.2
2025-04-01,P0102,121,53,272467.8
2025-05-01,P0102,59,79,132856.2
2025-06-01,P0102,115,33,258957.0
2025-07-01,P0102,104,85,234187.2
2025-08-01,P0102,135,89,303993.0
2025-09-01,P0102,124,49,279223.2
2025-10-01,P0102,106,23,238690.8
2025-11-01,P0102,114,49,256705.2
2025-12-01,P0102,140,33,315252.0
2023-01-01,P0103,53,33,17795.81
2023-02-01,P0103,46,30,15445.42
2023-03-01,P0103,49,41,16452.73
2023-04-01,P0103,51,79,17124.27
2023-05-01,P0103,46,53,15445.42
2023-06-01,P0103,61,83,20481.97
2023-07-01,P0103,33,24,11080.41
2023-08-01,P0103,61,60,20481.97
2023-09-01,P0103,57,57,19138.89
2023-10-01,P0103,51,27,17124.27
2023-11-01,P0103,42,87,14102.34
2023-12-01,P0103,35,61,11751.95
2024-01-01,P0103,60,70,20146.2
2024-02-01,P0103,58,78,19474.66
2024-03-01,P0103,53,25,17795.81
2024-04-01,P0103,62,68,20817.74
2024-05-01,P0103,57,43,19138.89
2024-06-01,P0103,64,30,21489.28
2024-07-01,P0103,27,67,9065.79
2024-08-01,P0103,53,52,17795.81
2024-09-01,P0103,53,52,17795.81
2024-10-01,P0103,39,70,13095.03
2024-11-01,P0103,39,57,13095.03
2024-12-01,P0103,48,81,16116.96
2025-01-01,P0103,52,79,17460.04
2025-02-01,P0103,45,71,15109.65
2025-03-01,P0103,63,33,21153.51
2025-04-01,P0103,67,89,22496.59
2025-05-01,P0103,41,60,13766.57
2025-06-01,P0103,55,81,18467.35
2025-07-01,P0103,69,57,23168.13
2025-08-01,P0103,50,50,16788.5
2025-09-01,P0103,45,84,15109.65
2025-10-01,P0103,61,75,20481.97
2025-11-01,P0103,46,72,15445.42
2025-12-01,P0103,50,36,16788.5
2023-01-01,P0104,201,26,27557.1
2023-02-01,P0104,222,41,30436.2
2023-03-01,P0104,135,84,18508.5
2023-04-01,P0104,235,55,32218.5
2023-05-01,P0104,206,61,28242.6
2023-06-01,P0104,221,31,30299.1
2023-07-01,P0104,166,89,22758.6
2023-08-01,P0104,208,30,28516.8
2023-09-01,P0104,217,84,29750.7
2023-10-01,P0104,226,63,30984.6
2023-11-01,P0104,217,50,29750.7
2023-12-01,P0104,215,85,29476.5
2024-01-01,P0104,245,28,33589.5
2024-02-01,P0104,259,42,35508.9
2024-03-01,P0104,296,53,40581.6
2024-04-01,P0104,225,51,30847.5
2024-05-01,P0104,192,45,26323.2
2024-06-01,P0104,240,31,32904.0
2024-07-01,P0104,243,33,33315.3
2024-08-01,P0104,206,54,28242.6
2024-09-01,P0104,212,33,29065.2
2024-10-01,P0104,218,20,29887.8
2024-11-01,P0104,242,25,33178.2
2024-12-01,P0104,235,64,32218.5
2025-01-01,P0104,170,79,23307.0
2025-02-01,P0104,255,87,34960.5
2025-03-01,P0104,205,40,28105.5
2025-04-01,P0104,97,54,13298.7
2025-05-01,P0104,208,31,28516.8
2025-06-01,P0104,230,80,31533.0
2025-07-01,P0104,208,71,28516.8
2025-08-01,P0104,223,60,30573.3
2025-09-01,P0104,216,50,29613.6
2025-10-01,P0104,189,26,25911.9
2025-11-01,P0104,307,53,42089.7
2025-12-01,P0104,183,87,25089.3
2023-01-01,P0105,107,78,359927.67
2023-02-01,P0105,112,37,376746.72
2023-03-01,P0105,117,31,393565.77
2023-04-01,P0105,134,63,450750.54
2023-05-01,P0105,109,64,366655.29
2023-06-01,P0105,85,25,285923.85
2023-07-01,P0105,99,44,333017.19
2023-08-01,P0105,115,75,386838.15
2023-09-01,P0105,129,84,433931.49
2023-10-01,P0105,125,23,420476.25
2023-11-01,P0105,125,35,420476.25
2023-12-01,P0105,146,28,491116.26
2024-01-01,P0105,138,72,464205.78
2024-02-01,P0105,122,38,410384.82
2024-03-01,P0105,98,29,329653.38
2024-04-01,P0105,125,89,420476.25
2024-05-01,P0105,112,78,376746.72
2024-06-01,P0105,173,52,581939.13
2024-07-01,P0105,177,24,595394.37
2024-08-01,P0105,140,69,470933.4
2024-09-01,P0105,138,52,464205.78
2024-10-01,P0105,112,39,376746.72
2024-11-01,P0105,139,41,467569.59
2024-12-01,P0105,132,25,444022.92
2025-01-01,P0105,105,77,353200.05
2025-02-01,P0105,130,51,437295.3
2025-03-01,P0105,119,67,400293.39
2025-04-01,P0105,117,67,393565.77
2025-05-01,P0105,132,70,444022.92
2025-06-01,P0105,140,36,470933.4
2025-07-01,P0105,149,24,501207.69
2025-08-01,P0105,124,36,417112.44
2025-09-01,P0105,82,36,275832.42
2025-10-01,P0105,95,52,319561.95
2025-11-01,P0105,114,56,383474.34
2025-12-01,P0105,106,67,356563.86
2023-01-01,P0106,84,44,19667.76
2023-02-01,P0106,121,29,28330.94
2023-03-01,P0106,91,89,21306.74
2023-04-01,P0106,78,55,18262.92
2023-05-01,P0106,72,87,16858.08
2023-06-01,P0106,79,59,18497.06
2023-07-01,P0106,82,81,19199.48
2023-08-01,P0106,87,25,20370.18
2023-09-01,P0106,74,80,17326.36
2023-10-01,P0106,65,28,15219.1
2023-11-01,P0106,101,83,23648.14
2023-12-01,P0106,101,50,23648.14
2024-01-01,P0106,86,22,20136.04
2024-02-01,P0106,100,43,23414.0
2024-03-01,P0106,72,30,16858.08
2024-04-01,P0106,86,65,20136.04
2024-05-01,P0106,94,71,22009.16
2024-06-01,P0106,103,23,24116.42
2024-07-01,P0106,80,33,18731.2
2024-08-01,P0106,119,46,27862.66
2024-09-01,P0106,92,52,21540.88
2024-10-01,P0106,67,80,15687.38
2024-11-01,P0106,98,71,22945.72
2024-12-01,P0106,68,63,15921.52
2025-01-01,P0106,69,85,16155.66
2025-02-01,P0106,82,55,19199.48
2025-03-01,P0106,85,64,19901.9
2025-04-01,P0106,82,78,19199.48
2025-05-01,P0106,77,71,18028.78
2025-06-01,P0106,78,40,18262.92
2025-07-01,P0106,65,28,15219.1
2025-08-01,P0106,82,25,19199.48
2025-09-01,P0106,82,60,19199.48
2025-10-01,P0106,110,40,25755.4
2025-11-01,P0106,58,23,13580.12
2025-12-01,P0106,73,75,17092.22
2023-01-01,P0107,281,35,2434555.9
2023-02-01,P0107,268,21,2321925.2
2023-03-01,P0107,348,73,3015037.2
2023-04-01,P0107,351,73,3041028.9
2023-05-01,P0107,374,33,3240298.6
2023-06-01,P0107,412,44,3569526.8
2023-07-01,P0107,273,90,2365244.7
2023-08-01,P0107,309,76,2677145.1
2023-09-01,P0107,324,51,2807103.6
2023-10-01,P0107,264,56,2287269.6
2023-11-01,P0107,356,48,3084348.4
2023-12-01,P0107,311,61,2694472.9
2024-01-01,P0107,318,81,2755120.2
2024-02-01,P0107,377,29,3266290.3
2024-03-01,P0107,193,31,1672132.7
2024-04-01,P0107,302,22,2616497.8
2024-05-01,P0107,308,36,2668481.2
2024-06-01,P0107,273,49,2365244.7
2024-07-01,P0107,334,59,2893742.6
2024-08-01,P0107,219,76,1897394.1
2024-09-01,P0107,283,78,2451883.7
2024-10-01,P0107,359,26,3110340.1
2024-11-01,P0107,291,55,2521194.9
2024-12-01,P0107,316,80,2737792.4
2025-01-01,P0107,293,37,2538522.7
2025-02-01,P0107,319,26,2763784.1
2025-03-01,P0107,215,40,1862738.5
2025-04-01,P0107,313,44,2711800.7
2025-05-01,P0107,324,86,2807103.6
2025-06-01,P0107,301,89,2607833.9
2025-07-01,P0107,338,32,2928398.2
2025-08-01,P0107,243,47,2105327.7
2025-09-01,P0107,335,47,2902406.5
2025-10-01,P0107,335,77,2902406.5
2025-11-01,P0107,332,37,2876414.8
2025-12-01,P0107,349,89,3023701.1
2023-01-01,P0108,90,82,500198.4
2023-02-01,P0108,101,70,561333.76
2023-03-01,P0108,93,51,516871.68
2023-04-01,P0108,86,41,477967.36
2023-05-01,P0108,81,39,450178.56
2023-06-01,P0108,86,32,477967.36
2023-07-01,P0108,75,26,416832.0
2023-08-01,P0108,107,87,594680.32
2023-09-01,P0108,76,31,422389.76
2023-10-01,P0108,51,55,283445.76
2023-11-01,P0108,124,53,689162.24
2023-12-01,P0108,116,25,644700.16
2024-01-01,P0108,112,47,622469.12
2024-02-01,P0108,87,22,483525.12
2024-03-01,P0108,69,72,383485.44
2024-04-01,P0108,115,54,639142.4
2024-05-01,P0108,92,89,511313.92
2024-06-01,P0108,91,42,505756.16
2024-07-01,P0108,88,81,489082.88
2024-08-01,P0108,98,36,544660.48
2024-09-01,P0108,65,30,361254.4
2024-10-01,P0108,60,52,333465.6
2024-11-01,P0108,101,84,561333.76
2024-12-01,P0108,103,56,572449.28
2025-01-01,P0108,122,69,678046.72
2025-02-01,P0108,91,50,505756.16
2025-03-01,P0108,95,57,527987.2
2025-04-01,P0108,94,70,522429.44
2025-05-01,P0108,88,42,489082.88
2025-06-01,P0108,84,77,466851.84
2025-07-01,P0108,56,80,311234.56
2025-08-01,P0108,99,31,550218.24
2025-09-01,P0108,81,52,450178.56
2025-10-01,P0108,126,40,700277.76
2025-11-01,P0108,110,64,611353.6
2025-12-01,P0108,84,58,466851.84
2023-01-01,P0109,268,51,651939.48
2023-02-01,P0109,205,49,498685.05
2023-03-01,P0109,203,26,493819.83
2023-04-01,P0109,214,83,520578.54
2023-05-01,P0109,244,36,593556.84
2023-06-01,P0109,320,80,778435.2
2023-07-01,P0109,228,47,554635.08
2023-08-01,P0109,226,28,549769.86
2023-09-01,P0109,244,37,593556.84
2023-10-01,P0109,283,63,688428.63
2023-11-01,P0109,295,75,717619.95
2023-12-01,P0109,244,69,593556.84
2024-01-01,P0109,182,69,442735.02
2024-02-01,P0109,184,32,447600.24
2024-03-01,P0109,186,56,452465.46
2024-04-01,P0109,217,70,527876.37
2024-05-01,P0109,199,65,484089.39
2024-06-01,P0109,323,70,785733.03
2024-07-01,P0109,273,34,664102.53
2024-08-01,P0109,303,52,737080.83
2024-09-01,P0109,239,41,581393.79
2024-10-01,P0109,225,70,547337.25
2024-11-01,P0109,217,73,527876.37
2024-12-01,P0109,231,27,561932.91
2025-01-01,P0109,230,60,559500.3
2025-02-01,P0109,243,49,591124.23
2025-03-01,P0109,247,44,600854.67
2025-04-01,P0109,278,41,676265.58
2025-05-01,P0109,287,21,698159.07
2025-06-01,P0109,220,46,535174.2
2025-07-01,P0109,137,48,333267.57
2025-08-01,P0109,156,20,379487.16
2025-09-01,P0109,265,22,644641.65
2025-10-01,P0109,170,88,413543.7
2025-11-01,P0109,293,88,712754.73
2025-12-01,P0109,253,46,615450.33
2023-01-01,P0110,271,71,804929.62
2023-02-01,P0110,304,34,902946.88
2023-03-01,P0110,239,62,709882.58
2023-04-01,P0110,310,82,920768.2
2023-05-01,P0110,269,59,798989.18
2023-06-01,P0110,231,57,686120.82
2023-07-01,P0110,370,48,1098981.4
2023-08-01,P0110,231,53,686120.82
2023-09-01,P0110,280,36,831661.6
2023-10-01,P0110,395,90,1173236.9
2023-11-01,P0110,243,87,721763.46
2023-12-01,P0110,231,32,686120.82
2024-01-01,P0110,392,35,1164326.24
2024-02-01,P0110,442,85,1312837.24
2024-03-01,P0110,316,59,938589.52
2024-04-01,P0110,328,71,974232.16
2024-05-01,P0110,389,43,1155415.58
2024-06-01,P0110,369,84,1096011.18
2024-07-01,P0110,375,42,1113832.5
2024-08-01,P0110,446,21,1324718.12
2024-09-01,P0110,333,34,989083.26
2024-10-01,P0110,360,26,1069279.2
2024-11-01,P0110,235,82,698001.7
2024-12-01,P0110,231,36,686120.82
2025-01-01,P0110,326,42,968291.72
2025-02-01,P0110,352,88,1045517.44
2025-03-01,P0110,272,79,807899.84
2025-04-01,P0110,411,34,1220760.42
2025-05-01,P0110,332,30,986113.04
2025-06-01,P0110,304,72,902946.88
2025-07-01,P0110,307,56,911857.54
2025-08-01,P0110,351,87,1042547.22
2025-09-01,P0110,327,86,971261.94
2025-10-01,P0110,347,82,1030666.34
2025-11-01,P0110,434,90,1289075.48
2025-12-01,P0110,378,88,1122743.16
2023-01-01,P0111,118,48,333345.28
2023-02-01,P0111,187,82,528267.52
2023-03-01,P0111,130,49,367244.8
2023-04-01,P0111,155,43,437868.8
2023-05-01,P0111,139,23,392669.44
2023-06-01,P0111,180,43,508492.8
2023-07-01,P0111,205,65,579116.8
2023-08-01,P0111,119,46,336170.24
2023-09-01,P0111,154,62,435043.84
2023-10-01,P0111,139,49,392669.44
2023-11-01,P0111,184,73,519792.64
2023-12-01,P0111,135,60,381369.6
2024-01-01,P0111,176,56,497192.96
2024-02-01,P0111,186,20,525442.56
2024-03-01,P0111,139,42,392669.44
2024-04-01,P0111,166,79,468943.36
2024-05-01,P0111,198,88,559342.08
2024-06-01,P0111,139,72,392669.44
2024-07-01,P0111,138,62,389844.48
2024-08-01,P0111,163,73,460468.48
2024-09-01,P0111,154,25,435043.84
2024-10-01,P0111,133,83,375719.68
2024-11-01,P0111,170,55,480243.2
2024-12-01,P0111,168,29,474593.28
2025-01-01,P0111,117,73,330520.32
2025-02-01,P0111,157,88,443518.72
2025-03-01,P0111,97,86,274021.12
2025-04-01,P0111,160,30,451993.6
2025-05-01,P0111,205,29,579116.8
2025-06-01,P0111,113,49,319220.48
2025-07-01,P0111,174,56,491543.04
2025-08-01,P0111,143,72,403969.28
2025-09-01,P0111,160,86,451993.6
2025-10-01,P0111,144,55,406794.24
2025-11-01,P0111,158,31,446343.68
2025-12-01,P0111,167,90,471768.32
2023-01-01,P0112,181,67,715509.29
2023-02-01,P0112,193,45,762946.37
2023-03-01,P0112,231,87,913163.79
2023-04-01,P0112,238,49,940835.42
2023-05-01,P0112,197,32,778758.73
2023-06-01,P0112,282,82,1114771.38
2023-07-01,P0112,277,63,1095005.93
2023-08-01,P0112,230,27,909210.7
2023-09-01,P0112,242,21,956647.78
2023-10-01,P0112,213,62,842008.17
2023-11-01,P0112,196,72,774805.64
2023-12-01,P0112,194,30,766899.46
2024-01-01,P0112,230,53,909210.7
2024-02-01,P0112,218,88,861773.62
2024-03-01,P0112,181,22,715509.29
2024-04-01,P0112,238,29,940835.42
2024-05-01,P0112,162,47,640400.58
2024-06-01,P0112,250,55,988272.5
2024-07-01,P0112,189,45,747134.01
2024-08-01,P0112,178,57,703650.02
2024-09-01,P0112,245,50,968507.05
2024-10-01,P0112,191,87,755040.19
2024-11-01,P0112,152,81,600869.68
2024-12-01,P0112,203,30,802477.27
2025-01-01,P0112,251,49,992225.59
2025-02-01,P0112,212,52,838055.08
2025-03-01,P0112,247,58,976413.23
2025-04-01,P0112,190,50,751087.1
2025-05-01,P0112,214,34,845961.26
2025-06-01,P0112,238,63,940835.42
2025-07-01,P0112,167,47,660166.03
2025-08-01,P0112,224,72,885492.16
2025-09-01,P0112,194,83,766899.46
2025-10-01,P0112,213,65,842008.17
2025-11-01,P0112,241,49,952694.69
2025-12-01,P0112,277,65,1095005.93
2023-01-01,P0113,298,53,4191396.82
2023-02-01,P0113,256,75,3600663.04
2023-03-01,P0113,290,59,4078876.1
2023-04-01,P0113,320,60,4500828.8
2023-05-01,P0113,382,81,5372864.38
2023-06-01,P0113,303,65,4261722.27
2023-07-01,P0113,378,43,5316604.02
2023-08-01,P0113,314,74,4416438.26
2023-09-01,P0113,339,40,4768065.51
2023-10-01,P0113,420,35,5907337.8
2023-11-01,P0113,285,44,4008550.65
2023-12-01,P0113,288,47,4050745.92
2024-01-01,P0113,452,90,6357420.68
2024-02-01,P0113,343,81,4824325.87
2024-03-01,P0113,308,71,4332047.72
2024-04-01,P0113,333,20,4683674.97
2024-05-01,P0113,369,38,5190018.21
2024-06-01,P0113,495,21,6962219.55
2024-07-01,P0113,217,59,3052124.53
2024-08-01,P0113,417,34,5865142.53
2024-09-01,P0113,262,61,3685053.58
2024-10-01,P0113,270,63,3797574.3
2024-11-01,P0113,376,87,5288473.84
2024-12-01,P0113,294,51,4135136.46
2025-01-01,P0113,390,26,5485385.1
2025-02-01,P0113,264,34,3713183.76
2025-03-01,P0113,313,32,4402373.17
2025-04-01,P0113,233,72,3277165.97
2025-05-01,P0113,504,57,7088805.36
2025-06-01,P0113,226,75,3178710.34
2025-07-01,P0113,349,48,4908716.41
2025-08-01,P0113,328,35,4613349.52
2025-09-01,P0113,365,43,5133757.85
2025-10-01,P0113,374,28,5260343.66
2025-11-01,P0113,447,39,6287095.23
2025-12-01,P0113,198,88,2784887.82
2023-01-01,P0114,174,48,870920.46
2023-02-01,P0114,118,30,590624.22
2023-03-01,P0114,148,20,740782.92
2023-04-01,P0114,120,26,600634.8
2023-05-01,P0114,169,70,845894.01
2023-06-01,P0114,118,38,590624.22
2023-07-01,P0114,153,60,765809.37
2023-08-01,P0114,183,34,915968.07
2023-09-01,P0114,168,37,840888.72
2023-10-01,P0114,158,54,790835.82
2023-11-01,P0114,160,21,800846.4
2023-12-01,P0114,177,42,885936.33
2024-01-01,P0114,196,28,981036.84
2024-02-01,P0114,127,86,635671.83
2024-03-01,P0114,228,25,1141206.12
2024-04-01,P0114,168,27,840888.72
2024-05-01,P0114,132,23,660698.28
2024-06-01,P0114,154,28,770814.66
2024-07-01,P0114,164,51,820867.56
2024-08-01,P0114,88,36,440465.52
2024-09-01,P0114,150,67,750793.5
2024-10-01,P0114,190,44,951005.1
2024-11-01,P0114,158,29,790835.82
2024-12-01,P0114,212,33,1061121.48
2025-01-01,P0114,121,39,605640.09
2025-02-01,P0114,147,26,735777.63
2025-03-01,P0114,151,52,755798.79
2025-04-01,P0114,180,79,900952.2
2025-05-01,P0114,184,41,920973.36
2025-06-01,P0114,152,79,760804.08
2025-07-01,P0114,234,21,1171237.86
2025-08-01,P0114,149,21,745788.21
2025-09-01,P0114,87,50,435460.23
2025-10-01,P0114,184,33,920973.36
2025-11-01,P0114,145,84,725767.05
2025-12-01,P0114,198,65,991047.42
2023-01-01,P0115,46,44,31106.58
2023-02-01,P0115,58,41,39221.34
2023-03-01,P0115,77,66,52069.71
2023-04-01,P0115,70,23,47336.1
2023-05-01,P0115,73,66,49364.79
2023-06-01,P0115,54,50,36516.42
2023-07-01,P0115,62,23,41926.26
2023-08-01,P0115,66,48,44631.18
2023-09-01,P0115,79,53,53422.17
2023-10-01,P0115,103,71,69651.69
2023-11-01,P0115,96,63,64918.08
2023-12-01,P0115,93,85,62889.39
2024-01-01,P0115,73,61,49364.79
2024-02-01,P0115,79,66,53422.17
2024-03-01,P0115,84,66,56803.32
2024-04-01,P0115,100,23,67623.0
2024-05-01,P0115,66,42,44631.18
2024-06-01,P0115,70,56,47336.1
2024-07-01,P0115,78,49,52745.94
2024-08-01,P0115,87,75,58832.01
2024-09-01,P0115,68,24,45983.64
2024-10-01,P0115,56,59,37868.88
2024-11-01,P0115,68,33,45983.64
2024-12-01,P0115,82,33,55450.86
2025-01-01,P0115,65,24,43954.95
2025-02-01,P0115,67,51,45307.41
2025-03-01,P0115,84,76,56803.32
2025-04-01,P0115,74,52,50041.02
2025-05-01,P0115,73,25,49364.79
2025-06-01,P0115,50,74,33811.5
2025-07-01,P0115,81,26,54774.63
2025-08-01,P0115,66,26,44631.18
2025-09-01,P0115,66,57,44631.18
2025-10-01,P0115,67,61,45307.41
2025-11-01,P0115,79,35,53422.17
2025-12-01,P0115,58,37,39221.34
2023-01-01,P0116,288,74,251421.12
2023-02-01,P0116,237,54,206898.63
2023-03-01,P0116,225,81,196422.75
2023-04-01,P0116,279,54,243564.21
2023-05-01,P0116,226,58,197295.74
2023-06-01,P0116,300,48,261897.0
2023-07-01,P0116,226,81,197295.74
2023-08-01,P0116,249,69,217374.51
2023-09-01,P0116,206,34,179835.94
2023-10-01,P0116,250,24,218247.5
2023-11-01,P0116,268,39,233961.32
2023-12-01,P0116,242,66,211263.58
2024-01-01,P0116,295,55,257532.05
2024-02-01,P0116,243,56,212136.57
2024-03-01,P0116,239,67,208644.61
2024-04-01,P0116,301,40,262769.99
2024-05-01,P0116,239,88,208644.61
2024-06-01,P0116,243,76,212136.57
2024-07-01,P0116,327,33,285467.73
2024-08-01,P0116,268,54,233961.32
2024-09-01,P0116,220,86,192057.8
2024-10-01,P0116,207,86,180708.93
2024-11-01,P0116,289,29,252294.11
2024-12-01,P0116,264,46,230469.36
2025-01-01,P0116,120,58,104758.8
2025-02-01,P0116,224,32,195549.76
2025-03-01,P0116,232,67,202533.68
2025-04-01,P0116,179,82,156265.21
2025-05-01,P0116,223,32,194676.77
2025-06-01,P0116,222,37,193803.78
2025-07-01,P0116,228,30,199041.72
2025-08-01,P0116,244,42,213009.56
2025-09-01,P0116,222,74,193803.78
2025-10-01,P0116,321,54,280229.79
2025-11-01,P0116,218,82,190311.82
2025-12-01,P0116,218,34,190311.82
2023-01-01,P0117,235,82,734398.5
2023-02-01,P0117,202,33,631270.2
2023-03-01,P0117,254,29,793775.4
2023-04-01,P0117,240,24,750024.0
2023-05-01,P0117,215,25,671896.5
2023-06-01,P0117,237,77,740648.7
2023-07-01,P0117,308,65,962530.8
2023-08-01,P0117,266,29,831276.6
2023-09-01,P0117,173,42,540642.3
2023-10-01,P0117,246,33,768774.6
2023-11-01,P0117,223,88,696897.3
2023-12-01,P0117,233,27,728148.3
2024-01-01,P0117,275,54,859402.5
2024-02-01,P0117,221,50,690647.1
2024-03-01,P0117,238,75,743773.8
2024-04-01,P0117,234,40,731273.4
2024-05-01,P0117,242,82,756274.2
2024-06-01,P0117,189,35,590643.9
2024-07-01,P0117,126,77,393762.6
2024-08-01,P0117,192,75,600019.2
2024-09-01,P0117,275,45,859402.5
2024-10-01,P0117,169,52,528141.9
2024-11-01,P0117,242,47,756274.2
2024-12-01,P0117,333,34,1040658.3
2025-01-01,P0117,239,81,746898.9
2025-02-01,P0117,208,67,650020.8
2025-03-01,P0117,227,38,709397.7
2025-04-01,P0117,299,48,934404.9
2025-05-01,P0117,258,24,806275.8
2025-06-01,P0117,261,45,815651.1
2025-07-01,P0117,231,67,721898.1
2025-08-01,P0117,214,39,668771.4
2025-09-01,P0117,314,73,981281.4
2025-10-01,P0117,236,21,737523.6
2025-11-01,P0117,204,43,637520.4
2025-12-01,P0117,233,55,728148.3
2023-01-01,P0118,227,75,28783.6
2023-02-01,P0118,392,68,49705.6
2023-03-01,P0118,326,72,41336.8
2023-04-01,P0118,200,50,25360.0
2023-05-01,P0118,195,64,24726.0
2023-06-01,P0118,262,83,33221.6
2023-07-01,P0118,293,45,37152.4
2023-08-01,P0118,243,59,30812.4
2023-09-01,P0118,327,73,41463.6
2023-10-01,P0118,251,38,31826.8
2023-11-01,P0118,298,49,37786.4
2023-12-01,P0118,295,43,37406.0
2024-01-01,P0118,377,31,47803.6
2024-02-01,P0118,304,70,38547.2
2024-03-01,P0118,300,87,38040.0
2024-04-01,P0118,283,41,35884.4
2024-05-01,P0118,163,56,20668.4
2024-06-01,P0118,364,32,46155.2
2024-07-01,P0118,253,76,32080.4
2024-08-01,P0118,340,62,43112.0
2024-09-01,P0118,278,51,35250.4
2024-10-01,P0118,254,47,32207.2
2024-11-01,P0118,263,37,33348.4
2024-12-01,P0118,360,55,45648.0
2025-01-01,P0118,333,24,42224.4
2025-02-01,P0118,298,48,37786.4
2025-03-01,P0118,339,52,42985.2
2025-04-01,P0118,370,38,46916.0
2025-05-01,P0118,283,51,35884.4
2025-06-01,P0118,240,66,30432.0
2025-07-01,P0118,314,23,39815.2
2025-08-01,P0118,272,46,34489.6
2025-09-01,P0118,352,49,44633.6
2025-10-01,P0118,251,44,31826.8
2025-11-01,P0118,223,74,28276.4
2025-12-01,P0118,309,61,39181.2
2023-01-01,P0119,290,55,763877.4
2023-02-01,P0119,226,31,595297.56
2023-03-01,P0119,210,89,553152.6
2023-04-01,P0119,211,35,555786.66
2023-05-01,P0119,210,69,553152.6
2023-06-01,P0119,212,39,558420.72
2023-07-01,P0119,228,46,600565.68
2023-08-01,P0119,209,20,550518.54
2023-09-01,P0119,245,41,645344.7
2023-10-01,P0119,273,77,719098.38
2023-11-01,P0119,284,25,748073.04
2023-12-01,P0119,291,83,766511.46
2024-01-01,P0119,225,85,592663.5
2024-02-01,P0119,144,69,379304.64
2024-03-01,P0119,231,88,608467.86
2024-04-01,P0119,239,30,629540.34
2024-05-01,P0119,264,25,695391.84
2024-06-01,P0119,153,21,403011.18
2024-07-01,P0119,230,79,605833.8
2024-08-01,P0119,184,40,484667.04
2024-09-01,P0119,243,43,640076.58
2024-10-01,P0119,309,52,813924.54
2024-11-01,P0119,266,37,700659.96
2024-12-01,P0119,192,26,505739.52
2025-01-01,P0119,225,68,592663.5
2025-02-01,P0119,241,45,634808.46
2025-03-01,P0119,187,73,492569.22
2025-04-01,P0119,252,82,663783.12
2025-05-01,P0119,297,77,782315.82
2025-06-01,P0119,251,48,661149.06
2025-07-01,P0119,272,42,716464.32
2025-08-01,P0119,166,48,437253.96
2025-09-01,P0119,266,43,700659.96
2025-10-01,P0119,189,62,497837.34
2025-11-01,P0119,211,35,555786.66
2025-12-01,P0119,171,35,450424.26
2023-01-01,P0120,101,73,13336.04
2023-02-01,P0120,115,84,15184.6
2023-03-01,P0120,118,47,15580.72
2023-04-01,P0120,114,50,15052.56
2023-05-01,P0120,118,31,15580.72
2023-06-01,P0120,92,76,12147.68
2023-07-01,P0120,131,56,17297.24
2023-08-01,P0120,82,49,10827.28
2023-09-01,P0120,114,25,15052.56
2023-10-01,P0120,92,31,12147.68
2023-11-01,P0120,83,82,10959.32
2023-12-01,P0120,110,29,14524.4
2024-01-01,P0120,91,28,12015.64
2024-02-01,P0120,105,25,13864.2
2024-03-01,P0120,115,72,15184.6
2024-04-01,P0120,127,61,16769.08
2024-05-01,P0120,122,28,16108.88
2024-06-01,P0120,127,80,16769.08
2024-07-01,P0120,125,58,16505.0
2024-08-01,P0120,147,63,19409.88
2024-09-01,P0120,138,90,18221.52
2024-10-01,P0120,122,25,16108.88
2024-11-01,P0120,115,80,15184.6
2024-12-01,P0120,119,58,15712.76
2025-01-01,P0120,93,30,12279.72
2025-02-01,P0120,125,74,16505.0
2025-03-01,P0120,97,56,12807.88
2025-04-01,P0120,149,42,19673.96
2025-05-01,P0120,60,77,7922.4
2025-06-01,P0120,134,49,17693.36
2025-07-01,P0120,123,23,16240.92
2025-08-01,P0120,88,63,11619.52
2025-09-01,P0120,125,64,16505.0
2025-10-01,P0120,115,46,15184.6
2025-11-01,P0120,144,34,19013.76
2025-12-01,P0120,97,56,12807.88
2023-01-01,P0121,139,72,409831.77
2023-02-01,P0121,153,27,451109.79
2023-03-01,P0121,139,38,409831.77
2023-04-01,P0121,120,33,353811.6
2023-05-01,P0121,152,90,448161.36
2023-06-01,P0121,120,32,353811.6
2023-07-01,P0121,134,42,395089.62
2023-08-01,P0121,180,66,530717.4
2023-09-01,P0121,144,79,424573.92
2023-10-01,P0121,155,85,457006.65
2023-11-01,P0121,148,65,436367.64
2023-12-01,P0121,128,90,377399.04
2024-01-01,P0121,169,20,498284.67
2024-02-01,P0121,158,24,465851.94
2024-03-01,P0121,142,29,418677.06
2024-04-01,P0121,184,73,542511.12
2024-05-01,P0121,147,77,433419.21
2024-06-01,P0121,110,22,324327.3
2024-07-01,P0121,186,76,548407.98
2024-08-01,P0121,161,46,474697.23
2024-09-01,P0121,108,63,318430.44
2024-10-01,P0121,175,71,515975.25
2024-11-01,P0121,137,38,403934.91
2024-12-01,P0121,116,48,342017.88
2025-01-01,P0121,162,89,477645.66
2025-02-01,P0121,185,32,545459.55
2025-03-01,P0121,121,41,356760.03
2025-04-01,P0121,143,80,421625.49
2025-05-01,P0121,154,83,454058.22
2025-06-01,P0121,118,89,347914.74
2025-07-01,P0121,146,54,430470.78
2025-08-01,P0121,148,26,436367.64
2025-09-01,P0121,174,34,513026.82
2025-10-01,P0121,180,70,530717.4
2025-11-01,P0121,180,84,530717.4
2025-12-01,P0121,142,81,418677.06
2023-01-01,P0122,144,77,3604286.88
2023-02-01,P0122,127,59,3178780.79
2023-03-01,P0122,156,88,3904644.12
2023-04-01,P0122,142,65,3554227.34
2023-05-01,P0122,150,68,3754465.5
2023-06-01,P0122,184,30,4605477.68
2023-07-01,P0122,183,48,4580447.91
2023-08-01,P0122,161,69,4029792.97
2023-09-01,P0122,195,69,4880805.15
2023-10-01,P0122,157,40,3929673.89
2023-11-01,P0122,162,72,4054822.74
2023-12-01,P0122,160,42,4004763.2
2024-01-01,P0122,153,76,3829554.81
2024-02-01,P0122,139,44,3479138.03
2024-03-01,P0122,153,57,3829554.81
2024-04-01,P0122,150,56,3754465.5
2024-05-01,P0122,168,89,4205001.36
2024-06-01,P0122,180,79,4505358.6
2024-07-01,P0122,160,70,4004763.2
2024-08-01,P0122,163,36,4079852.51
2024-09-01,P0122,188,31,4705596.76
2024-10-01,P0122,209,86,5231221.93
2024-11-01,P0122,130,36,3253870.1
2024-12-01,P0122,162,29,4054822.74
2025-01-01,P0122,149,30,3729435.73
2025-02-01,P0122,180,39,4505358.6
2025-03-01,P0122,167,32,4179971.59
2025-04-01,P0122,153,83,3829554.81
2025-05-01,P0122,178,84,4455299.06
2025-06-01,P0122,163,63,4079852.51
2025-07-01,P0122,201,21,5030983.77
2025-08-01,P0122,178,32,4455299.06
2025-09-01,P0122,229,37,5731817.33
2025-10-01,P0122,158,71,3954703.66
2025-11-01,P0122,210,21,5256251.7
2025-12-01,P0122,177,38,4430269.29
2023-01-01,P0123,254,47,2905920.02
2023-02-01,P0123,314,40,3592357.82
2023-03-01,P0123,211,54,2413972.93
2023-04-01,P0123,399,90,4564811.37
2023-05-01,P0123,322,57,3683882.86
2023-06-01,P0123,384,22,4393201.92
2023-07-01,P0123,245,64,2802954.35
2023-08-01,P0123,267,35,3054648.21
2023-09-01,P0123,256,52,2928801.28
2023-10-01,P0123,261,83,2986004.43
2023-11-01,P0123,255,23,2917360.65
2023-12-01,P0123,335,39,3832611.05
2024-01-01,P0123,248,70,2837276.24
2024-02-01,P0123,275,67,3146173.25
2024-03-01,P0123,389,27,4450405.07
2024-04-01,P0123,291,68,3329223.33
2024-05-01,P0123,355,55,4061423.65
2024-06-01,P0123,315,89,3603798.45
2024-07-01,P0123,264,39,3020326.32
2024-08-01,P0123,261,45,2986004.43
2024-09-01,P0123,279,83,3191935.77
2024-10-01,P0123,287,68,3283460.81
2024-11-01,P0123,398,32,4553370.74
2024-12-01,P0123,352,48,4027101.76
2025-01-01,P0123,311,67,3558035.93
2025-02-01,P0123,265,82,3031766.95
2025-03-01,P0123,301,86,3443629.63
2025-04-01,P0123,307,43,3512273.41
2025-05-01,P0123,341,72,3901254.83
2025-06-01,P0123,281,30,3214817.03
2025-07-01,P0123,340,44,3889814.2
2025-08-01,P0123,372,40,4255914.36
2025-09-01,P0123,315,56,3603798.45
2025-10-01,P0123,323,30,3695323.49
2025-11-01,P0123,269,29,3077529.47
2025-12-01,P0123,353,31,4038542.39
2023-01-01,P0124,790,72,537271.1
2023-02-01,P0124,620,87,421655.8
2023-03-01,P0124,725,74,493065.25
2023-04-01,P0124,646,69,439338.14
2023-05-01,P0124,769,87,522989.21
2023-06-01,P0124,578,23,393092.02
2023-07-01,P0124,588,59,399892.92
2023-08-01,P0124,729,64,495785.61
2023-09-01,P0124,465,29,316241.85
2023-10-01,P0124,602,75,409414.18
2023-11-01,P0124,816,85,554953.44
2023-12-01,P0124,568,26,386291.12
2024-01-01,P0124,636,58,432537.24
2024-02-01,P0124,539,22,366568.51
2024-03-01,P0124,590,64,401253.1
2024-04-01,P0124,591,25,401933.19
2024-05-01,P0124,753,41,512107.77
2024-06-01,P0124,556,40,378130.04
2024-07-01,P0124,736,82,500546.24
2024-08-01,P0124,538,77,365888.42
2024-09-01,P0124,600,41,408054.0
2024-10-01,P0124,618,88,420295.62
2024-11-01,P0124,583,70,396492.47
2024-12-01,P0124,693,75,471302.37
2025-01-01,P0124,770,51,523669.3
2025-02-01,P0124,478,56,325083.02
2025-03-01,P0124,562,65,382210.58
2025-04-01,P0124,648,49,440698.32
2025-05-01,P0124,595,24,404653.55
2025-06-01,P0124,476,21,323722.84
2025-07-01,P0124,545,55,370649.05
2025-08-01,P0124,488,83,331883.92
2025-09-01,P0124,556,25,378130.04
2025-10-01,P0124,766,48,520948.94
2025-11-01,P0124,428,35,291078.52
2025-12-01,P0124,720,56,489664.8
2023-01-01,P0125,680,33,4512677.2
2023-02-01,P0125,598,68,3968501.42
2023-03-01,P0125,647,58,4293679.63
2023-04-01,P0125,658,54,4366678.82
2023-05-01,P0125,512,53,3397780.48
2023-06-01,P0125,593,44,3935319.97
2023-07-01,P0125,531,49,3523869.99
2023-08-01,P0125,639,61,4240589.31
2023-09-01,P0125,530,90,3517233.7
2023-10-01,P0125,749,58,4970581.21
2023-11-01,P0125,705,43,4678584.45
2023-12-01,P0125,598,58,3968501.42
2024-01-01,P0125,508,75,3371235.32
2024-02-01,P0125,574,76,3809230.46
2024-03-01,P0125,647,27,4293679.63
2024-04-01,P0125,777,90,5156397.33
2024-05-01,P0125,564,55,3742867.56
2024-06-01,P0125,655,60,4346769.95
2024-07-01,P0125,656,21,4353406.24
2024-08-01,P0125,589,55,3908774.81
2024-09-01,P0125,670,50,4446314.3
2024-10-01,P0125,712,82,4725038.48
2024-11-01,P0125,668,45,4433041.72
2024-12-01,P0125,564,81,3742867.56
2025-01-01,P0125,669,28,4439678.01
2025-02-01,P0125,617,36,4094590.93
2025-03-01,P0125,523,61,3470779.67
2025-04-01,P0125,579,70,3842411.91
2025-05-01,P0125,496,89,3291599.84
2025-06-01,P0125,449,30,2979694.21
2025-07-01,P0125,552,32,3663232.08
2025-08-01,P0125,653,21,4333497.37
2025-09-01,P0125,692,52,4592312.68
2025-10-01,P0125,656,80,4353406.24
2025-11-01,P0125,561,57,3722958.69
2025-12-01,P0125,626,88,4154317.54
2023-01-01,P0126,429,50,1338630.15
2023-02-01,P0126,391,33,1220056.85
2023-03-01,P0126,324,85,1010993.4
2023-04-01,P0126,326,36,1017234.1
2023-05-01,P0126,282,58,879938.7
2023-06-01,P0126,278,73,867457.3
2023-07-01,P0126,316,80,986030.6
2023-08-01,P0126,326,27,1017234.1
2023-09-01,P0126,365,33,1138927.75
2023-10-01,P0126,333,78,1039076.55
2023-11-01,P0126,342,84,1067159.7
2023-12-01,P0126,361,32,1126446.35
2024-01-01,P0126,339,49,1057798.65
2024-02-01,P0126,298,65,929864.3
2024-03-01,P0126,355,53,1107724.25
2024-04-01,P0126,341,47,1064039.35
2024-05-01,P0126,375,37,1170131.25
2024-06-01,P0126,285,30,889299.75
2024-07-01,P0126,397,88,1238778.95
2024-08-01,P0126,305,29,951706.75
2024-09-01,P0126,288,36,898660.8
2024-10-01,P0126,344,73,1073400.4
2024-11-01,P0126,376,57,1173251.6
2024-12-01,P0126,284,34,886179.4
2025-01-01,P0126,346,64,1079641.1
2025-02-01,P0126,296,25,923623.6
2025-03-01,P0126,331,78,1032835.85
2025-04-01,P0126,394,62,1229417.9
2025-05-01,P0126,275,72,858096.25
2025-06-01,P0126,295,82,920503.25
2025-07-01,P0126,342,66,1067159.7
2025-08-01,P0126,339,79,1057798.65
2025-09-01,P0126,416,74,1298065.6
2025-10-01,P0126,295,28,920503.25
2025-11-01,P0126,364,42,1135807.4
2025-12-01,P0126,413,25,1288704.55
2023-01-01,P0127,139,48,33939.63
2023-02-01,P0127,133,62,32474.61
2023-03-01,P0127,128,85,31253.76
2023-04-01,P0127,125,47,30521.25
2023-05-01,P0127,126,57,30765.42
2023-06-01,P0127,180,40,43950.6
2023-07-01,P0127,156,38,38090.52
2023-08-01,P0127,124,85,30277.08
2023-09-01,P0127,140,38,34183.8
2023-10-01,P0127,136,68,33207.12
2023-11-01,P0127,133,72,32474.61
2023-12-01,P0127,156,32,38090.52
2024-01-01,P0127,136,61,33207.12
2024-02-01,P0127,123,41,30032.91
2024-03-01,P0127,167,62,40776.39
2024-04-01,P0127,130,52,31742.1
2024-05-01,P0127,134,67,32718.78
2024-06-01,P0127,138,87,33695.46
2024-07-01,P0127,140,76,34183.8
2024-08-01,P0127,123,37,30032.91
2024-09-01,P0127,133,84,32474.61
2024-10-01,P0127,157,32,38334.69
2024-11-01,P0127,153,44,37358.01
2024-12-01,P0127,98,75,23928.66
2025-01-01,P0127,105,36,25637.85
2025-02-01,P0127,117,38,28567.89
2025-03-01,P0127,100,76,24417.0
2025-04-01,P0127,111,74,27102.87
2025-05-01,P0127,142,79,34672.14
2025-06-01,P0127,113,41,27591.21
2025-07-01,P0127,144,77,35160.48
2025-08-01,P0127,140,25,34183.8
2025-09-01,P0127,110,63,26858.7
2025-10-01,P0127,148,52,36137.16
2025-11-01,P0127,115,29,28079.55
2025-12-01,P0127,153,47,37358.01
2023-01-01,P0128,209,34,54427.78
2023-02-01,P0128,216,76,56250.72
2023-03-01,P0128,199,56,51823.58
2023-04-01,P0128,218,74,56771.56
2023-05-01,P0128,182,39,47396.44
2023-06-01,P0128,214,51,55729.88
2023-07-01,P0128,243,87,63282.06
2023-08-01,P0128,197,50,51302.74
2023-09-01,P0128,203,72,52865.26
2023-10-01,P0128,186,46,48438.12
2023-11-01,P0128,243,72,63282.06
2023-12-01,P0128,156,20,40625.52
2024-01-01,P0128,187,63,48698.54
2024-02-01,P0128,251,20,65365.42
2024-03-01,P0128,237,82,61719.54
2024-04-01,P0128,203,48,52865.26
2024-05-01,P0128,167,28,43490.14
2024-06-01,P0128,235,59,61198.7
2024-07-01,P0128,197,54,51302.74
2024-08-01,P0128,219,32,57031.98
2024-09-01,P0128,245,38,63802.9
2024-10-01,P0128,246,23,64063.32
2024-11-01,P0128,213,57,55469.46
2024-12-01,P0128,197,76,51302.74
2025-01-01,P0128,229,58,59636.18
2025-02-01,P0128,177,71,46094.34
2025-03-01,P0128,157,51,40885.94
2025-04-01,P0128,238,62,61979.96
2025-05-01,P0128,216,43,56250.72
2025-06-01,P0128,165,52,42969.3
2025-07-01,P0128,182,71,47396.44
2025-08-01,P0128,176,69,45833.92
2025-09-01,P0128,231,44,60157.02
2025-10-01,P0128,211,38,54948.62
2025-11-01,P0128,254,30,66146.68
2025-12-01,P0128,258,69,67188.36
2023-01-01,P0129,89,46,532038.44
2023-02-01,P0129,82,84,490192.72
2023-03-01,P0129,78,20,466280.88
2023-04-01,P0129,77,86,460302.92
2023-05-01,P0129,73,20,436391.08
2023-06-01,P0129,81,77,484214.76
2023-07-01,P0129,76,47,454324.96
2023-08-01,P0129,73,70,436391.08
2023-09-01,P0129,68,61,406501.28
2023-10-01,P0129,59,32,352699.64
2023-11-01,P0129,76,30,454324.96
2023-12-01,P0129,61,46,364655.56
2024-01-01,P0129,62,45,370633.52
2024-02-01,P0129,56,40,334765.76
2024-03-01,P0129,68,78,406501.28
2024-04-01,P0129,67,54,400523.32
2024-05-01,P0129,68,53,406501.28
2024-06-01,P0129,54,80,322809.84
2024-07-01,P0129,82,67,490192.72
2024-08-01,P0129,61,25,364655.56
2024-09-01,P0129,49,35,292920.04
2024-10-01,P0129,66,59,394545.36
2024-11-01,P0129,73,87,436391.08
2024-12-01,P0129,73,43,436391.08
2025-01-01,P0129,71,31,424435.16
2025-02-01,P0129,68,84,406501.28
2025-03-01,P0129,63,88,376611.48
2025-04-01,P0129,77,25,460302.92
2025-05-01,P0129,93,76,555950.28
2025-06-01,P0129,70,24,418457.2
2025-07-01,P0129,61,28,364655.56
2025-08-01,P0129,81,54,484214.76
2025-09-01,P0129,59,51,352699.64
2025-10-01,P0129,49,83,292920.04
2025-11-01,P0129,88,51,526060.48
2025-12-01,P0129,72,66,430413.12
2023-01-01,P0130,504,54,134230.32
2023-02-01,P0130,399,21,106265.67
2023-03-01,P0130,411,21,109461.63
2023-04-01,P0130,456,32,121446.48
2023-05-01,P0130,438,37,116652.54
2023-06-01,P0130,352,39,93748.16
2023-07-01,P0130,360,74,95878.8
2023-08-01,P0130,432,48,115054.56
2023-09-01,P0130,457,49,121712.81
2023-10-01,P0130,347,26,92416.51
2023-11-01,P0130,395,23,105200.35
2023-12-01,P0130,368,29,98009.44
2024-01-01,P0130,338,41,90019.54
2024-02-01,P0130,415,87,110526.95
2024-03-01,P0130,367,25,97743.11
2024-04-01,P0130,455,38,121180.15
2024-05-01,P0130,476,90,126773.08
2024-06-01,P0130,466,85,124109.78
2024-07-01,P0130,452,36,120381.16
2024-08-01,P0130,316,24,84160.28
2024-09-01,P0130,461,25,122778.13
2024-10-01,P0130,481,65,128104.73
2024-11-01,P0130,487,62,129702.71
2024-12-01,P0130,349,23,92949.17
2025-01-01,P0130,417,89,111059.61
2025-02-01,P0130,420,65,111858.6
2025-03-01,P0130,503,70,133963.99
2025-04-01,P0130,499,31,132898.67
2025-05-01,P0130,349,84,92949.17
2025-06-01,P0130,409,76,108928.97
2025-07-01,P0130,347,67,92416.51
2025-08-01,P0130,382,53,101738.06
2025-09-01,P0130,346,68,92150.18
2025-10-01,P0130,424,43,112923.92
2025-11-01,P0130,360,73,95878.8
2025-12-01,P0130,475,29,126506.75
2023-01-01,P0131,168,41,183640.8
2023-02-01,P0131,239,39,261250.9
2023-03-01,P0131,244,33,266716.4
2023-04-01,P0131,184,75,201130.4
2023-05-01,P0131,215,87,235016.5
2023-06-01,P0131,145,43,158499.5
2023-07-01,P0131,271,88,296230.1
2023-08-01,P0131,200,21,218620.0
2023-09-01,P0131,254,30,277647.4
2023-10-01,P0131,236,68,257971.6
2023-11-01,P0131,269,42,294043.9
2023-12-01,P0131,234,32,255785.4
2024-01-01,P0131,213,80,232830.3
2024-02-01,P0131,151,50,165058.1
2024-03-01,P0131,232,22,253599.2
2024-04-01,P0131,207,20,226271.7
2024-05-01,P0131,205,40,224085.5
2024-06-01,P0131,263,78,287485.3
2024-07-01,P0131,245,28,267809.5
2024-08-01,P0131,194,50,212061.4
2024-09-01,P0131,223,56,243761.3
2024-10-01,P0131,225,75,245947.5
2024-11-01,P0131,255,36,278740.5
2024-12-01,P0131,264,62,288578.4
2025-01-01,P0131,214,51,233923.4
2025-02-01,P0131,206,88,225178.6
2025-03-01,P0131,229,55,250319.9
2025-04-01,P0131,192,56,209875.2
2025-05-01,P0131,245,48,267809.5
2025-06-01,P0131,207,75,226271.7
2025-07-01,P0131,221,75,241575.1
2025-08-01,P0131,188,62,205502.8
2025-09-01,P0131,185,38,202223.5
2025-10-01,P0131,234,27,255785.4
2025-11-01,P0131,264,52,288578.4
2025-12-01,P0131,191,33,208782.1
2023-01-01,P0132,73,42,15452.64
2023-02-01,P0132,62,71,13124.16
2023-03-01,P0132,59,86,12489.12
2023-04-01,P0132,56,22,11854.08
2023-05-01,P0132,52,48,11007.36
2023-06-01,P0132,64,51,13547.52
2023-07-01,P0132,58,24,12277.44
2023-08-01,P0132,52,78,11007.36
2023-09-01,P0132,47,68,9948.96
2023-10-01,P0132,79,65,16722.72
2023-11-01,P0132,71,25,15029.28
2023-12-01,P0132,57,22,12065.76
2024-01-01,P0132,55,79,11642.4
2024-02-01,P0132,56,41,11854.08
2024-03-01,P0132,73,50,15452.64
2024-04-01,P0132,57,46,12065.76
2024-05-01,P0132,46,67,9737.28
2024-06-01,P0132,44,33,9313.92
2024-07-01,P0132,51,80,10795.68
2024-08-01,P0132,58,88,12277.44
2024-09-01,P0132,54,22,11430.72
2024-10-01,P0132,60,28,12700.8
2024-11-01,P0132,42,53,8890.56
2024-12-01,P0132,45,46,9525.6
2025-01-01,P0132,62,29,13124.16
2025-02-01,P0132,67,42,14182.56
2025-03-01,P0132,41,39,8678.88
2025-04-01,P0132,52,37,11007.36
2025-05-01,P0132,62,88,13124.16
2025-06-01,P0132,55,84,11642.4
2025-07-01,P0132,54,34,11430.72
2025-08-01,P0132,55,90,11642.4
2025-09-01,P0132,58,36,12277.44
2025-10-01,P0132,63,70,13335.84
2025-11-01,P0132,54,56,11430.72
2025-12-01,P0132,62,36,13124.16
2023-01-01,P0133,343,87,67553.85
2023-02-01,P0133,355,39,69917.25
2023-03-01,P0133,357,74,70311.15
2023-04-01,P0133,328,39,64599.6
2023-05-01,P0133,325,55,64008.75
2023-06-01,P0133,276,55,54358.2
2023-07-01,P0133,368,87,72477.6
2023-08-01,P0133,313,70,61645.35
2023-09-01,P0133,283,44,55736.85
2023-10-01,P0133,325,85,64008.75
2023-11-01,P0133,350,76,68932.5
2023-12-01,P0133,264,80,51994.8
2024-01-01,P0133,332,32,65387.4
2024-02-01,P0133,346,60,68144.7
2024-03-01,P0133,285,68,56130.75
2024-04-01,P0133,309,62,60857.55
2024-05-01,P0133,313,35,61645.35
2024-06-01,P0133,358,27,70508.1
2024-07-01,P0133,293,25,57706.35
2024-08-01,P0133,309,35,60857.55
2024-09-01,P0133,326,86,64205.7
2024-10-01,P0133,331,20,65190.45
2024-11-01,P0133,379,49,74644.05
2024-12-01,P0133,348,60,68538.6
2025-01-01,P0133,343,74,67553.85
2025-02-01,P0133,255,80,50222.25
2025-03-01,P0133,357,39,70311.15
2025-04-01,P0133,170,31,33481.5
2025-05-01,P0133,316,62,62236.2
2025-06-01,P0133,261,43,51403.95
2025-07-01,P0133,348,55,68538.6
2025-08-01,P0133,299,22,58888.05
2025-09-01,P0133,318,48,62630.1
2025-10-01,P0133,351,88,69129.45
2025-11-01,P0133,372,50,73265.4
2025-12-01,P0133,224,65,44116.8
2023-01-01,P0134,160,83,1095046.4
2023-02-01,P0134,171,60,1170330.84
2023-03-01,P0134,148,71,1012917.92
2023-04-01,P0134,161,30,1101890.44
2023-05-01,P0134,104,77,711780.16
2023-06-01,P0134,165,30,1129266.6
2023-07-01,P0134,137,45,937633.48
2023-08-01,P0134,160,78,1095046.4
2023-09-01,P0134,154,68,1053982.16
2023-10-01,P0134,155,82,1060826.2
2023-11-01,P0134,163,36,1115578.52
2023-12-01,P0134,165,79,1129266.6
2024-01-01,P0134,129,77,882881.16
2024-02-01,P0134,153,21,1047138.12
2024-03-01,P0134,163,54,1115578.52
2024-04-01,P0134,146,30,999229.84
2024-05-01,P0134,161,43,1101890.44
2024-06-01,P0134,126,61,862349.04
2024-07-01,P0134,111,71,759688.44
2024-08-01,P0134,151,39,1033450.04
2024-09-01,P0134,159,53,1088202.36
2024-10-01,P0134,148,85,1012917.92
2024-11-01,P0134,163,77,1115578.52
2024-12-01,P0134,118,86,807596.72
2025-01-01,P0134,143,29,978697.72
2025-02-01,P0134,189,45,1293523.56
2025-03-01,P0134,173,65,1184018.92
2025-04-01,P0134,172,80,1177174.88
2025-05-01,P0134,137,41,937633.48
2025-06-01,P0134,147,65,1006073.88
2025-07-01,P0134,170,72,1163486.8
2025-08-01,P0134,119,51,814440.76
2025-09-01,P0134,171,82,1170330.84
2025-10-01,P0134,165,21,1129266.6
2025-11-01,P0134,160,25,1095046.4
2025-12-01,P0134,165,84,1129266.6
2023-01-01,P0135,180,60,37310.4
2023-02-01,P0135,151,35,31299.28
2023-03-01,P0135,184,40,38139.52
2023-04-01,P0135,216,44,44772.48
2023-05-01,P0135,209,88,43321.52
2023-06-01,P0135,200,28,41456.0
2023-07-01,P0135,164,70,33993.92
2023-08-01,P0135,170,43,35237.6
2023-09-01,P0135,125,74,25910.0
2023-10-01,P0135,101,45,20935.28
2023-11-01,P0135,199,49,41248.72
2023-12-01,P0135,175,74,36274.0
2024-01-01,P0135,150,64,31092.0
2024-02-01,P0135,177,47,36688.56
2024-03-01,P0135,153,86,31713.84
2024-04-01,P0135,161,55,33372.08
2024-05-01,P0135,215,82,44565.2
2024-06-01,P0135,170,79,35237.6
2024-07-01,P0135,171,77,35444.88
2024-08-01,P0135,180,50,37310.4
2024-09-01,P0135,156,50,32335.68
2024-10-01,P0135,175,69,36274.0
2024-11-01,P0135,179,40,37103.12
2024-12-01,P0135,166,46,34408.48
2025-01-01,P0135,144,56,29848.32
2025-02-01,P0135,194,42,40212.32
2025-03-01,P0135,163,64,33786.64
2025-04-01,P0135,175,39,36274.0
2025-05-01,P0135,147,88,30470.16
2025-06-01,P0135,140,74,29019.2
2025-07-01,P0135,153,74,31713.84
2025-08-01,P0135,184,20,38139.52
2025-09-01,P0135,173,71,35859.44
2025-10-01,P0135,173,53,35859.44
2025-11-01,P0135,195,77,40419.6
2025-12-01,P0135,150,63,31092.0
2023-01-01,P0136,253,39,889168.5
2023-02-01,P0136,275,64,966487.5
2023-03-01,P0136,273,65,959458.5
2023-04-01,P0136,209,78,734530.5
2023-05-01,P0136,212,46,745074.0
2023-06-01,P0136,270,36,948915.0
2023-07-01,P0136,237,56,832936.5
2023-08-01,P0136,228,22,801306.0
2023-09-01,P0136,228,77,801306.0
2023-10-01,P0136,229,44,804820.5
2023-11-01,P0136,230,68,808335.0
2023-12-01,P0136,191,62,671269.5
2024-01-01,P0136,220,43,773190.0
2024-02-01,P0136,229,84,804820.5
2024-03-01,P0136,186,84,653697.0
2024-04-01,P0136,280,89,984060.0
2024-05-01,P0136,248,66,871596.0
2024-06-01,P0136,196,61,688842.0
2024-07-01,P0136,305,25,1071922.5
2024-08-01,P0136,220,66,773190.0
2024-09-01,P0136,234,40,822393.0
2024-10-01,P0136,217,25,762646.5
2024-11-01,P0136,286,70,1005147.0
2024-12-01,P0136,237,46,832936.5
2025-01-01,P0136,205,51,720472.5
2025-02-01,P0136,140,82,492030.0
2025-03-01,P0136,247,27,868081.5
2025-04-01,P0136,262,69,920799.0
2025-05-01,P0136,206,78,723987.0
2025-06-01,P0136,279,34,980545.5
2025-07-01,P0136,242,23,850509.0
2025-08-01,P0136,199,55,699385.5
2025-09-01,P0136,203,37,713443.5
2025-10-01,P0136,202,61,709929.0
2025-11-01,P0136,181,60,636124.5
2025-12-01,P0136,254,82,892683.0
2023-01-01,P0137,438,81,66948.3
2023-02-01,P0137,534,45,81621.9
2023-03-01,P0137,543,39,82997.55
2023-04-01,P0137,527,35,80551.95
2023-05-01,P0137,452,71,69088.2
2023-06-01,P0137,648,39,99046.8
2023-07-01,P0137,504,42,77036.4
2023-08-01,P0137,537,47,82080.45
2023-09-01,P0137,436,23,66642.6
2023-10-01,P0137,527,88,80551.95
2023-11-01,P0137,503,88,76883.55
2023-12-01,P0137,678,24,103632.3
2024-01-01,P0137,596,49,91098.6
2024-02-01,P0137,674,66,103020.9
2024-03-01,P0137,622,67,95072.7
2024-04-01,P0137,529,90,80857.65
2024-05-01,P0137,629,77,96142.65
2024-06-01,P0137,512,31,78259.2
2024-07-01,P0137,509,53,77800.65
2024-08-01,P0137,621,41,94919.85
2024-09-01,P0137,486,35,74285.1
2024-10-01,P0137,532,41,81316.2
2024-11-01,P0137,419,49,64044.15
2024-12-01,P0137,550,74,84067.5
2025-01-01,P0137,590,53,90181.5
2025-02-01,P0137,406,69,62057.1
2025-03-01,P0137,487,70,74437.95
2025-04-01,P0137,524,71,80093.4
2025-05-01,P0137,611,27,93391.35
2025-06-01,P0137,547,56,83608.95
2025-07-01,P0137,558,67,85290.3
2025-08-01,P0137,480,90,73368.0
2025-09-01,P0137,644,52,98435.4
2025-10-01,P0137,339,62,51816.15
2025-11-01,P0137,532,51,81316.2
2025-12-01,P0137,567,39,86665.95
2023-01-01,P0138,397,54,1533972.27
2023-02-01,P0138,522,48,2016961.02
2023-03-01,P0138,541,66,2090375.31
2023-04-01,P0138,509,77,1966730.19
2023-05-01,P0138,473,85,1827629.43
2023-06-01,P0138,548,87,2117422.68
2023-07-01,P0138,560,53,2163789.6
2023-08-01,P0138,575,78,2221748.25
2023-09-01,P0138,559,34,2159925.69
2023-10-01,P0138,624,67,2411079.84
2023-11-01,P0138,589,55,2275842.99
2023-12-01,P0138,570,34,2202428.7
2024-01-01,P0138,581,66,2244931.71
2024-02-01,P0138,506,83,1955138.46
2024-03-01,P0138,259,20,1000752.69
2024-04-01,P0138,510,65,1970594.1
2024-05-01,P0138,506,52,1955138.46
2024-06-01,P0138,500,30,1931955.0
2024-07-01,P0138,585,48,2260387.35
2024-08-01,P0138,478,59,1846948.98
2024-09-01,P0138,526,64,2032416.66
2024-10-01,P0138,603,49,2329937.73
2024-11-01,P0138,519,24,2005369.29
2024-12-01,P0138,482,58,1862404.62
2025-01-01,P0138,641,65,2476766.31
2025-02-01,P0138,528,49,2040144.48
2025-03-01,P0138,548,50,2117422.68
2025-04-01,P0138,505,60,1951274.55
2025-05-01,P0138,592,75,2287434.72
2025-06-01,P0138,534,73,2063327.94
2025-07-01,P0138,439,67,1696256.49
2025-08-01,P0138,591,78,2283570.81
2025-09-01,P0138,390,38,1506924.9
2025-10-01,P0138,543,74,2098103.13
2025-11-01,P0138,467,43,1804445.97
2025-12-01,P0138,426,65,1646025.66
2023-01-01,P0139,350,41,42532.0
2023-02-01,P0139,400,70,48608.0
2023-03-01,P0139,371,65,45083.92
2023-04-01,P0139,321,88,39007.92
2023-05-01,P0139,415,62,50430.8
2023-06-01,P0139,408,69,49580.16
2023-07-01,P0139,397,38,48243.44
2023-08-01,P0139,333,62,40466.16
2023-09-01,P0139,443,70,53833.36
2023-10-01,P0139,324,25,39372.48
2023-11-01,P0139,310,85,37671.2
2023-12-01,P0139,402,31,48851.04
2024-01-01,P0139,367,20,44597.84
2024-02-01,P0139,379,61,46056.08
2024-03-01,P0139,432,76,52496.64
2024-04-01,P0139,278,90,33782.56
2024-05-01,P0139,331,84,40223.12
2024-06-01,P0139,371,26,45083.92
2024-07-01,P0139,320,21,38886.4
2024-08-01,P0139,324,59,39372.48
2024-09-01,P0139,395,65,48000.4
2024-10-01,P0139,408,84,49580.16
2024-11-01,P0139,361,85,43868.72
2024-12-01,P0139,347,45,42167.44
2025-01-01,P0139,401,55,48729.52
2025-02-01,P0139,302,30,36699.04
2025-03-01,P0139,401,70,48729.52
2025-04-01,P0139,340,28,41316.8
2025-05-01,P0139,351,77,42653.52
2025-06-01,P0139,430,72,52253.6
2025-07-01,P0139,399,56,48486.48
2025-08-01,P0139,480,54,58329.6
2025-09-01,P0139,345,50,41924.4
2025-10-01,P0139,321,36,39007.92
2025-11-01,P0139,431,20,52375.12
2025-12-01,P0139,428,80,52010.56
2023-01-01,P0140,291,61,1568632.59
2023-02-01,P0140,348,36,1875890.52
2023-03-01,P0140,226,52,1218250.74
2023-04-01,P0140,387,56,2086119.63
2023-05-01,P0140,410,88,2210100.9
2023-06-01,P0140,352,85,1897452.48
2023-07-01,P0140,447,82,2409549.03
2023-08-01,P0140,408,79,2199319.92
2023-09-01,P0140,408,54,2199319.92
2023-10-01,P0140,445,63,2398768.05
2023-11-01,P0140,275,52,1482384.75
2023-12-01,P0140,361,88,1945966.89
2024-01-01,P0140,293,65,1579413.57
2024-02-01,P0140,363,27,1956747.87
2024-03-01,P0140,310,71,1671051.9
2024-04-01,P0140,316,79,1703394.84
2024-05-01,P0140,456,85,2458063.44
2024-06-01,P0140,332,28,1789642.68
2024-07-01,P0140,361,52,1945966.89
2024-08-01,P0140,341,57,1838157.09
2024-09-01,P0140,461,75,2485015.89
2024-10-01,P0140,393,54,2118462.57
2024-11-01,P0140,357,57,1924404.93
2024-12-01,P0140,387,65,2086119.63
2025-01-01,P0140,366,39,1972919.34
2025-02-01,P0140,335,53,1805814.15
2025-03-01,P0140,345,90,1859719.05
2025-04-01,P0140,468,64,2522749.32
2025-05-01,P0140,305,35,1644099.45
2025-06-01,P0140,419,25,2258615.31
2025-07-01,P0140,229,75,1234422.21
2025-08-01,P0140,363,30,1956747.87
2025-09-01,P0140,353,64,1902842.97
2025-10-01,P0140,382,49,2059167.18
2025-11-01,P0140,370,55,1994481.3
2025-12-01,P0140,361,48,1945966.89
