order_id,order_date,customer_id,region,city,segment,order_status,payment_method
O000001,2025-01-17,C00548,East,Bhubaneswar,Consumer,Completed,Credit Card
O000002,2023-07-24,C00538,West,Pune,Home Office,Completed,Credit Card
O000003,2023-10-26,C00364,West,Ahmedabad,Consumer,Completed,Wallet
O000004,2024-10-08,C00432,South,Kochi,Home Office,Completed,UPI
O000005,2025-07-10,C00120,East,Kolkata,Corporate,Completed,Debit Card
O000006,2024-12-05,C00040,North,Chandigarh,Consumer,Completed,Credit Card
O000007,2023-12-24,C00170,East,Bhubaneswar,Consumer,Completed,Debit Card
O000008,2025-05-13,C00210,North,Chandigarh,Consumer,Completed,Credit Card
O000009,2024-12-04,C00748,North,Delhi,Consumer,Completed,Net Banking
O000010,2024-07-09,C00492,South,Kochi,Consumer,Completed,Net Banking
O000011,2025-04-27,C00301,North,Lucknow,Corporate,Completed,Credit Card
O000012,2024-05-30,C00242,West,Pune,Corporate,Completed,Net Banking
O000013,2023-04-21,C00662,West,Surat,Home Office,Completed,UPI
O000014,2023-08-01,C00725,East,Bhubaneswar,Consumer,Completed,Net Banking
O000015,2024-09-25,C00246,East,Guwahati,Consumer,Completed,Credit Card
O000016,2023-09-26,C00002,North,Jaipur,Consumer,Completed,Debit Card
O000017,2025-09-02,C00605,East,Patna,Consumer,Completed,Credit Card
O000018,2023-12-29,C00001,North,Delhi,Consumer,Completed,Wallet
O000019,2024-09-26,C00129,East,Kolkata,Consumer,Completed,Net Banking
O000020,2024-06-16,C00397,South,Bengaluru,Consumer,Completed,Credit Card
O000021,2024-12-05,C00473,East,Bhubaneswar,Consumer,Completed,Net Banking
O000022,2024-09-05,C00629,North,Delhi,Home Office,Completed,Credit Card
O000023,2023-01-15,C00364,West,Ahmedabad,Consumer,Completed,Credit Card
O000024,2023-12-01,C00420,West,Ahmedabad,Home Office,Completed,Wallet
O000025,2024-07-10,C00026,North,Chandigarh,Consumer,Completed,Net Banking
O000026,2024-01-21,C00202,East,Guwahati,Home Office,Completed,Debit Card
O000027,2025-10-04,C00741,East,Kolkata,Home Office,Completed,UPI
O000028,2024-07-31,C00517,North,Jaipur,Home Office,Completed,Credit Card
O000029,2023-07-04,C00354,North,Chandigarh,Home Office,Completed,Debit Card
O000030,2025-10-17,C00670,North,Jaipur,Consumer,Completed,UPI
O000031,2023-09-07,C00253,South,Chennai,Corporate,Completed,Credit Card
O000032,2025-08-01,C00260,East,Bhubaneswar,Home Office,Completed,Net Banking
O000033,2024-10-01,C00405,South,Chennai,Home Office,Completed,Credit Card
O000034,2023-08-20,C00200,West,Mumbai,Home Office,Completed,Debit Card
O000035,2023-09-03,C00261,North,Chandigarh,Consumer,Completed,Wallet
O000036,2025-08-31,C00360,West,Surat,Consumer,Completed,Net Banking
O000037,2023-07-07,C00414,East,Bhubaneswar,Consumer,Completed,UPI
O000038,2023-05-03,C00466,North,Delhi,Consumer,Completed,UPI
O000039,2023-09-15,C00515,North,Chandigarh,Consumer,Completed,Debit Card
O000040,2025-06-17,C00377,West,Ahmedabad,Consumer,Completed,Debit Card
O000041,2023-03-22,C00741,East,Kolkata,Home Office,Completed,Credit Card
O000042,2024-01-18,C00118,East,Guwahati,Corporate,Completed,Wallet
O000043,2023-11-25,C00349,West,Mumbai,Corporate,Completed,Debit Card
O000044,2025-07-18,C00725,East,Bhubaneswar,Consumer,Completed,Credit Card
O000045,2023-02-08,C00618,South,Hyderabad,Consumer,Completed,UPI
O000046,2025-03-04,C00142,East,Patna,Corporate,Completed,Credit Card
O000047,2024-08-02,C00425,West,Mumbai,Consumer,Completed,Wallet
O000048,2023-05-17,C00177,North,Delhi,Consumer,Completed,UPI
O000049,2024-02-18,C00066,West,Surat,Home Office,Completed,Net Banking
O000050,2025-09-30,C00277,East,Patna,Consumer,Completed,Wallet
O000051,2023-05-26,C00601,East,Bhubaneswar,Consumer,Completed,UPI
O000052,2025-08-16,C00297,North,Chandigarh,Consumer,Completed,Debit Card
O000053,2023-04-30,C00269,West,Ahmedabad,Consumer,Completed,Credit Card
O000054,2025-11-29,C00338,East,Patna,Consumer,Completed,Wallet
O000055,2024-05-24,C00454,North,Delhi,Home Office,Completed,UPI
O000056,2025-01-03,C00702,West,Pune,Consumer,Completed,Credit Card
O000057,2025-04-02,C00465,West,Ahmedabad,Consumer,Completed,Debit Card
O000058,2024-10-07,C00276,North,Chandigarh,Consumer,Cancelled,Debit Card
O000059,2024-05-07,C00492,South,Kochi,Consumer,Completed,Debit Card
O000060,2025-01-07,C00302,East,Guwahati,Corporate,Completed,Wallet
O000061,2023-10-04,C00420,West,Ahmedabad,Home Office,Completed,Credit Card
O000062,2023-07-13,C00156,East,Bhubaneswar,Consumer,Completed,Debit Card
O000063,2024-05-26,C00421,North,Chandigarh,Consumer,Completed,Net Banking
O000064,2024-03-21,C00126,East,Kolkata,Consumer,Completed,Wallet
O000065,2023-07-15,C00646,East,Patna,Consumer,Completed,UPI
O000066,2023-04-25,C00499,North,Delhi,Home Office,Completed,Credit Card
O000067,2023-01-24,C00704,East,Kolkata,Consumer,Completed,Debit Card
O000068,2023-11-03,C00126,East,Kolkata,Consumer,Completed,Net Banking
O000069,2025-10-30,C00703,South,Hyderabad,Consumer,Completed,Debit Card
O000070,2023-06-19,C00188,South,Bengaluru,Consumer,Completed,Net Banking
O000071,2025-10-24,C00231,South,Bengaluru,Consumer,Completed,Credit Card
O000072,2025-09-26,C00564,East,Kolkata,Consumer,Completed,Wallet
O000073,2024-05-19,C00290,West,Mumbai,Consumer,Completed,Wallet
O000074,2023-07-03,C00343,North,Lucknow,Corporate,Completed,Credit Card
O000075,2024-10-18,C00401,West,Mumbai,Consumer,Completed,Debit Card
O000076,2025-06-24,C00533,North,Lucknow,Consumer,Completed,Debit Card
O000077,2023-11-16,C00100,North,Lucknow,Consumer,Completed,UPI
O000078,2024-09-16,C00182,West,Pune,Consumer,Completed,Credit Card
O000079,2025-12-07,C00665,South,Bengaluru,Consumer,Completed,Wallet
O000080,2023-03-31,C00026,North,Chandigarh,Consumer,Completed,Wallet
O000081,2024-07-09,C00049,North,Delhi,Home Office,Completed,Net Banking
O000082,2024-07-09,C00673,East,Patna,Consumer,Completed,Debit Card
O000083,2025-03-02,C00582,South,Bengaluru,Consumer,Completed,UPI
O000084,2024-10-08,C00311,East,Guwahati,Consumer,Completed,UPI
O000085,2024-05-21,C00093,East,Kolkata,Consumer,Completed,Debit Card
O000086,2024-09-11,C00193,North,Jaipur,Consumer,Returned,UPI
O000087,2024-06-11,C00552,East,Bhubaneswar,Consumer,Completed,Debit Card
O000088,2024-04-06,C00509,South,Bengaluru,Corporate,Completed,UPI
O000089,2025-02-21,C00343,North,Lucknow,Corporate,Completed,Net Banking
O000090,2024-05-07,C00726,North,Chandigarh,Consumer,Completed,Net Banking
O000091,2023-09-27,C00515,North,Chandigarh,Consumer,Completed,Credit Card
O000092,2023-10-10,C00674,North,Delhi,Corporate,Completed,Credit Card
O000093,2023-11-20,C00525,East,Patna,Corporate,Completed,Debit Card
O000094,2023-10-26,C00626,North,Jaipur,Corporate,Completed,Debit Card
O000095,2023-11-08,C00197,West,Pune,Consumer,Completed,Credit Card
O000096,2024-04-17,C00586,West,Ahmedabad,Consumer,Completed,Wallet
O000097,2025-08-18,C00452,South,Kochi,Consumer,Completed,Credit Card
O000098,2023-12-02,C00176,West,Mumbai,Corporate,Completed,Debit Card
O000099,2025-04-25,C00212,West,Surat,Corporate,Completed,Credit Card
O000100,2023-05-16,C00296,East,Guwahati,Consumer,Completed,Wallet
O000101,2025-09-30,C00319,South,Kochi,Consumer,Completed,UPI
O000102,2025-02-18,C00092,North,Lucknow,Home Office,Completed,Wallet
O000103,2025-12-11,C00595,South,Chennai,Corporate,Completed,Credit Card
O000104,2025-11-28,C00547,East,Patna,Consumer,Returned,Net Banking
O000105,2025-03-26,C00638,North,Jaipur,Corporate,Completed,UPI
O000106,2025-11-24,C00433,West,Ahmedabad,Consumer,Completed,Wallet
O000107,2023-10-05,C00139,East,Bhubaneswar,Consumer,Completed,Credit Card
O000108,2025-07-20,C00732,East,Guwahati,Corporate,Completed,Credit Card
O000109,2023-09-11,C00122,East,Kolkata,Home Office,Completed,UPI
O000110,2025-12-08,C00368,North,Jaipur,Home Office,Completed,Credit Card
O000111,2024-11-17,C00059,South,Kochi,Consumer,Completed,Debit Card
O000112,2025-07-02,C00340,North,Delhi,Home Office,Completed,Credit Card
O000113,2023-01-08,C00591,East,Kolkata,Consumer,Completed,Wallet
O000114,2023-01-12,C00304,North,Delhi,Home Office,Completed,Net Banking
O000115,2025-04-19,C00665,South,Bengaluru,Consumer,Completed,Wallet
O000116,2024-07-23,C00722,East,Guwahati,Consumer,Completed,Credit Card
O000117,2023-04-23,C00532,South,Hyderabad,Consumer,Completed,Wallet
O000118,2024-09-03,C00239,North,Jaipur,Consumer,Completed,Credit Card
O000119,2023-11-27,C00207,North,Jaipur,Consumer,Completed,Net Banking
O000120,2025-01-07,C00110,North,Jaipur,Consumer,Completed,Net Banking
O000121,2023-05-13,C00428,South,Chennai,Corporate,Completed,Debit Card
O000122,2024-11-05,C00229,West,Mumbai,Consumer,Completed,UPI
O000123,2025-09-17,C00349,West,Mumbai,Corporate,Completed,Net Banking
O000124,2024-10-10,C00699,West,Ahmedabad,Consumer,Completed,Wallet
O000125,2025-10-13,C00286,South,Bengaluru,Consumer,Completed,Credit Card
O000126,2023-01-04,C00481,South,Chennai,Corporate,Completed,Credit Card
O000127,2025-04-29,C00273,West,Ahmedabad,Consumer,Completed,Credit Card
O000128,2023-01-24,C00149,South,Bengaluru,Corporate,Completed,Debit Card
O000129,2025-11-03,C00210,North,Chandigarh,Consumer,Completed,Credit Card
O000130,2024-02-02,C00113,South,Hyderabad,Consumer,Completed,Net Banking
O000131,2023-03-14,C00601,East,Bhubaneswar,Consumer,Completed,Wallet
O000132,2024-11-17,C00192,East,Guwahati,Consumer,Completed,Debit Card
O000133,2023-02-08,C00445,East,Bhubaneswar,Corporate,Completed,Debit Card
O000134,2023-05-16,C00613,North,Chandigarh,Consumer,Completed,Wallet
O000135,2025-03-08,C00337,East,Bhubaneswar,Consumer,Completed,Debit Card
O000136,2024-10-06,C00128,West,Mumbai,Consumer,Completed,Wallet
O000137,2024-09-11,C00733,East,Kolkata,Consumer,Completed,Credit Card
O000138,2023-07-09,C00618,South,Hyderabad,Consumer,Completed,Wallet
O000139,2023-11-12,C00416,South,Kochi,Consumer,Completed,Debit Card
O000140,2023-10-21,C00113,South,Hyderabad,Consumer,Completed,UPI
O000141,2023-01-09,C00483,South,Bengaluru,Consumer,Completed,UPI
O000142,2024-11-13,C00642,East,Patna,Home Office,Completed,Debit Card
O000143,2024-03-05,C00071,South,Kochi,Consumer,Completed,Debit Card
O000144,2025-06-22,C00660,South,Bengaluru,Consumer,Completed,Wallet
O000145,2025-11-18,C00148,South,Bengaluru,Consumer,Completed,Debit Card
O000146,2024-05-16,C00649,South,Kochi,Home Office,Completed,Wallet
O000147,2025-06-27,C00302,East,Guwahati,Corporate,Completed,UPI
O000148,2023-08-05,C00721,West,Pune,Consumer,Completed,Wallet
O000149,2025-07-02,C00490,South,Hyderabad,Consumer,Completed,Wallet
O000150,2023-06-10,C00160,East,Guwahati,Corporate,Completed,Net Banking
O000151,2023-07-19,C00711,East,Guwahati,Consumer,Completed,Credit Card
O000152,2024-04-03,C00508,North,Delhi,Consumer,Completed,Debit Card
O000153,2025-03-13,C00193,North,Jaipur,Consumer,Completed,Debit Card
O000154,2025-07-17,C00212,West,Surat,Corporate,Completed,Credit Card
O000155,2024-08-01,C00666,West,Surat,Consumer,Completed,UPI
O000156,2024-10-29,C00747,South,Hyderabad,Consumer,Completed,Credit Card
O000157,2023-11-22,C00650,South,Kochi,Consumer,Completed,UPI
O000158,2025-09-23,C00019,West,Pune,Consumer,Completed,UPI
O000159,2025-06-30,C00683,North,Chandigarh,Consumer,Returned,UPI
O000160,2025-02-15,C00450,South,Chennai,Corporate,Completed,Credit Card
O000161,2023-10-12,C00416,South,Kochi,Consumer,Completed,Credit Card
O000162,2024-02-26,C00428,South,Chennai,Corporate,Completed,Debit Card
O000163,2025-06-09,C00179,East,Guwahati,Home Office,Completed,Wallet
O000164,2025-11-11,C00111,East,Patna,Consumer,Completed,Wallet
O000165,2023-04-19,C00699,West,Ahmedabad,Consumer,Completed,UPI
O000166,2024-07-31,C00540,East,Bhubaneswar,Consumer,Completed,Net Banking
O000167,2025-04-11,C00589,North,Lucknow,Corporate,Completed,Net Banking
O000168,2023-10-12,C00075,West,Pune,Consumer,Completed,Credit Card
O000169,2024-08-13,C00702,West,Pune,Consumer,Completed,Net Banking
O000170,2023-10-06,C00073,South,Kochi,Home Office,Completed,Wallet
O000171,2025-05-21,C00735,South,Bengaluru,Consumer,Completed,Net Banking
O000172,2024-12-28,C00324,South,Kochi,Consumer,Completed,Wallet
O000173,2024-07-05,C00722,East,Guwahati,Consumer,Completed,UPI
O000174,2025-09-16,C00686,North,Delhi,Corporate,Completed,Credit Card
O000175,2025-12-14,C00237,South,Chennai,Home Office,Returned,Debit Card
O000176,2023-04-19,C00209,South,Hyderabad,Consumer,Completed,Wallet
O000177,2024-11-09,C00327,North,Delhi,Consumer,Returned,UPI
O000178,2024-09-14,C00105,West,Pune,Consumer,Completed,Credit Card
O000179,2023-04-16,C00068,North,Lucknow,Home Office,Completed,Net Banking
O000180,2023-06-18,C00697,North,Delhi,Corporate,Completed,Debit Card
O000181,2023-09-29,C00398,South,Kochi,Corporate,Completed,Wallet
O000182,2023-12-24,C00452,South,Kochi,Consumer,Completed,Wallet
O000183,2023-11-12,C00627,West,Surat,Consumer,Completed,UPI
O000184,2024-06-25,C00117,West,Surat,Consumer,Completed,Wallet
O000185,2024-04-23,C00273,West,Ahmedabad,Consumer,Completed,Credit Card
O000186,2025-12-22,C00630,South,Bengaluru,Consumer,Completed,Wallet
O000187,2024-12-25,C00380,West,Mumbai,Home Office,Completed,Wallet
O000188,2024-02-04,C00516,South,Bengaluru,Consumer,Completed,UPI
O000189,2023-01-18,C00477,West,Mumbai,Consumer,Completed,Credit Card
O000190,2024-08-03,C00298,West,Surat,Consumer,Completed,UPI
O000191,2024-03-20,C00530,North,Chandigarh,Consumer,Completed,Wallet
O000192,2024-01-14,C00639,South,Chennai,Consumer,Completed,Net Banking
O000193,2024-07-20,C00219,North,Jaipur,Home Office,Completed,UPI
O000194,2024-07-21,C00309,South,Bengaluru,Home Office,Completed,Debit Card
O000195,2023-12-31,C00168,South,Bengaluru,Consumer,Completed,Credit Card
O000196,2025-10-04,C00420,West,Ahmedabad,Home Office,Completed,UPI
O000197,2025-06-23,C00145,East,Patna,Consumer,Completed,Debit Card
O000198,2025-07-02,C00392,West,Surat,Home Office,Completed,UPI
O000199,2023-03-19,C00609,South,Hyderabad,Consumer,Completed,Wallet
O000200,2023-01-08,C00193,North,Jaipur,Consumer,Completed,UPI
O000201,2024-04-07,C00423,North,Jaipur,Consumer,Completed,Net Banking
O000202,2023-09-06,C00723,South,Bengaluru,Consumer,Completed,Net Banking
O000203,2023-04-24,C00146,West,Pune,Consumer,Returned,Debit Card
O000204,2023-06-14,C00718,North,Delhi,Corporate,Completed,Net Banking
O000205,2024-01-27,C00690,South,Chennai,Consumer,Completed,Debit Card
O000206,2025-09-23,C00138,West,Ahmedabad,Consumer,Completed,Credit Card
O000207,2023-03-15,C00259,South,Hyderabad,Consumer,Completed,Net Banking
O000208,2025-03-07,C00262,South,Kochi,Corporate,Completed,Wallet
O000209,2025-07-09,C00442,North,Jaipur,Corporate,Completed,Credit Card
O000210,2025-12-07,C00166,East,Guwahati,Consumer,Completed,UPI
O000211,2023-10-17,C00082,North,Delhi,Consumer,Completed,UPI
O000212,2023-12-19,C00576,North,Delhi,Consumer,Completed,UPI
O000213,2023-08-06,C00051,North,Chandigarh,Home Office,Completed,UPI
O000214,2024-02-20,C00415,West,Mumbai,Consumer,Completed,Net Banking
O000215,2024-10-26,C00236,East,Patna,Consumer,Completed,Credit Card
O000216,2023-04-04,C00747,South,Hyderabad,Consumer,Completed,Net Banking
O000217,2023-12-11,C00342,South,Hyderabad,Consumer,Completed,Wallet
O000218,2025-02-09,C00426,West,Pune,Corporate,Completed,UPI
O000219,2024-08-04,C00705,East,Bhubaneswar,Consumer,Completed,Credit Card
O000220,2024-02-27,C00315,South,Bengaluru,Corporate,Completed,Credit Card
O000221,2023-12-24,C00547,East,Patna,Consumer,Completed,Debit Card
O000222,2024-12-13,C00039,South,Hyderabad,Home Office,Completed,UPI
O000223,2025-01-11,C00176,West,Mumbai,Corporate,Returned,Credit Card
O000224,2024-07-20,C00062,West,Mumbai,Home Office,Completed,Net Banking
O000225,2025-10-15,C00520,North,Lucknow,Consumer,Completed,Net Banking
O000226,2024-05-29,C00062,West,Mumbai,Home Office,Completed,UPI
O000227,2023-08-02,C00622,West,Surat,Consumer,Completed,Net Banking
O000228,2025-11-20,C00693,North,Chandigarh,Consumer,Completed,Debit Card
O000229,2025-05-08,C00328,South,Kochi,Consumer,Completed,UPI
O000230,2024-10-29,C00528,East,Kolkata,Consumer,Completed,Credit Card
O000231,2023-05-31,C00747,South,Hyderabad,Consumer,Completed,Wallet
O000232,2025-07-20,C00725,East,Bhubaneswar,Consumer,Completed,Credit Card
O000233,2025-01-04,C00632,North,Lucknow,Consumer,Completed,Net Banking
O000234,2025-07-28,C00405,South,Chennai,Home Office,Completed,Debit Card
O000235,2023-11-18,C00215,East,Kolkata,Consumer,Completed,Credit Card
O000236,2025-08-27,C00737,East,Patna,Consumer,Completed,Debit Card
O000237,2025-06-08,C00208,North,Delhi,Corporate,Completed,Wallet
O000238,2023-01-11,C00693,North,Chandigarh,Consumer,Completed,Wallet
O000239,2023-03-10,C00632,North,Lucknow,Consumer,Completed,UPI
O000240,2025-07-15,C00424,South,Chennai,Home Office,Completed,Net Banking
O000241,2024-03-22,C00506,East,Bhubaneswar,Consumer,Completed,UPI
O000242,2023-02-02,C00338,East,Patna,Consumer,Completed,Wallet
O000243,2023-02-19,C00244,North,Lucknow,Consumer,Completed,Net Banking
O000244,2023-01-03,C00229,West,Mumbai,Consumer,Completed,Net Banking
O000245,2024-07-06,C00511,West,Surat,Consumer,Completed,UPI
O000246,2024-11-18,C00234,West,Ahmedabad,Consumer,Completed,Debit Card
O000247,2025-08-11,C00367,East,Kolkata,Consumer,Completed,UPI
O000248,2024-02-24,C00419,South,Chennai,Home Office,Completed,Net Banking
O000249,2024-03-05,C00136,West,Mumbai,Consumer,Completed,Net Banking
O000250,2024-07-21,C00360,West,Surat,Consumer,Completed,Wallet
O000251,2025-12-14,C00570,East,Bhubaneswar,Home Office,Completed,UPI
O000252,2024-01-21,C00389,North,Delhi,Consumer,Completed,UPI
O000253,2023-08-12,C00688,North,Lucknow,Consumer,Completed,Credit Card
O000254,2024-02-23,C00096,South,Kochi,Corporate,Completed,Wallet
O000255,2023-09-28,C00113,South,Hyderabad,Consumer,Completed,Credit Card
O000256,2023-05-09,C00687,South,Hyderabad,Corporate,Completed,Wallet
O000257,2024-11-18,C00683,North,Chandigarh,Consumer,Completed,Wallet
O000258,2025-12-21,C00094,East,Kolkata,Consumer,Completed,Debit Card
O000259,2023-04-07,C00715,East,Patna,Consumer,Completed,Wallet
O000260,2023-11-26,C00324,South,Kochi,Consumer,Completed,Credit Card
O000261,2023-11-27,C00657,East,Patna,Corporate,Completed,Debit Card
O000262,2025-01-27,C00270,East,Guwahati,Home Office,Completed,Debit Card
O000263,2024-12-05,C00598,North,Delhi,Consumer,Completed,UPI
O000264,2023-02-21,C00560,East,Kolkata,Corporate,Completed,Net Banking
O000265,2024-10-17,C00448,North,Delhi,Consumer,Returned,Debit Card
O000266,2025-08-28,C00134,East,Patna,Consumer,Returned,Wallet
O000267,2025-06-24,C00271,North,Jaipur,Home Office,Completed,UPI
O000268,2023-10-13,C00084,East,Bhubaneswar,Consumer,Completed,Wallet
O000269,2024-02-04,C00538,West,Pune,Home Office,Completed,UPI
O000270,2023-06-21,C00106,North,Jaipur,Corporate,Completed,Wallet
O000271,2025-03-18,C00211,East,Kolkata,Consumer,Completed,UPI
O000272,2025-01-09,C00363,West,Pune,Consumer,Completed,Net Banking
O000273,2025-02-02,C00637,East,Kolkata,Home Office,Completed,Net Banking
O000274,2023-06-29,C00162,West,Ahmedabad,Corporate,Completed,Net Banking
O000275,2025-06-25,C00560,East,Kolkata,Corporate,Completed,Net Banking
O000276,2025-04-28,C00522,North,Chandigarh,Consumer,Completed,Credit Card
O000277,2024-09-13,C00317,West,Pune,Consumer,Completed,Wallet
O000278,2025-02-08,C00520,North,Lucknow,Consumer,Completed,Net Banking
O000279,2023-12-25,C00054,East,Bhubaneswar,Consumer,Completed,Wallet
O000280,2025-10-01,C00178,East,Bhubaneswar,Home Office,Completed,Wallet
O000281,2025-08-07,C00477,West,Mumbai,Consumer,Completed,Debit Card
O000282,2025-08-25,C00144,East,Guwahati,Consumer,Completed,Credit Card
O000283,2025-10-04,C00378,West,Pune,Home Office,Completed,Net Banking
O000284,2024-06-12,C00677,South,Bengaluru,Corporate,Completed,Wallet
O000285,2023-02-05,C00088,North,Lucknow,Consumer,Completed,Credit Card
O000286,2025-01-01,C00510,East,Guwahati,Consumer,Completed,Debit Card
O000287,2023-04-10,C00157,South,Hyderabad,Consumer,Completed,Wallet
O000288,2024-02-01,C00520,North,Lucknow,Consumer,Completed,Debit Card
O000289,2024-09-08,C00469,East,Bhubaneswar,Consumer,Completed,Wallet
O000290,2024-12-21,C00719,South,Hyderabad,Consumer,Completed,Credit Card
O000291,2025-10-27,C00172,West,Surat,Consumer,Completed,Wallet
O000292,2025-12-25,C00575,West,Ahmedabad,Home Office,Completed,Credit Card
O000293,2023-02-05,C00053,West,Surat,Home Office,Completed,Wallet
O000294,2025-12-07,C00168,South,Bengaluru,Consumer,Completed,Credit Card
O000295,2024-09-21,C00192,East,Guwahati,Consumer,Completed,UPI
O000296,2023-06-09,C00699,West,Ahmedabad,Consumer,Completed,Credit Card
O000297,2023-08-09,C00376,East,Guwahati,Consumer,Completed,Net Banking
O000298,2023-09-01,C00323,North,Lucknow,Home Office,Completed,UPI
O000299,2024-02-25,C00047,West,Surat,Corporate,Completed,Credit Card
O000300,2024-07-22,C00536,South,Bengaluru,Consumer,Completed,Wallet
O000301,2023-05-20,C00728,West,Mumbai,Corporate,Completed,Credit Card
O000302,2024-01-28,C00145,East,Patna,Consumer,Completed,Wallet
O000303,2025-08-30,C00631,West,Mumbai,Consumer,Completed,UPI
O000304,2024-01-06,C00740,South,Hyderabad,Consumer,Returned,Debit Card
O000305,2023-09-11,C00178,East,Bhubaneswar,Home Office,Completed,Debit Card
O000306,2023-03-25,C00566,North,Lucknow,Home Office,Completed,Net Banking
O000307,2024-09-30,C00338,East,Patna,Consumer,Completed,Net Banking
O000308,2024-01-22,C00067,North,Chandigarh,Corporate,Completed,UPI
O000309,2025-10-03,C00497,East,Patna,Consumer,Completed,UPI
O000310,2023-12-12,C00248,North,Lucknow,Consumer,Returned,Net Banking
O000311,2023-09-09,C00132,North,Delhi,Consumer,Completed,Wallet
O000312,2024-07-13,C00474,West,Mumbai,Consumer,Completed,Net Banking
O000313,2025-09-19,C00745,North,Chandigarh,Consumer,Completed,Net Banking
O000314,2025-10-15,C00268,South,Kochi,Consumer,Completed,Net Banking
O000315,2023-02-24,C00427,South,Chennai,Home Office,Completed,UPI
O000316,2025-11-30,C00169,North,Jaipur,Home Office,Completed,Wallet
O000317,2023-02-06,C00171,North,Lucknow,Consumer,Completed,Net Banking
O000318,2025-06-25,C00627,West,Surat,Consumer,Completed,Debit Card
O000319,2023-12-03,C00124,East,Bhubaneswar,Home Office,Completed,Wallet
O000320,2025-08-20,C00450,South,Chennai,Corporate,Completed,Net Banking
O000321,2025-02-12,C00288,South,Kochi,Consumer,Completed,UPI
O000322,2023-04-03,C00397,South,Bengaluru,Consumer,Completed,Wallet
O000323,2023-02-25,C00024,North,Lucknow,Consumer,Completed,Net Banking
O000324,2024-12-20,C00502,East,Bhubaneswar,Consumer,Completed,UPI
O000325,2023-05-15,C00623,East,Bhubaneswar,Corporate,Completed,Net Banking
O000326,2025-11-20,C00064,South,Hyderabad,Consumer,Completed,Net Banking
O000327,2023-07-24,C00243,East,Patna,Home Office,Completed,Debit Card
O000328,2023-12-08,C00067,North,Chandigarh,Corporate,Completed,Wallet
O000329,2024-03-14,C00311,East,Guwahati,Consumer,Completed,Net Banking
O000330,2024-04-07,C00095,East,Patna,Consumer,Returned,Wallet
O000331,2024-11-20,C00381,South,Hyderabad,Home Office,Completed,Debit Card
O000332,2023-06-07,C00269,West,Ahmedabad,Consumer,Completed,Wallet
O000333,2024-10-03,C00514,North,Chandigarh,Corporate,Completed,Wallet
O000334,2024-01-05,C00503,North,Lucknow,Consumer,Completed,Net Banking
O000335,2024-07-02,C00607,West,Pune,Consumer,Completed,UPI
O000336,2025-12-05,C00262,South,Kochi,Corporate,Completed,Debit Card
O000337,2025-06-10,C00747,South,Hyderabad,Consumer,Completed,Credit Card
O000338,2025-04-24,C00167,South,Chennai,Home Office,Completed,Wallet
O000339,2024-04-28,C00354,North,Chandigarh,Home Office,Completed,Credit Card
O000340,2024-09-27,C00646,East,Patna,Consumer,Completed,UPI
O000341,2024-02-18,C00473,East,Bhubaneswar,Consumer,Completed,Debit Card
O000342,2023-12-27,C00282,North,Jaipur,Consumer,Completed,Debit Card
O000343,2023-05-11,C00480,South,Bengaluru,Consumer,Completed,Credit Card
O000344,2024-04-28,C00309,South,Bengaluru,Home Office,Completed,Wallet
O000345,2025-12-11,C00485,East,Guwahati,Consumer,Completed,Debit Card
O000346,2024-11-05,C00211,East,Kolkata,Consumer,Completed,Net Banking
O000347,2024-06-04,C00178,East,Bhubaneswar,Home Office,Completed,Wallet
O000348,2025-05-17,C00398,South,Kochi,Corporate,Completed,Credit Card
O000349,2025-01-13,C00704,East,Kolkata,Consumer,Completed,Wallet
O000350,2023-03-13,C00243,East,Patna,Home Office,Completed,Credit Card
O000351,2024-06-02,C00709,West,Pune,Corporate,Completed,UPI
O000352,2025-12-31,C00177,North,Delhi,Consumer,Completed,Credit Card
O000353,2024-09-01,C00521,West,Pune,Home Office,Completed,Debit Card
O000354,2025-04-12,C00344,East,Kolkata,Consumer,Completed,Net Banking
O000355,2024-11-12,C00555,South,Hyderabad,Home Office,Completed,Debit Card
O000356,2025-05-11,C00464,North,Chandigarh,Corporate,Completed,UPI
O000357,2023-04-17,C00149,South,Bengaluru,Corporate,Completed,UPI
O000358,2025-03-31,C00331,West,Ahmedabad,Consumer,Completed,UPI
O000359,2023-11-20,C00105,West,Pune,Consumer,Completed,Credit Card
O000360,2025-04-20,C00486,North,Chandigarh,Corporate,Completed,Wallet
O000361,2024-11-01,C00652,West,Ahmedabad,Home Office,Completed,UPI
O000362,2024-04-13,C00599,North,Lucknow,Consumer,Returned,Net Banking
O000363,2025-05-28,C00060,West,Surat,Corporate,Completed,Wallet
O000364,2023-08-29,C00590,East,Guwahati,Consumer,Completed,Net Banking
O000365,2025-10-09,C00642,East,Patna,Home Office,Completed,Debit Card
O000366,2024-08-12,C00334,South,Chennai,Consumer,Completed,Credit Card
O000367,2024-08-02,C00571,West,Mumbai,Consumer,Completed,UPI
O000368,2024-08-17,C00224,East,Patna,Home Office,Completed,UPI
O000369,2023-01-22,C00274,South,Hyderabad,Corporate,Completed,Credit Card
O000370,2025-02-24,C00531,North,Jaipur,Consumer,Completed,UPI
O000371,2023-04-17,C00303,North,Delhi,Consumer,Completed,Wallet
O000372,2023-04-04,C00742,South,Kochi,Consumer,Completed,Net Banking
O000373,2025-01-29,C00673,East,Patna,Consumer,Completed,Credit Card
O000374,2024-06-17,C00746,North,Chandigarh,Consumer,Completed,Net Banking
O000375,2023-09-28,C00293,South,Bengaluru,Home Office,Completed,Debit Card
O000376,2023-08-28,C00294,East,Guwahati,Consumer,Returned,Debit Card
O000377,2025-01-08,C00483,South,Bengaluru,Consumer,Completed,Debit Card
O000378,2025-06-11,C00012,South,Kochi,Corporate,Completed,Net Banking
O000379,2023-04-19,C00269,West,Ahmedabad,Consumer,Completed,Net Banking
O000380,2024-06-16,C00731,West,Surat,Home Office,Completed,Net Banking
O000381,2023-03-25,C00081,West,Pune,Corporate,Returned,Net Banking
O000382,2025-10-06,C00469,East,Bhubaneswar,Consumer,Completed,Debit Card
O000383,2024-01-05,C00053,West,Surat,Home Office,Completed,Credit Card
O000384,2023-01-09,C00360,West,Surat,Consumer,Completed,Net Banking
O000385,2023-07-13,C00615,West,Mumbai,Consumer,Completed,Wallet
O000386,2023-08-06,C00229,West,Mumbai,Consumer,Completed,Net Banking
O000387,2024-07-05,C00136,West,Mumbai,Consumer,Completed,Net Banking
O000388,2024-10-27,C00586,West,Ahmedabad,Consumer,Cancelled,Wallet
O000389,2025-02-20,C00637,East,Kolkata,Home Office,Completed,Net Banking
O000390,2023-07-02,C00115,East,Patna,Consumer,Completed,Net Banking
O000391,2024-08-06,C00688,North,Lucknow,Consumer,Completed,Net Banking
O000392,2024-09-27,C00554,West,Mumbai,Consumer,Completed,Credit Card
O000393,2025-09-29,C00235,East,Kolkata,Corporate,Completed,Wallet
O000394,2025-05-16,C00623,East,Bhubaneswar,Corporate,Completed,Credit Card
O000395,2025-06-08,C00427,South,Chennai,Home Office,Completed,Credit Card
O000396,2023-11-14,C00723,South,Bengaluru,Consumer,Completed,Debit Card
O000397,2024-05-24,C00433,West,Ahmedabad,Consumer,Completed,UPI
O000398,2025-11-17,C00414,East,Bhubaneswar,Consumer,Completed,Debit Card
O000399,2024-12-28,C00112,East,Kolkata,Home Office,Completed,Net Banking
O000400,2024-01-03,C00181,South,Hyderabad,Consumer,Completed,Debit Card
O000401,2025-07-20,C00378,West,Pune,Home Office,Completed,Credit Card
O000402,2024-03-08,C00082,North,Delhi,Consumer,Completed,UPI
O000403,2025-06-07,C00091,North,Jaipur,Home Office,Completed,Net Banking
O000404,2025-07-31,C00531,North,Jaipur,Consumer,Completed,Net Banking
O000405,2024-09-12,C00684,North,Jaipur,Consumer,Returned,Net Banking
O000406,2024-09-11,C00366,North,Chandigarh,Consumer,Completed,UPI
O000407,2024-01-21,C00389,North,Delhi,Consumer,Completed,Wallet
O000408,2024-01-26,C00426,West,Pune,Corporate,Completed,Net Banking
O000409,2023-02-14,C00149,South,Bengaluru,Corporate,Completed,Net Banking
O000410,2025-09-20,C00451,West,Mumbai,Home Office,Completed,Wallet
O000411,2025-03-13,C00397,South,Bengaluru,Consumer,Completed,Net Banking
O000412,2025-05-01,C00725,East,Bhubaneswar,Consumer,Completed,Net Banking
O000413,2025-03-29,C00622,West,Surat,Consumer,Completed,Net Banking
O000414,2024-04-19,C00383,East,Bhubaneswar,Corporate,Completed,UPI
O000415,2024-07-02,C00632,North,Lucknow,Consumer,Completed,Debit Card
O000416,2025-07-07,C00196,South,Bengaluru,Consumer,Completed,Debit Card
O000417,2025-06-16,C00246,East,Guwahati,Consumer,Completed,Debit Card
O000418,2025-08-17,C00032,West,Mumbai,Consumer,Completed,Net Banking
O000419,2025-01-07,C00149,South,Bengaluru,Corporate,Completed,UPI
O000420,2025-09-15,C00592,West,Pune,Corporate,Completed,UPI
O000421,2025-05-01,C00077,South,Kochi,Home Office,Completed,Debit Card
O000422,2025-01-01,C00280,South,Hyderabad,Home Office,Completed,UPI
O000423,2024-11-22,C00646,East,Patna,Consumer,Completed,Debit Card
O000424,2024-12-28,C00626,North,Jaipur,Corporate,Completed,UPI
O000425,2025-06-15,C00159,South,Chennai,Consumer,Returned,Wallet
O000426,2023-07-28,C00220,South,Chennai,Consumer,Completed,Debit Card
O000427,2023-11-18,C00503,North,Lucknow,Consumer,Completed,Debit Card
O000428,2024-11-16,C00124,East,Bhubaneswar,Home Office,Completed,Debit Card
O000429,2025-10-31,C00375,East,Guwahati,Home Office,Completed,Credit Card
O000430,2023-11-07,C00590,East,Guwahati,Consumer,Completed,Wallet
O000431,2025-01-10,C00527,West,Ahmedabad,Consumer,Completed,Debit Card
O000432,2024-10-06,C00161,West,Mumbai,Consumer,Completed,UPI
O000433,2023-11-06,C00108,East,Kolkata,Corporate,Completed,Wallet
O000434,2024-09-15,C00651,West,Surat,Consumer,Completed,Wallet
O000435,2023-10-28,C00267,West,Pune,Home Office,Completed,Debit Card
O000436,2025-04-08,C00440,North,Delhi,Consumer,Completed,Credit Card
O000437,2025-12-01,C00497,East,Patna,Consumer,Completed,UPI
O000438,2023-05-03,C00023,North,Jaipur,Home Office,Completed,UPI
O000439,2025-07-08,C00059,South,Kochi,Consumer,Completed,Credit Card
O000440,2025-12-28,C00109,West,Mumbai,Consumer,Completed,UPI
O000441,2024-11-02,C00069,South,Chennai,Home Office,Completed,UPI
O000442,2023-05-08,C00728,West,Mumbai,Corporate,Completed,UPI
O000443,2025-01-26,C00225,West,Mumbai,Consumer,Completed,Debit Card
O000444,2025-10-18,C00499,North,Delhi,Home Office,Cancelled,Credit Card
O000445,2023-10-23,C00223,North,Delhi,Consumer,Completed,Credit Card
O000446,2025-07-21,C00052,North,Chandigarh,Consumer,Completed,UPI
O000447,2025-04-16,C00032,West,Mumbai,Consumer,Completed,Wallet
O000448,2023-11-10,C00264,West,Surat,Consumer,Completed,UPI
O000449,2023-10-20,C00312,North,Lucknow,Consumer,Completed,Credit Card
O000450,2024-01-10,C00221,South,Bengaluru,Corporate,Completed,Net Banking
O000451,2025-09-12,C00300,East,Bhubaneswar,Consumer,Completed,Net Banking
O000452,2023-09-29,C00178,East,Bhubaneswar,Home Office,Completed,Debit Card
O000453,2023-07-02,C00193,North,Jaipur,Consumer,Completed,Wallet
O000454,2023-04-04,C00104,North,Jaipur,Home Office,Completed,Wallet
O000455,2024-09-24,C00523,West,Mumbai,Consumer,Completed,Wallet
O000456,2023-04-19,C00516,South,Bengaluru,Consumer,Completed,Wallet
O000457,2024-01-04,C00036,West,Surat,Consumer,Completed,UPI
O000458,2025-12-28,C00486,North,Chandigarh,Corporate,Completed,Wallet
O000459,2024-10-11,C00535,East,Kolkata,Home Office,Completed,Debit Card
O000460,2023-10-22,C00106,North,Jaipur,Corporate,Completed,UPI
O000461,2024-10-28,C00543,East,Patna,Consumer,Completed,Credit Card
O000462,2025-04-25,C00228,South,Chennai,Home Office,Completed,Credit Card
O000463,2024-04-29,C00677,South,Bengaluru,Corporate,Completed,UPI
O000464,2024-10-13,C00013,North,Delhi,Consumer,Completed,Debit Card
O000465,2023-07-27,C00166,East,Guwahati,Consumer,Completed,Debit Card
O000466,2025-04-13,C00477,West,Mumbai,Consumer,Completed,Credit Card
O000467,2025-02-03,C00348,West,Surat,Consumer,Completed,Wallet
O000468,2025-07-14,C00419,South,Chennai,Home Office,Completed,Wallet
O000469,2024-08-15,C00500,South,Kochi,Consumer,Completed,Debit Card
O000470,2024-05-28,C00356,West,Pune,Consumer,Completed,Wallet
O000471,2024-07-30,C00207,North,Jaipur,Consumer,Completed,Debit Card
O000472,2023-07-03,C00051,North,Chandigarh,Home Office,Completed,Wallet
O000473,2024-07-26,C00244,North,Lucknow,Consumer,Completed,Debit Card
O000474,2024-06-19,C00412,South,Kochi,Home Office,Completed,Wallet
O000475,2024-11-03,C00043,South,Chennai,Consumer,Completed,Net Banking
O000476,2023-01-09,C00405,South,Chennai,Home Office,Completed,Net Banking
O000477,2023-06-16,C00662,West,Surat,Home Office,Completed,Net Banking
O000478,2023-09-10,C00081,West,Pune,Corporate,Completed,Debit Card
O000479,2025-03-03,C00145,East,Patna,Consumer,Completed,UPI
O000480,2023-09-13,C00528,East,Kolkata,Consumer,Completed,UPI
O000481,2024-07-29,C00594,West,Mumbai,Consumer,Completed,Debit Card
O000482,2024-03-28,C00706,West,Pune,Consumer,Completed,Debit Card
O000483,2025-10-06,C00095,East,Patna,Consumer,Completed,Net Banking
O000484,2023-12-16,C00680,North,Chandigarh,Home Office,Completed,Credit Card
O000485,2023-05-14,C00032,West,Mumbai,Consumer,Completed,Wallet
O000486,2024-07-15,C00704,East,Kolkata,Consumer,Completed,Wallet
O000487,2024-06-01,C00583,West,Ahmedabad,Corporate,Completed,UPI
O000488,2024-10-23,C00542,West,Ahmedabad,Consumer,Cancelled,Net Banking
O000489,2025-10-11,C00174,East,Guwahati,Corporate,Completed,Debit Card
O000490,2025-05-10,C00421,North,Chandigarh,Consumer,Completed,Wallet
O000491,2023-02-21,C00327,North,Delhi,Consumer,Completed,UPI
O000492,2023-07-18,C00052,North,Chandigarh,Consumer,Completed,Debit Card
O000493,2024-05-27,C00016,West,Ahmedabad,Consumer,Completed,UPI
O000494,2024-11-14,C00149,South,Bengaluru,Corporate,Completed,UPI
O000495,2023-03-10,C00248,North,Lucknow,Consumer,Completed,Credit Card
O000496,2023-05-07,C00623,East,Bhubaneswar,Corporate,Completed,Wallet
O000497,2023-04-17,C00332,West,Ahmedabad,Consumer,Completed,Net Banking
O000498,2024-04-22,C00675,East,Bhubaneswar,Home Office,Completed,Net Banking
O000499,2023-07-27,C00469,East,Bhubaneswar,Consumer,Completed,Net Banking
O000500,2025-11-25,C00713,North,Jaipur,Consumer,Completed,Credit Card
O000501,2023-09-16,C00155,North,Lucknow,Consumer,Completed,Net Banking
O000502,2024-01-16,C00176,West,Mumbai,Corporate,Completed,Debit Card
O000503,2025-06-11,C00350,East,Patna,Consumer,Completed,Wallet
O000504,2023-10-26,C00165,East,Guwahati,Corporate,Completed,UPI
O000505,2025-11-26,C00679,South,Chennai,Consumer,Completed,Credit Card
O000506,2024-02-15,C00450,South,Chennai,Corporate,Completed,Net Banking
O000507,2025-08-15,C00502,East,Bhubaneswar,Consumer,Completed,Wallet
O000508,2024-09-05,C00661,West,Surat,Consumer,Completed,UPI
O000509,2025-10-12,C00087,South,Kochi,Home Office,Completed,Wallet
O000510,2024-03-12,C00672,East,Bhubaneswar,Consumer,Completed,Debit Card
O000511,2025-02-08,C00288,South,Kochi,Consumer,Completed,Debit Card
O000512,2023-01-21,C00650,South,Kochi,Consumer,Completed,Debit Card
O000513,2025-06-20,C00177,North,Delhi,Consumer,Completed,UPI
O000514,2023-03-02,C00072,South,Hyderabad,Consumer,Completed,Debit Card
O000515,2023-12-23,C00125,West,Mumbai,Corporate,Completed,UPI
O000516,2023-02-12,C00168,South,Bengaluru,Consumer,Completed,Credit Card
O000517,2024-09-16,C00432,South,Kochi,Home Office,Completed,Wallet
O000518,2025-06-07,C00411,North,Jaipur,Home Office,Completed,Credit Card
O000519,2025-12-26,C00458,West,Surat,Consumer,Completed,Credit Card
O000520,2023-04-05,C00402,West,Ahmedabad,Consumer,Completed,Credit Card
O000521,2023-04-20,C00123,West,Mumbai,Consumer,Completed,Wallet
O000522,2025-09-28,C00719,South,Hyderabad,Consumer,Completed,Wallet
O000523,2023-05-13,C00434,East,Guwahati,Home Office,Completed,Wallet
O000524,2025-02-05,C00627,West,Surat,Consumer,Completed,Net Banking
O000525,2025-10-10,C00562,North,Delhi,Consumer,Completed,Credit Card
O000526,2025-07-14,C00529,South,Hyderabad,Home Office,Completed,Debit Card
O000527,2024-06-05,C00393,South,Chennai,Consumer,Completed,Debit Card
O000528,2024-04-16,C00491,East,Guwahati,Consumer,Completed,Net Banking
O000529,2025-06-04,C00074,East,Guwahati,Consumer,Completed,Net Banking
O000530,2023-02-20,C00594,West,Mumbai,Consumer,Completed,Debit Card
O000531,2023-06-18,C00255,East,Guwahati,Consumer,Completed,UPI
O000532,2024-07-20,C00711,East,Guwahati,Consumer,Completed,Debit Card
O000533,2024-05-27,C00453,East,Patna,Consumer,Completed,Debit Card
O000534,2024-01-26,C00082,North,Delhi,Consumer,Cancelled,Wallet
O000535,2024-06-18,C00744,South,Chennai,Consumer,Completed,Net Banking
O000536,2025-04-10,C00229,West,Mumbai,Consumer,Completed,Credit Card
O000537,2025-03-25,C00147,North,Chandigarh,Home Office,Completed,Credit Card
O000538,2025-11-22,C00055,South,Hyderabad,Consumer,Completed,Credit Card
O000539,2025-05-28,C00426,West,Pune,Corporate,Completed,Debit Card
O000540,2023-10-12,C00335,South,Bengaluru,Consumer,Completed,Debit Card
O000541,2024-04-06,C00668,North,Lucknow,Consumer,Completed,Wallet
O000542,2024-09-05,C00155,North,Lucknow,Consumer,Completed,Credit Card
O000543,2023-11-11,C00243,East,Patna,Home Office,Cancelled,Net Banking
O000544,2024-01-21,C00223,North,Delhi,Consumer,Completed,Debit Card
O000545,2023-07-10,C00167,South,Chennai,Home Office,Completed,Wallet
O000546,2025-09-27,C00524,North,Jaipur,Consumer,Completed,Net Banking
O000547,2024-08-04,C00646,East,Patna,Consumer,Completed,Net Banking
O000548,2023-04-28,C00585,West,Surat,Consumer,Completed,Net Banking
O000549,2025-03-11,C00254,South,Bengaluru,Consumer,Completed,Net Banking
O000550,2023-05-21,C00081,West,Pune,Corporate,Completed,Credit Card
O000551,2024-09-26,C00031,North,Lucknow,Consumer,Completed,Wallet
O000552,2024-09-27,C00504,East,Patna,Consumer,Completed,UPI
O000553,2023-10-20,C00654,South,Kochi,Consumer,Completed,Debit Card
O000554,2025-10-02,C00344,East,Kolkata,Consumer,Completed,Debit Card
O000555,2025-03-11,C00595,South,Chennai,Corporate,Completed,Wallet
O000556,2025-06-03,C00117,West,Surat,Consumer,Completed,Net Banking
O000557,2023-03-31,C00607,West,Pune,Consumer,Completed,Wallet
O000558,2024-08-20,C00179,East,Guwahati,Home Office,Completed,Net Banking
O000559,2025-04-22,C00627,West,Surat,Consumer,Completed,Net Banking
O000560,2023-12-04,C00219,North,Jaipur,Home Office,Completed,Net Banking
O000561,2025-02-19,C00659,East,Patna,Home Office,Completed,UPI
O000562,2023-01-22,C00342,South,Hyderabad,Consumer,Completed,Net Banking
O000563,2025-09-19,C00051,North,Chandigarh,Home Office,Completed,Net Banking
O000564,2023-10-15,C00398,South,Kochi,Corporate,Completed,Credit Card
O000565,2023-06-08,C00014,West,Ahmedabad,Consumer,Completed,Credit Card
O000566,2024-03-19,C00622,West,Surat,Consumer,Completed,UPI
O000567,2025-12-06,C00265,East,Guwahati,Consumer,Completed,UPI
O000568,2023-04-10,C00664,West,Pune,Consumer,Completed,UPI
O000569,2023-02-02,C00706,West,Pune,Consumer,Returned,Credit Card
O000570,2023-05-10,C00611,East,Guwahati,Consumer,Completed,Credit Card
O000571,2023-12-09,C00152,East,Guwahati,Corporate,Completed,Credit Card
O000572,2024-02-29,C00512,South,Hyderabad,Home Office,Completed,UPI
O000573,2025-04-03,C00448,North,Delhi,Consumer,Completed,Debit Card
O000574,2025-01-25,C00041,South,Kochi,Corporate,Completed,Wallet
O000575,2025-10-20,C00010,West,Ahmedabad,Consumer,Completed,Credit Card
O000576,2024-11-11,C00346,North,Delhi,Consumer,Completed,Net Banking
O000577,2023-05-19,C00489,West,Surat,Consumer,Completed,Net Banking
O000578,2025-11-12,C00302,East,Guwahati,Corporate,Completed,UPI
O000579,2024-09-24,C00228,South,Chennai,Home Office,Completed,UPI
O000580,2023-05-03,C00168,South,Bengaluru,Consumer,Completed,Net Banking
O000581,2024-02-23,C00571,West,Mumbai,Consumer,Completed,Net Banking
O000582,2024-11-04,C00733,East,Kolkata,Consumer,Completed,Net Banking
O000583,2024-08-13,C00330,South,Bengaluru,Consumer,Completed,UPI
O000584,2024-05-23,C00750,East,Bhubaneswar,Home Office,Completed,Credit Card
O000585,2025-06-24,C00722,East,Guwahati,Consumer,Completed,UPI
O000586,2023-10-17,C00729,West,Ahmedabad,Consumer,Completed,Wallet
O000587,2024-05-24,C00036,West,Surat,Consumer,Completed,Credit Card
O000588,2024-07-10,C00223,North,Delhi,Consumer,Completed,Net Banking
O000589,2025-06-22,C00156,East,Bhubaneswar,Consumer,Completed,Credit Card
O000590,2025-09-14,C00466,North,Delhi,Consumer,Completed,Debit Card
O000591,2023-11-09,C00130,South,Kochi,Consumer,Completed,Net Banking
O000592,2023-05-28,C00483,South,Bengaluru,Consumer,Completed,Credit Card
O000593,2023-01-09,C00703,South,Hyderabad,Consumer,Completed,Net Banking
O000594,2025-04-08,C00564,East,Kolkata,Consumer,Completed,Wallet
O000595,2023-05-26,C00458,West,Surat,Consumer,Completed,Net Banking
O000596,2023-11-29,C00666,West,Surat,Consumer,Completed,Debit Card
O000597,2025-11-09,C00624,South,Hyderabad,Consumer,Completed,Credit Card
O000598,2024-05-11,C00214,North,Delhi,Corporate,Completed,UPI
O000599,2023-10-30,C00480,South,Bengaluru,Consumer,Completed,Wallet
O000600,2023-11-27,C00047,West,Surat,Corporate,Completed,Net Banking
O000601,2023-06-14,C00428,South,Chennai,Corporate,Completed,Debit Card
O000602,2024-09-10,C00518,South,Kochi,Consumer,Completed,Net Banking
O000603,2023-07-02,C00615,West,Mumbai,Consumer,Completed,Credit Card
O000604,2024-07-04,C00412,South,Kochi,Home Office,Completed,Credit Card
O000605,2025-10-04,C00691,North,Delhi,Consumer,Completed,Debit Card
O000606,2025-06-01,C00380,West,Mumbai,Home Office,Completed,Credit Card
O000607,2025-09-23,C00416,South,Kochi,Consumer,Completed,Credit Card
O000608,2024-01-16,C00058,West,Surat,Consumer,Completed,Credit Card
O000609,2024-06-15,C00546,West,Mumbai,Consumer,Completed,UPI
O000610,2025-02-12,C00581,East,Kolkata,Home Office,Completed,Credit Card
O000611,2025-09-05,C00509,South,Bengaluru,Corporate,Completed,UPI
O000612,2023-03-27,C00583,West,Ahmedabad,Corporate,Completed,Wallet
O000613,2025-12-01,C00524,North,Jaipur,Consumer,Completed,Net Banking
O000614,2023-04-28,C00542,West,Ahmedabad,Consumer,Completed,Credit Card
O000615,2023-02-22,C00596,South,Chennai,Consumer,Completed,Credit Card
O000616,2025-01-24,C00590,East,Guwahati,Consumer,Completed,Credit Card
O000617,2023-01-07,C00415,West,Mumbai,Consumer,Returned,Debit Card
O000618,2025-06-28,C00069,South,Chennai,Home Office,Completed,UPI
O000619,2024-12-14,C00516,South,Bengaluru,Consumer,Completed,UPI
O000620,2025-02-27,C00171,North,Lucknow,Consumer,Completed,Wallet
O000621,2025-10-30,C00529,South,Hyderabad,Home Office,Completed,Net Banking
O000622,2023-12-11,C00003,North,Lucknow,Home Office,Returned,UPI
O000623,2025-06-09,C00639,South,Chennai,Consumer,Completed,Net Banking
O000624,2023-09-10,C00671,West,Surat,Consumer,Completed,Debit Card
O000625,2024-04-03,C00304,North,Delhi,Home Office,Completed,Net Banking
O000626,2025-06-13,C00003,North,Lucknow,Home Office,Completed,Wallet
O000627,2024-01-21,C00174,East,Guwahati,Corporate,Completed,Net Banking
O000628,2023-01-04,C00435,North,Lucknow,Consumer,Completed,Net Banking
O000629,2025-05-17,C00359,West,Surat,Home Office,Completed,Credit Card
O000630,2025-11-30,C00082,North,Delhi,Consumer,Completed,Debit Card
O000631,2024-03-24,C00736,South,Kochi,Corporate,Completed,UPI
O000632,2024-10-17,C00184,North,Jaipur,Consumer,Cancelled,Net Banking
O000633,2024-03-17,C00651,West,Surat,Consumer,Completed,Debit Card
O000634,2023-11-09,C00398,South,Kochi,Corporate,Completed,Net Banking
O000635,2025-03-13,C00583,West,Ahmedabad,Corporate,Completed,Credit Card
O000636,2023-02-14,C00480,South,Bengaluru,Consumer,Completed,Net Banking
O000637,2025-03-11,C00207,North,Jaipur,Consumer,Completed,Credit Card
O000638,2025-03-17,C00519,North,Delhi,Consumer,Completed,UPI
O000639,2024-09-14,C00163,West,Mumbai,Consumer,Completed,Debit Card
O000640,2023-10-24,C00442,North,Jaipur,Corporate,Completed,Debit Card
O000641,2023-07-28,C00043,South,Chennai,Consumer,Returned,Net Banking
O000642,2023-12-11,C00715,East,Patna,Consumer,Completed,UPI
O000643,2023-09-01,C00180,East,Guwahati,Consumer,Completed,Credit Card
O000644,2025-02-07,C00749,North,Lucknow,Consumer,Cancelled,Net Banking
O000645,2024-07-17,C00505,West,Pune,Home Office,Completed,UPI
O000646,2025-09-28,C00121,North,Jaipur,Corporate,Completed,Wallet
O000647,2025-09-09,C00156,East,Bhubaneswar,Consumer,Completed,Credit Card
O000648,2025-02-25,C00478,South,Chennai,Consumer,Completed,UPI
O000649,2024-10-28,C00680,North,Chandigarh,Home Office,Completed,UPI
O000650,2025-03-17,C00417,North,Delhi,Consumer,Completed,Wallet
O000651,2023-09-12,C00352,West,Mumbai,Home Office,Completed,Credit Card
O000652,2023-01-11,C00202,East,Guwahati,Home Office,Completed,Credit Card
O000653,2023-11-27,C00382,East,Guwahati,Home Office,Completed,UPI
O000654,2025-11-02,C00460,South,Bengaluru,Consumer,Returned,Credit Card
O000655,2024-09-07,C00149,South,Bengaluru,Corporate,Completed,Debit Card
O000656,2025-12-29,C00481,South,Chennai,Corporate,Completed,Debit Card
O000657,2025-11-11,C00614,North,Chandigarh,Consumer,Completed,Credit Card
O000658,2023-10-18,C00356,West,Pune,Consumer,Completed,Credit Card
O000659,2025-01-05,C00750,East,Bhubaneswar,Home Office,Completed,Wallet
O000660,2024-06-06,C00265,East,Guwahati,Consumer,Completed,Net Banking
O000661,2023-06-20,C00647,North,Delhi,Consumer,Completed,Debit Card
O000662,2024-01-30,C00176,West,Mumbai,Corporate,Completed,Credit Card
O000663,2025-05-09,C00598,North,Delhi,Consumer,Completed,Credit Card
O000664,2023-06-08,C00012,South,Kochi,Corporate,Completed,Net Banking
O000665,2023-05-16,C00737,East,Patna,Consumer,Completed,Debit Card
O000666,2023-10-27,C00479,South,Kochi,Consumer,Completed,Debit Card
O000667,2025-09-29,C00361,East,Patna,Consumer,Completed,Debit Card
O000668,2024-07-09,C00266,East,Bhubaneswar,Home Office,Completed,Net Banking
O000669,2024-01-06,C00069,South,Chennai,Home Office,Completed,Wallet
O000670,2025-04-04,C00589,North,Lucknow,Corporate,Completed,Credit Card
O000671,2023-09-16,C00079,East,Guwahati,Consumer,Completed,Debit Card
O000672,2024-05-25,C00186,North,Delhi,Consumer,Completed,Debit Card
O000673,2025-08-17,C00386,North,Jaipur,Corporate,Completed,Credit Card
O000674,2024-09-17,C00498,North,Lucknow,Consumer,Completed,UPI
O000675,2023-06-12,C00038,East,Guwahati,Consumer,Completed,Wallet
O000676,2023-04-28,C00254,South,Bengaluru,Consumer,Completed,UPI
O000677,2025-05-18,C00117,West,Surat,Consumer,Completed,Wallet
O000678,2023-09-13,C00175,East,Bhubaneswar,Corporate,Completed,UPI
O000679,2025-05-20,C00161,West,Mumbai,Consumer,Completed,Wallet
O000680,2023-03-28,C00226,South,Bengaluru,Corporate,Returned,Wallet
O000681,2024-04-05,C00423,North,Jaipur,Consumer,Completed,Debit Card
O000682,2023-04-15,C00023,North,Jaipur,Home Office,Completed,UPI
O000683,2024-11-23,C00476,East,Kolkata,Home Office,Completed,Debit Card
O000684,2025-11-21,C00740,South,Hyderabad,Consumer,Completed,Debit Card
O000685,2023-08-08,C00220,South,Chennai,Consumer,Completed,Debit Card
O000686,2023-01-19,C00162,West,Ahmedabad,Corporate,Completed,Wallet
O000687,2023-11-11,C00333,East,Kolkata,Corporate,Completed,Net Banking
O000688,2025-03-20,C00642,East,Patna,Home Office,Completed,Wallet
O000689,2024-07-05,C00256,East,Guwahati,Consumer,Completed,Credit Card
O000690,2023-10-14,C00614,North,Chandigarh,Consumer,Completed,Credit Card
O000691,2023-08-15,C00348,West,Surat,Consumer,Completed,Debit Card
O000692,2023-03-06,C00723,South,Bengaluru,Consumer,Completed,Debit Card
O000693,2023-09-01,C00133,West,Surat,Corporate,Completed,Credit Card
O000694,2024-10-27,C00568,South,Bengaluru,Consumer,Completed,Credit Card
O000695,2023-11-15,C00055,South,Hyderabad,Consumer,Completed,Debit Card
O000696,2025-05-29,C00371,West,Surat,Consumer,Completed,Credit Card
O000697,2023-11-09,C00392,West,Surat,Home Office,Completed,Net Banking
O000698,2024-02-11,C00634,South,Hyderabad,Home Office,Completed,Wallet
O000699,2024-01-07,C00514,North,Chandigarh,Corporate,Completed,Credit Card
O000700,2024-04-14,C00268,South,Kochi,Consumer,Completed,Credit Card
O000701,2023-10-27,C00417,North,Delhi,Consumer,Completed,Debit Card
O000702,2024-04-18,C00551,South,Hyderabad,Consumer,Completed,Net Banking
O000703,2023-04-16,C00087,South,Kochi,Home Office,Completed,Debit Card
O000704,2025-05-06,C00386,North,Jaipur,Corporate,Completed,UPI
O000705,2023-04-17,C00458,West,Surat,Consumer,Completed,Wallet
O000706,2023-07-26,C00449,East,Guwahati,Home Office,Completed,Debit Card
O000707,2024-09-15,C00125,West,Mumbai,Corporate,Completed,Credit Card
O000708,2024-11-09,C00392,West,Surat,Home Office,Completed,Wallet
O000709,2025-01-31,C00262,South,Kochi,Corporate,Completed,UPI
O000710,2023-08-06,C00608,South,Bengaluru,Corporate,Completed,Wallet
O000711,2024-01-26,C00016,West,Ahmedabad,Consumer,Completed,Wallet
O000712,2024-12-03,C00205,North,Jaipur,Corporate,Completed,Credit Card
O000713,2023-03-31,C00730,East,Patna,Consumer,Completed,Wallet
O000714,2024-12-12,C00214,North,Delhi,Corporate,Completed,Wallet
O000715,2024-07-15,C00698,North,Delhi,Consumer,Completed,Credit Card
O000716,2025-03-25,C00295,South,Bengaluru,Corporate,Completed,Net Banking
O000717,2025-11-09,C00001,North,Delhi,Consumer,Completed,Credit Card
O000718,2023-01-08,C00198,West,Ahmedabad,Consumer,Completed,Wallet
O000719,2025-07-21,C00533,North,Lucknow,Consumer,Completed,Debit Card
O000720,2024-07-03,C00144,East,Guwahati,Consumer,Completed,UPI
O000721,2023-10-31,C00700,East,Patna,Home Office,Completed,Debit Card
O000722,2024-10-26,C00556,South,Bengaluru,Corporate,Completed,Net Banking
O000723,2024-08-26,C00220,South,Chennai,Consumer,Completed,Debit Card
O000724,2024-03-25,C00576,North,Delhi,Consumer,Completed,Wallet
O000725,2023-08-06,C00124,East,Bhubaneswar,Home Office,Completed,Wallet
O000726,2024-02-27,C00287,West,Mumbai,Consumer,Completed,Net Banking
O000727,2023-11-15,C00677,South,Bengaluru,Corporate,Completed,Net Banking
O000728,2023-07-11,C00581,East,Kolkata,Home Office,Completed,Wallet
O000729,2025-10-01,C00553,East,Patna,Consumer,Completed,Net Banking
O000730,2023-07-25,C00327,North,Delhi,Consumer,Completed,UPI
O000731,2025-02-12,C00553,East,Patna,Consumer,Completed,UPI
O000732,2023-09-28,C00524,North,Jaipur,Consumer,Completed,Wallet
O000733,2023-01-28,C00598,North,Delhi,Consumer,Completed,UPI
O000734,2024-02-19,C00114,West,Surat,Home Office,Completed,Credit Card
O000735,2024-09-21,C00372,West,Surat,Consumer,Completed,Debit Card
O000736,2023-09-10,C00100,North,Lucknow,Consumer,Completed,UPI
O000737,2025-11-13,C00231,South,Bengaluru,Consumer,Completed,Net Banking
O000738,2023-08-19,C00270,East,Guwahati,Home Office,Cancelled,Debit Card
O000739,2025-01-01,C00013,North,Delhi,Consumer,Completed,UPI
O000740,2023-03-30,C00485,East,Guwahati,Consumer,Completed,Net Banking
O000741,2023-11-04,C00133,West,Surat,Corporate,Completed,Debit Card
O000742,2023-06-06,C00027,South,Kochi,Consumer,Completed,Credit Card
O000743,2025-03-10,C00332,West,Ahmedabad,Consumer,Completed,UPI
O000744,2023-08-20,C00542,West,Ahmedabad,Consumer,Returned,Credit Card
O000745,2024-01-08,C00266,East,Bhubaneswar,Home Office,Completed,Wallet
O000746,2024-11-13,C00107,West,Mumbai,Consumer,Completed,Wallet
O000747,2025-10-15,C00322,South,Bengaluru,Consumer,Completed,Credit Card
O000748,2023-06-28,C00196,South,Bengaluru,Consumer,Completed,UPI
O000749,2025-01-12,C00025,North,Chandigarh,Consumer,Returned,Debit Card
O000750,2025-01-09,C00243,East,Patna,Home Office,Completed,Wallet
O000751,2025-05-12,C00252,South,Kochi,Consumer,Completed,Credit Card
O000752,2023-08-29,C00542,West,Ahmedabad,Consumer,Completed,UPI
O000753,2023-06-01,C00130,South,Kochi,Consumer,Completed,Credit Card
O000754,2023-06-11,C00615,West,Mumbai,Consumer,Completed,Net Banking
O000755,2023-11-03,C00207,North,Jaipur,Consumer,Completed,UPI
O000756,2024-08-10,C00177,North,Delhi,Consumer,Completed,Wallet
O000757,2023-12-22,C00075,West,Pune,Consumer,Completed,Debit Card
O000758,2025-10-24,C00642,East,Patna,Home Office,Completed,UPI
O000759,2025-12-04,C00583,West,Ahmedabad,Corporate,Completed,UPI
O000760,2024-03-24,C00143,North,Lucknow,Consumer,Completed,Wallet
O000761,2023-06-08,C00219,North,Jaipur,Home Office,Completed,Credit Card
O000762,2023-04-22,C00396,West,Mumbai,Corporate,Completed,Wallet
O000763,2024-11-18,C00583,West,Ahmedabad,Corporate,Completed,Wallet
O000764,2023-01-23,C00030,South,Bengaluru,Consumer,Completed,Debit Card
O000765,2023-06-24,C00030,South,Bengaluru,Consumer,Completed,Debit Card
O000766,2023-01-18,C00660,South,Bengaluru,Consumer,Completed,Credit Card
O000767,2023-07-19,C00499,North,Delhi,Home Office,Completed,Wallet
O000768,2023-11-04,C00217,North,Chandigarh,Home Office,Completed,UPI
O000769,2024-08-17,C00570,East,Bhubaneswar,Home Office,Completed,UPI
O000770,2024-04-19,C00648,North,Delhi,Corporate,Completed,Wallet
O000771,2025-11-23,C00387,North,Delhi,Corporate,Completed,Credit Card
O000772,2024-03-03,C00194,West,Pune,Consumer,Completed,Debit Card
O000773,2023-06-28,C00615,West,Mumbai,Consumer,Completed,UPI
O000774,2024-07-27,C00708,North,Chandigarh,Corporate,Completed,Net Banking
O000775,2024-06-12,C00402,West,Ahmedabad,Consumer,Returned,Net Banking
O000776,2023-03-23,C00693,North,Chandigarh,Consumer,Completed,Wallet
O000777,2023-09-22,C00210,North,Chandigarh,Consumer,Completed,Debit Card
O000778,2025-02-04,C00185,East,Kolkata,Corporate,Completed,UPI
O000779,2023-04-27,C00542,West,Ahmedabad,Consumer,Completed,UPI
O000780,2024-08-18,C00702,West,Pune,Consumer,Completed,Credit Card
O000781,2025-03-06,C00209,South,Hyderabad,Consumer,Completed,Net Banking
O000782,2023-08-12,C00079,East,Guwahati,Consumer,Completed,Net Banking
O000783,2025-06-06,C00525,East,Patna,Corporate,Completed,Wallet
O000784,2025-09-22,C00072,South,Hyderabad,Consumer,Completed,Net Banking
O000785,2023-03-20,C00241,East,Patna,Consumer,Completed,Wallet
O000786,2023-03-06,C00165,East,Guwahati,Corporate,Completed,Credit Card
O000787,2023-02-16,C00722,East,Guwahati,Consumer,Completed,Net Banking
O000788,2023-06-17,C00092,North,Lucknow,Home Office,Completed,Wallet
O000789,2024-03-14,C00376,East,Guwahati,Consumer,Completed,Net Banking
O000790,2024-12-01,C00265,East,Guwahati,Consumer,Completed,Wallet
O000791,2025-03-07,C00706,West,Pune,Consumer,Completed,Wallet
O000792,2023-10-24,C00422,East,Bhubaneswar,Consumer,Returned,Debit Card
O000793,2023-01-30,C00369,East,Patna,Corporate,Completed,Debit Card
O000794,2023-08-21,C00559,East,Patna,Consumer,Completed,Credit Card
O000795,2025-07-09,C00668,North,Lucknow,Consumer,Completed,Credit Card
O000796,2025-05-10,C00583,West,Ahmedabad,Corporate,Completed,Credit Card
O000797,2024-01-27,C00650,South,Kochi,Consumer,Completed,Wallet
O000798,2023-09-13,C00592,West,Pune,Corporate,Completed,Debit Card
O000799,2025-05-22,C00488,West,Ahmedabad,Home Office,Completed,Net Banking
O000800,2025-02-03,C00083,West,Pune,Consumer,Completed,Net Banking
O000801,2024-08-06,C00384,South,Kochi,Corporate,Completed,UPI
O000802,2023-06-29,C00539,North,Jaipur,Consumer,Completed,Net Banking
O000803,2023-07-24,C00543,East,Patna,Consumer,Completed,Net Banking
O000804,2024-03-09,C00016,West,Ahmedabad,Consumer,Completed,Credit Card
O000805,2025-08-19,C00657,East,Patna,Corporate,Completed,Net Banking
O000806,2023-01-16,C00452,South,Kochi,Consumer,Completed,Net Banking
O000807,2024-05-09,C00162,West,Ahmedabad,Corporate,Completed,UPI
O000808,2023-11-11,C00009,East,Bhubaneswar,Consumer,Completed,Wallet
O000809,2025-03-12,C00010,West,Ahmedabad,Consumer,Completed,Wallet
O000810,2025-05-28,C00501,West,Mumbai,Consumer,Completed,Credit Card
O000811,2025-04-05,C00109,West,Mumbai,Consumer,Completed,Wallet
O000812,2023-08-31,C00039,South,Hyderabad,Home Office,Completed,Debit Card
O000813,2023-11-22,C00677,South,Bengaluru,Corporate,Completed,Credit Card
O000814,2025-07-18,C00294,East,Guwahati,Consumer,Completed,Credit Card
O000815,2024-08-31,C00598,North,Delhi,Consumer,Completed,Net Banking
O000816,2024-06-17,C00092,North,Lucknow,Home Office,Completed,Wallet
O000817,2023-07-31,C00393,South,Chennai,Consumer,Completed,Credit Card
O000818,2024-08-01,C00037,West,Surat,Consumer,Completed,Debit Card
O000819,2024-03-01,C00612,East,Guwahati,Corporate,Completed,UPI
O000820,2025-09-23,C00574,South,Hyderabad,Consumer,Completed,Credit Card
O000821,2024-01-04,C00662,West,Surat,Home Office,Completed,Wallet
O000822,2023-03-06,C00041,South,Kochi,Corporate,Completed,Wallet
O000823,2023-01-11,C00559,East,Patna,Consumer,Completed,Credit Card
O000824,2023-03-02,C00052,North,Chandigarh,Consumer,Completed,Debit Card
O000825,2023-08-24,C00663,South,Bengaluru,Consumer,Completed,Credit Card
O000826,2024-07-02,C00296,East,Guwahati,Consumer,Completed,Wallet
O000827,2024-08-25,C00607,West,Pune,Consumer,Completed,Credit Card
O000828,2024-05-27,C00647,North,Delhi,Consumer,Completed,Debit Card
O000829,2025-03-15,C00223,North,Delhi,Consumer,Completed,Credit Card
O000830,2024-02-26,C00186,North,Delhi,Consumer,Completed,Wallet
O000831,2023-08-09,C00207,North,Jaipur,Consumer,Completed,UPI
O000832,2025-07-09,C00359,West,Surat,Home Office,Completed,Wallet
O000833,2025-04-19,C00656,North,Lucknow,Consumer,Completed,Wallet
O000834,2024-12-22,C00715,East,Patna,Consumer,Completed,Credit Card
O000835,2025-01-02,C00580,South,Bengaluru,Corporate,Completed,Credit Card
O000836,2024-10-05,C00119,East,Kolkata,Consumer,Completed,Debit Card
O000837,2024-04-21,C00391,South,Chennai,Home Office,Completed,UPI
O000838,2024-07-23,C00740,South,Hyderabad,Consumer,Completed,Wallet
O000839,2025-05-13,C00600,South,Bengaluru,Home Office,Completed,UPI
O000840,2025-10-08,C00057,East,Bhubaneswar,Consumer,Cancelled,Wallet
O000841,2023-02-13,C00669,West,Pune,Home Office,Completed,UPI
O000842,2025-08-03,C00310,East,Patna,Consumer,Completed,Wallet
O000843,2025-12-16,C00335,South,Bengaluru,Consumer,Completed,Debit Card
O000844,2024-07-16,C00742,South,Kochi,Consumer,Completed,Debit Card
O000845,2025-10-08,C00096,South,Kochi,Corporate,Completed,UPI
O000846,2025-02-04,C00029,North,Chandigarh,Corporate,Completed,Net Banking
O000847,2024-04-08,C00403,East,Guwahati,Consumer,Completed,Debit Card
O000848,2023-01-11,C00465,West,Ahmedabad,Consumer,Completed,UPI
O000849,2024-06-24,C00592,West,Pune,Corporate,Completed,Debit Card
O000850,2023-12-15,C00295,South,Bengaluru,Corporate,Completed,Credit Card
O000851,2025-09-05,C00287,West,Mumbai,Consumer,Returned,Credit Card
O000852,2023-07-08,C00084,East,Bhubaneswar,Consumer,Completed,Wallet
O000853,2024-05-11,C00031,North,Lucknow,Consumer,Completed,Net Banking
O000854,2023-05-04,C00425,West,Mumbai,Consumer,Completed,Net Banking
O000855,2024-01-20,C00132,North,Delhi,Consumer,Completed,Wallet
O000856,2024-10-03,C00058,West,Surat,Consumer,Completed,Net Banking
O000857,2025-11-17,C00207,North,Jaipur,Consumer,Completed,Wallet
O000858,2023-07-29,C00462,South,Hyderabad,Home Office,Completed,Credit Card
O000859,2023-02-03,C00347,West,Ahmedabad,Consumer,Completed,Debit Card
O000860,2023-08-31,C00248,North,Lucknow,Consumer,Completed,UPI
O000861,2025-06-22,C00467,North,Jaipur,Corporate,Completed,Net Banking
O000862,2024-02-02,C00058,West,Surat,Consumer,Completed,Wallet
O000863,2025-10-07,C00196,South,Bengaluru,Consumer,Completed,Credit Card
O000864,2023-05-15,C00631,West,Mumbai,Consumer,Completed,Net Banking
O000865,2025-03-13,C00348,West,Surat,Consumer,Completed,Debit Card
O000866,2025-10-11,C00685,West,Ahmedabad,Consumer,Completed,Wallet
O000867,2024-08-12,C00370,South,Kochi,Consumer,Completed,Net Banking
O000868,2024-09-17,C00065,East,Kolkata,Home Office,Completed,Debit Card
O000869,2025-07-21,C00229,West,Mumbai,Consumer,Completed,Debit Card
O000870,2023-02-12,C00573,North,Chandigarh,Consumer,Completed,UPI
O000871,2024-12-22,C00624,South,Hyderabad,Consumer,Completed,Credit Card
O000872,2023-07-12,C00651,West,Surat,Consumer,Completed,Net Banking
O000873,2024-12-19,C00184,North,Jaipur,Consumer,Completed,Wallet
O000874,2023-02-12,C00546,West,Mumbai,Consumer,Completed,Credit Card
O000875,2025-01-01,C00657,East,Patna,Corporate,Completed,Debit Card
O000876,2024-02-27,C00056,West,Mumbai,Consumer,Completed,Debit Card
O000877,2025-07-09,C00483,South,Bengaluru,Consumer,Completed,Debit Card
O000878,2024-09-25,C00670,North,Jaipur,Consumer,Completed,Wallet
O000879,2023-09-09,C00186,North,Delhi,Consumer,Completed,Debit Card
O000880,2024-08-13,C00657,East,Patna,Corporate,Completed,Credit Card
O000881,2025-08-13,C00575,West,Ahmedabad,Home Office,Completed,Credit Card
O000882,2024-09-13,C00656,North,Lucknow,Consumer,Completed,Credit Card
O000883,2024-08-02,C00267,West,Pune,Home Office,Completed,UPI
O000884,2023-04-13,C00412,South,Kochi,Home Office,Completed,Wallet
O000885,2023-11-14,C00086,West,Mumbai,Consumer,Completed,Net Banking
O000886,2023-07-20,C00644,South,Kochi,Consumer,Completed,Debit Card
O000887,2023-10-13,C00128,West,Mumbai,Consumer,Completed,Wallet
O000888,2024-01-11,C00384,South,Kochi,Corporate,Completed,Credit Card
O000889,2025-12-14,C00462,South,Hyderabad,Home Office,Completed,Net Banking
O000890,2024-12-26,C00381,South,Hyderabad,Home Office,Completed,Wallet
O000891,2023-02-24,C00065,East,Kolkata,Home Office,Completed,Wallet
O000892,2025-02-03,C00117,West,Surat,Consumer,Completed,Debit Card
O000893,2023-04-20,C00035,South,Hyderabad,Consumer,Completed,Wallet
O000894,2025-07-31,C00073,South,Kochi,Home Office,Completed,Wallet
O000895,2023-07-19,C00450,South,Chennai,Corporate,Completed,Wallet
O000896,2025-11-12,C00042,East,Guwahati,Consumer,Completed,Credit Card
O000897,2023-11-13,C00192,East,Guwahati,Consumer,Completed,Net Banking
O000898,2024-02-16,C00593,West,Pune,Home Office,Completed,UPI
O000899,2025-11-30,C00536,South,Bengaluru,Consumer,Completed,Net Banking
O000900,2025-03-11,C00473,East,Bhubaneswar,Consumer,Completed,Credit Card
O000901,2024-04-26,C00386,North,Jaipur,Corporate,Completed,Wallet
O000902,2023-09-10,C00450,South,Chennai,Corporate,Completed,Credit Card
O000903,2023-12-16,C00328,South,Kochi,Consumer,Completed,Wallet
O000904,2025-10-06,C00100,North,Lucknow,Consumer,Completed,Net Banking
O000905,2025-05-03,C00189,West,Pune,Consumer,Completed,Wallet
O000906,2024-09-12,C00186,North,Delhi,Consumer,Completed,Net Banking
O000907,2023-03-29,C00586,West,Ahmedabad,Consumer,Completed,UPI
O000908,2023-11-21,C00018,West,Mumbai,Home Office,Completed,Wallet
O000909,2025-03-10,C00249,West,Ahmedabad,Consumer,Completed,Wallet
O000910,2024-11-25,C00179,East,Guwahati,Home Office,Completed,Net Banking
O000911,2025-02-10,C00394,East,Guwahati,Consumer,Completed,Debit Card
O000912,2023-09-23,C00055,South,Hyderabad,Consumer,Completed,Net Banking
O000913,2023-05-19,C00311,East,Guwahati,Consumer,Completed,UPI
O000914,2023-08-06,C00524,North,Jaipur,Consumer,Completed,Credit Card
O000915,2023-08-04,C00095,East,Patna,Consumer,Completed,UPI
O000916,2023-05-07,C00216,South,Chennai,Corporate,Completed,Debit Card
O000917,2023-03-02,C00077,South,Kochi,Home Office,Completed,Credit Card
O000918,2024-02-05,C00027,South,Kochi,Consumer,Completed,Credit Card
O000919,2023-11-28,C00364,West,Ahmedabad,Consumer,Completed,UPI
O000920,2023-07-17,C00653,West,Mumbai,Consumer,Completed,Debit Card
O000921,2025-04-15,C00126,East,Kolkata,Consumer,Completed,Wallet
O000922,2025-10-13,C00368,North,Jaipur,Home Office,Completed,Debit Card
O000923,2023-10-10,C00077,South,Kochi,Home Office,Completed,Net Banking
O000924,2024-04-17,C00099,West,Ahmedabad,Consumer,Completed,Debit Card
O000925,2024-05-29,C00343,North,Lucknow,Corporate,Completed,Credit Card
O000926,2024-08-12,C00560,East,Kolkata,Corporate,Completed,Wallet
O000927,2025-10-21,C00256,East,Guwahati,Consumer,Completed,Wallet
O000928,2025-08-22,C00629,North,Delhi,Home Office,Returned,UPI
O000929,2023-10-13,C00524,North,Jaipur,Consumer,Completed,UPI
O000930,2024-04-27,C00614,North,Chandigarh,Consumer,Completed,UPI
O000931,2024-12-09,C00459,South,Chennai,Consumer,Completed,Credit Card
O000932,2023-02-13,C00197,West,Pune,Consumer,Completed,UPI
O000933,2025-09-14,C00277,East,Patna,Consumer,Completed,Net Banking
O000934,2025-05-24,C00342,South,Hyderabad,Consumer,Completed,Debit Card
O000935,2024-12-21,C00345,West,Mumbai,Consumer,Completed,Credit Card
O000936,2025-04-25,C00329,North,Chandigarh,Home Office,Completed,UPI
O000937,2024-05-26,C00642,East,Patna,Home Office,Completed,Debit Card
O000938,2024-05-15,C00203,West,Ahmedabad,Corporate,Completed,Credit Card
O000939,2025-10-10,C00523,West,Mumbai,Consumer,Completed,Debit Card
O000940,2024-08-22,C00377,West,Ahmedabad,Consumer,Completed,UPI
O000941,2023-04-21,C00371,West,Surat,Consumer,Completed,Net Banking
O000942,2024-07-26,C00441,South,Bengaluru,Consumer,Completed,Wallet
O000943,2024-04-17,C00077,South,Kochi,Home Office,Completed,Credit Card
O000944,2023-03-15,C00376,East,Guwahati,Consumer,Completed,UPI
O000945,2024-07-07,C00016,West,Ahmedabad,Consumer,Completed,UPI
O000946,2023-05-03,C00435,North,Lucknow,Consumer,Completed,Net Banking
O000947,2025-02-26,C00673,East,Patna,Consumer,Completed,Net Banking
O000948,2025-12-26,C00298,West,Surat,Consumer,Completed,UPI
O000949,2024-11-19,C00691,North,Delhi,Consumer,Completed,UPI
O000950,2023-08-12,C00186,North,Delhi,Consumer,Completed,Wallet
O000951,2025-08-07,C00335,South,Bengaluru,Consumer,Completed,Debit Card
O000952,2023-11-29,C00001,North,Delhi,Consumer,Completed,Debit Card
O000953,2024-11-22,C00419,South,Chennai,Home Office,Completed,Wallet
O000954,2023-01-26,C00204,East,Bhubaneswar,Consumer,Completed,Debit Card
O000955,2024-01-02,C00284,South,Hyderabad,Consumer,Completed,UPI
O000956,2025-01-04,C00445,East,Bhubaneswar,Corporate,Completed,UPI
O000957,2024-07-20,C00739,South,Bengaluru,Corporate,Completed,Debit Card
O000958,2024-06-15,C00407,South,Chennai,Corporate,Completed,UPI
O000959,2024-04-21,C00222,West,Surat,Corporate,Completed,Net Banking
O000960,2024-10-11,C00726,North,Chandigarh,Consumer,Completed,Debit Card
O000961,2023-02-03,C00318,South,Kochi,Consumer,Completed,Wallet
O000962,2024-04-25,C00296,East,Guwahati,Consumer,Completed,Wallet
O000963,2023-06-08,C00517,North,Jaipur,Home Office,Completed,Net Banking
O000964,2023-05-27,C00078,East,Guwahati,Consumer,Completed,Debit Card
O000965,2024-11-17,C00007,East,Bhubaneswar,Corporate,Completed,Credit Card
O000966,2024-10-03,C00639,South,Chennai,Consumer,Completed,Wallet
O000967,2023-03-08,C00599,North,Lucknow,Consumer,Completed,UPI
O000968,2024-04-04,C00140,West,Mumbai,Consumer,Cancelled,Wallet
O000969,2023-09-06,C00526,West,Pune,Corporate,Completed,Net Banking
O000970,2024-10-11,C00204,East,Bhubaneswar,Consumer,Completed,Credit Card
O000971,2025-01-11,C00656,North,Lucknow,Consumer,Completed,Credit Card
O000972,2025-06-30,C00561,East,Kolkata,Consumer,Completed,Wallet
O000973,2023-06-06,C00366,North,Chandigarh,Consumer,Completed,Credit Card
O000974,2024-05-16,C00572,West,Surat,Consumer,Completed,Debit Card
O000975,2024-11-30,C00419,South,Chennai,Home Office,Completed,Wallet
O000976,2025-10-09,C00257,West,Mumbai,Home Office,Completed,Wallet
O000977,2025-08-20,C00709,West,Pune,Corporate,Completed,Credit Card
O000978,2023-05-30,C00361,East,Patna,Consumer,Completed,Net Banking
O000979,2024-12-26,C00469,East,Bhubaneswar,Consumer,Completed,Debit Card
O000980,2024-11-20,C00324,South,Kochi,Consumer,Completed,Net Banking
O000981,2025-04-17,C00643,West,Pune,Consumer,Completed,Credit Card
O000982,2024-01-11,C00462,South,Hyderabad,Home Office,Completed,Credit Card
O000983,2023-01-16,C00326,South,Hyderabad,Consumer,Completed,Net Banking
O000984,2023-12-28,C00298,West,Surat,Consumer,Completed,Wallet
O000985,2025-11-26,C00703,South,Hyderabad,Consumer,Completed,Credit Card
O000986,2025-05-31,C00096,South,Kochi,Corporate,Completed,Debit Card
O000987,2023-12-06,C00605,East,Patna,Consumer,Completed,Debit Card
O000988,2024-06-15,C00384,South,Kochi,Corporate,Completed,Credit Card
O000989,2023-02-26,C00379,East,Bhubaneswar,Consumer,Completed,Credit Card
O000990,2023-01-14,C00438,West,Ahmedabad,Consumer,Completed,Wallet
O000991,2025-05-23,C00571,West,Mumbai,Consumer,Completed,UPI
O000992,2023-09-03,C00339,South,Kochi,Consumer,Completed,Credit Card
O000993,2024-07-24,C00669,West,Pune,Home Office,Completed,Credit Card
O000994,2023-06-02,C00625,East,Bhubaneswar,Home Office,Completed,Wallet
O000995,2023-06-01,C00675,East,Bhubaneswar,Home Office,Completed,Wallet
O000996,2024-10-12,C00451,West,Mumbai,Home Office,Completed,UPI
O000997,2024-05-18,C00412,South,Kochi,Home Office,Completed,Credit Card
O000998,2024-06-27,C00519,North,Delhi,Consumer,Completed,Credit Card
O000999,2024-02-11,C00275,South,Hyderabad,Consumer,Completed,Credit Card
O001000,2023-01-07,C00244,North,Lucknow,Consumer,Completed,Credit Card
O001001,2023-03-21,C00445,East,Bhubaneswar,Corporate,Completed,Wallet
O001002,2024-04-25,C00421,North,Chandigarh,Consumer,Completed,Debit Card
O001003,2024-04-19,C00065,East,Kolkata,Home Office,Completed,Wallet
O001004,2025-09-12,C00191,North,Lucknow,Home Office,Completed,Debit Card
O001005,2025-05-09,C00231,South,Bengaluru,Consumer,Completed,UPI
O001006,2024-12-12,C00242,West,Pune,Corporate,Completed,Net Banking
O001007,2024-04-25,C00313,South,Hyderabad,Consumer,Completed,Net Banking
O001008,2023-05-05,C00530,North,Chandigarh,Consumer,Completed,Net Banking
O001009,2025-05-20,C00319,South,Kochi,Consumer,Completed,Credit Card
O001010,2024-11-26,C00032,West,Mumbai,Consumer,Completed,UPI
O001011,2024-11-06,C00074,East,Guwahati,Consumer,Completed,Net Banking
O001012,2023-07-04,C00321,West,Surat,Consumer,Completed,UPI
O001013,2025-11-28,C00377,West,Ahmedabad,Consumer,Completed,Net Banking
O001014,2024-04-14,C00693,North,Chandigarh,Consumer,Completed,Net Banking
O001015,2024-03-17,C00424,South,Chennai,Home Office,Completed,Wallet
O001016,2023-07-29,C00676,South,Bengaluru,Consumer,Completed,UPI
O001017,2024-04-16,C00578,West,Ahmedabad,Consumer,Completed,Net Banking
O001018,2025-03-31,C00653,West,Mumbai,Consumer,Completed,UPI
O001019,2023-06-06,C00306,East,Guwahati,Home Office,Completed,Net Banking
O001020,2023-02-11,C00538,West,Pune,Home Office,Completed,Credit Card
O001021,2023-07-15,C00472,South,Bengaluru,Home Office,Completed,Debit Card
O001022,2024-10-24,C00315,South,Bengaluru,Corporate,Completed,UPI
O001023,2024-06-25,C00244,North,Lucknow,Consumer,Completed,Debit Card
O001024,2025-09-16,C00204,East,Bhubaneswar,Consumer,Completed,Net Banking
O001025,2023-02-05,C00014,West,Ahmedabad,Consumer,Completed,UPI
O001026,2025-03-24,C00480,South,Bengaluru,Consumer,Completed,Credit Card
O001027,2023-06-21,C00561,East,Kolkata,Consumer,Completed,Net Banking
O001028,2024-05-26,C00496,North,Jaipur,Consumer,Completed,Wallet
O001029,2024-04-21,C00412,South,Kochi,Home Office,Completed,Debit Card
O001030,2023-11-05,C00055,South,Hyderabad,Consumer,Completed,Debit Card
O001031,2024-03-04,C00436,East,Kolkata,Home Office,Completed,Debit Card
O001032,2025-08-02,C00541,North,Delhi,Consumer,Completed,UPI
O001033,2023-08-04,C00549,South,Kochi,Consumer,Completed,UPI
O001034,2023-11-28,C00046,North,Lucknow,Consumer,Completed,Wallet
O001035,2025-09-24,C00289,West,Surat,Consumer,Completed,UPI
O001036,2024-08-30,C00184,North,Jaipur,Consumer,Cancelled,Debit Card
O001037,2025-12-06,C00106,North,Jaipur,Corporate,Completed,Debit Card
O001038,2025-12-07,C00160,East,Guwahati,Corporate,Completed,Credit Card
O001039,2024-11-07,C00081,West,Pune,Corporate,Completed,Credit Card
O001040,2024-02-13,C00429,North,Delhi,Consumer,Completed,Net Banking
O001041,2023-11-17,C00376,East,Guwahati,Consumer,Completed,UPI
O001042,2024-01-30,C00037,West,Surat,Consumer,Completed,Wallet
O001043,2024-09-18,C00241,East,Patna,Consumer,Completed,Wallet
O001044,2024-02-19,C00680,North,Chandigarh,Home Office,Completed,Debit Card
O001045,2024-01-01,C00170,East,Bhubaneswar,Consumer,Completed,Wallet
O001046,2025-02-23,C00506,East,Bhubaneswar,Consumer,Completed,Debit Card
O001047,2025-08-27,C00232,North,Delhi,Consumer,Completed,Credit Card
O001048,2023-07-07,C00333,East,Kolkata,Corporate,Completed,UPI
O001049,2023-10-08,C00106,North,Jaipur,Corporate,Completed,Wallet
O001050,2025-03-16,C00028,East,Guwahati,Consumer,Completed,Debit Card
O001051,2025-12-05,C00324,South,Kochi,Consumer,Completed,Credit Card
O001052,2024-07-22,C00425,West,Mumbai,Consumer,Completed,Debit Card
O001053,2023-09-04,C00182,West,Pune,Consumer,Completed,Debit Card
O001054,2025-08-12,C00122,East,Kolkata,Home Office,Completed,Credit Card
O001055,2025-02-22,C00613,North,Chandigarh,Consumer,Completed,Credit Card
O001056,2025-06-24,C00129,East,Kolkata,Consumer,Completed,Debit Card
O001057,2023-07-12,C00334,South,Chennai,Consumer,Completed,Net Banking
O001058,2025-03-26,C00578,West,Ahmedabad,Consumer,Completed,UPI
O001059,2023-03-04,C00234,West,Ahmedabad,Consumer,Completed,Net Banking
O001060,2023-08-01,C00042,East,Guwahati,Consumer,Completed,Credit Card
O001061,2023-12-29,C00047,West,Surat,Corporate,Completed,Credit Card
O001062,2023-02-04,C00358,West,Mumbai,Consumer,Completed,Credit Card
O001063,2025-01-20,C00128,West,Mumbai,Consumer,Completed,UPI
O001064,2023-05-14,C00195,South,Kochi,Home Office,Completed,Debit Card
O001065,2023-06-21,C00442,North,Jaipur,Corporate,Completed,Wallet
O001066,2025-04-18,C00258,North,Lucknow,Consumer,Completed,UPI
O001067,2024-09-29,C00068,North,Lucknow,Home Office,Completed,Wallet
O001068,2023-06-26,C00048,West,Pune,Home Office,Completed,UPI
O001069,2024-01-16,C00498,North,Lucknow,Consumer,Completed,Credit Card
O001070,2023-01-22,C00108,East,Kolkata,Corporate,Completed,Credit Card
O001071,2024-09-22,C00460,South,Bengaluru,Consumer,Completed,Credit Card
O001072,2024-09-27,C00710,West,Mumbai,Home Office,Completed,Credit Card
O001073,2024-10-08,C00059,South,Kochi,Consumer,Completed,Debit Card
O001074,2024-06-15,C00173,East,Bhubaneswar,Consumer,Completed,Debit Card
O001075,2025-12-07,C00476,East,Kolkata,Home Office,Completed,Wallet
O001076,2025-02-28,C00329,North,Chandigarh,Home Office,Completed,Net Banking
O001077,2024-12-11,C00352,West,Mumbai,Home Office,Completed,Debit Card
O001078,2023-07-05,C00097,East,Guwahati,Consumer,Completed,UPI
O001079,2025-11-24,C00520,North,Lucknow,Consumer,Completed,UPI
O001080,2024-10-22,C00118,East,Guwahati,Corporate,Completed,UPI
O001081,2024-01-19,C00554,West,Mumbai,Consumer,Completed,Net Banking
O001082,2025-06-09,C00052,North,Chandigarh,Consumer,Completed,Wallet
O001083,2024-11-22,C00482,North,Lucknow,Home Office,Completed,UPI
O001084,2025-05-12,C00217,North,Chandigarh,Home Office,Completed,Wallet
O001085,2023-02-28,C00529,South,Hyderabad,Home Office,Completed,Wallet
O001086,2025-12-09,C00539,North,Jaipur,Consumer,Returned,Debit Card
O001087,2023-04-21,C00580,South,Bengaluru,Corporate,Completed,UPI
O001088,2023-10-30,C00443,East,Kolkata,Consumer,Completed,Credit Card
O001089,2025-06-13,C00347,West,Ahmedabad,Consumer,Completed,Debit Card
O001090,2023-01-11,C00039,South,Hyderabad,Home Office,Completed,Credit Card
O001091,2025-08-25,C00125,West,Mumbai,Corporate,Completed,UPI
O001092,2025-03-04,C00442,North,Jaipur,Corporate,Completed,Debit Card
O001093,2024-08-02,C00260,East,Bhubaneswar,Home Office,Completed,Net Banking
O001094,2023-02-25,C00056,West,Mumbai,Consumer,Completed,Debit Card
O001095,2025-01-11,C00596,South,Chennai,Consumer,Completed,Net Banking
O001096,2023-06-08,C00228,South,Chennai,Home Office,Completed,Net Banking
O001097,2023-07-10,C00075,West,Pune,Consumer,Completed,Debit Card
O001098,2024-09-29,C00092,North,Lucknow,Home Office,Completed,Net Banking
O001099,2024-01-03,C00043,South,Chennai,Consumer,Completed,Net Banking
O001100,2023-06-19,C00168,South,Bengaluru,Consumer,Completed,Net Banking
O001101,2023-01-26,C00272,East,Guwahati,Corporate,Completed,Net Banking
O001102,2023-01-24,C00500,South,Kochi,Consumer,Returned,Debit Card
O001103,2025-05-20,C00460,South,Bengaluru,Consumer,Completed,Net Banking
O001104,2025-10-25,C00126,East,Kolkata,Consumer,Completed,Debit Card
O001105,2023-08-17,C00191,North,Lucknow,Home Office,Returned,Credit Card
O001106,2023-01-15,C00345,West,Mumbai,Consumer,Completed,Credit Card
O001107,2025-11-20,C00463,North,Jaipur,Corporate,Completed,Wallet
O001108,2025-01-26,C00560,East,Kolkata,Corporate,Completed,UPI
O001109,2024-07-01,C00251,West,Ahmedabad,Consumer,Completed,Debit Card
O001110,2024-09-01,C00049,North,Delhi,Home Office,Completed,Net Banking
O001111,2024-05-24,C00173,East,Bhubaneswar,Consumer,Completed,Credit Card
O001112,2025-10-07,C00505,West,Pune,Home Office,Completed,Credit Card
O001113,2025-12-08,C00172,West,Surat,Consumer,Completed,UPI
O001114,2025-02-21,C00118,East,Guwahati,Corporate,Completed,Debit Card
O001115,2025-05-15,C00273,West,Ahmedabad,Consumer,Completed,UPI
O001116,2025-06-06,C00549,South,Kochi,Consumer,Completed,Credit Card
O001117,2023-04-11,C00053,West,Surat,Home Office,Completed,Net Banking
O001118,2024-07-16,C00293,South,Bengaluru,Home Office,Completed,Wallet
O001119,2025-03-27,C00570,East,Bhubaneswar,Home Office,Completed,Net Banking
O001120,2023-09-23,C00264,West,Surat,Consumer,Completed,Debit Card
O001121,2023-07-18,C00504,East,Patna,Consumer,Completed,UPI
O001122,2024-08-12,C00036,West,Surat,Consumer,Completed,Wallet
O001123,2024-11-04,C00732,East,Guwahati,Corporate,Completed,Credit Card
O001124,2025-08-04,C00089,East,Guwahati,Corporate,Completed,Net Banking
O001125,2023-03-08,C00359,West,Surat,Home Office,Completed,Debit Card
O001126,2023-06-20,C00604,South,Kochi,Corporate,Returned,Debit Card
O001127,2024-10-07,C00654,South,Kochi,Consumer,Completed,UPI
O001128,2024-08-04,C00537,North,Jaipur,Consumer,Completed,Credit Card
O001129,2025-02-14,C00604,South,Kochi,Corporate,Completed,UPI
O001130,2024-08-15,C00039,South,Hyderabad,Home Office,Completed,Net Banking
O001131,2025-04-16,C00092,North,Lucknow,Home Office,Completed,Debit Card
O001132,2024-10-16,C00062,West,Mumbai,Home Office,Completed,Credit Card
O001133,2025-04-07,C00475,North,Chandigarh,Consumer,Completed,Credit Card
O001134,2025-03-30,C00267,West,Pune,Home Office,Completed,Net Banking
O001135,2023-12-19,C00124,East,Bhubaneswar,Home Office,Completed,UPI
O001136,2024-04-04,C00658,East,Kolkata,Consumer,Completed,Wallet
O001137,2025-04-17,C00311,East,Guwahati,Consumer,Completed,Debit Card
O001138,2023-02-16,C00074,East,Guwahati,Consumer,Completed,Credit Card
O001139,2023-11-27,C00366,North,Chandigarh,Consumer,Completed,Credit Card
O001140,2024-08-23,C00662,West,Surat,Home Office,Completed,Net Banking
O001141,2024-05-16,C00328,South,Kochi,Consumer,Completed,Net Banking
O001142,2025-10-21,C00234,West,Ahmedabad,Consumer,Completed,UPI
O001143,2023-01-15,C00216,South,Chennai,Corporate,Completed,Net Banking
O001144,2025-02-28,C00284,South,Hyderabad,Consumer,Completed,Wallet
O001145,2023-09-05,C00708,North,Chandigarh,Corporate,Completed,Net Banking
O001146,2025-09-11,C00750,East,Bhubaneswar,Home Office,Completed,UPI
O001147,2025-01-14,C00325,North,Lucknow,Home Office,Completed,Net Banking
O001148,2025-05-27,C00296,East,Guwahati,Consumer,Completed,UPI
O001149,2023-12-13,C00248,North,Lucknow,Consumer,Completed,Debit Card
O001150,2023-07-18,C00536,South,Bengaluru,Consumer,Completed,Net Banking
O001151,2024-05-16,C00374,South,Kochi,Consumer,Completed,Debit Card
O001152,2024-07-17,C00163,West,Mumbai,Consumer,Completed,Credit Card
O001153,2025-01-29,C00258,North,Lucknow,Consumer,Completed,Wallet
O001154,2024-09-16,C00150,East,Patna,Corporate,Completed,Credit Card
O001155,2023-10-28,C00044,East,Kolkata,Consumer,Completed,Credit Card
O001156,2023-01-25,C00582,South,Bengaluru,Consumer,Completed,Wallet
O001157,2025-04-11,C00411,North,Jaipur,Home Office,Completed,Wallet
O001158,2025-10-23,C00134,East,Patna,Consumer,Completed,Credit Card
O001159,2025-12-11,C00322,South,Bengaluru,Consumer,Completed,Credit Card
O001160,2024-07-23,C00700,East,Patna,Home Office,Completed,Net Banking
O001161,2025-07-29,C00172,West,Surat,Consumer,Completed,Wallet
O001162,2024-04-12,C00637,East,Kolkata,Home Office,Completed,Debit Card
O001163,2025-11-05,C00042,East,Guwahati,Consumer,Completed,UPI
O001164,2023-04-25,C00482,North,Lucknow,Home Office,Completed,Credit Card
O001165,2024-05-16,C00565,East,Kolkata,Consumer,Completed,Wallet
O001166,2024-06-28,C00298,West,Surat,Consumer,Completed,UPI
O001167,2023-09-29,C00333,East,Kolkata,Corporate,Completed,Wallet
O001168,2025-09-04,C00405,South,Chennai,Home Office,Completed,UPI
O001169,2024-02-07,C00390,South,Kochi,Consumer,Completed,Wallet
O001170,2024-03-16,C00105,West,Pune,Consumer,Completed,UPI
O001171,2025-06-25,C00420,West,Ahmedabad,Home Office,Completed,UPI
O001172,2024-05-30,C00403,East,Guwahati,Consumer,Completed,Wallet
O001173,2024-08-04,C00463,North,Jaipur,Corporate,Completed,Debit Card
O001174,2025-06-20,C00670,North,Jaipur,Consumer,Completed,UPI
O001175,2024-10-15,C00318,South,Kochi,Consumer,Completed,Wallet
O001176,2024-01-10,C00728,West,Mumbai,Corporate,Completed,Debit Card
O001177,2025-10-24,C00561,East,Kolkata,Consumer,Completed,Wallet
O001178,2024-03-06,C00480,South,Bengaluru,Consumer,Completed,Credit Card
O001179,2023-11-20,C00664,West,Pune,Consumer,Completed,Debit Card
O001180,2024-04-13,C00747,South,Hyderabad,Consumer,Completed,Debit Card
O001181,2024-10-07,C00694,North,Delhi,Consumer,Completed,Net Banking
O001182,2023-04-24,C00049,North,Delhi,Home Office,Completed,Credit Card
O001183,2024-03-03,C00175,East,Bhubaneswar,Corporate,Completed,Net Banking
O001184,2025-02-22,C00174,East,Guwahati,Corporate,Completed,Credit Card
O001185,2025-10-27,C00117,West,Surat,Consumer,Completed,Wallet
O001186,2025-08-20,C00256,East,Guwahati,Consumer,Completed,Credit Card
O001187,2024-07-27,C00620,North,Jaipur,Consumer,Completed,Debit Card
O001188,2023-08-16,C00327,North,Delhi,Consumer,Completed,Net Banking
O001189,2023-11-07,C00653,West,Mumbai,Consumer,Completed,Wallet
O001190,2025-12-23,C00295,South,Bengaluru,Corporate,Completed,Net Banking
O001191,2024-03-15,C00441,South,Bengaluru,Consumer,Completed,Debit Card
O001192,2024-02-12,C00686,North,Delhi,Corporate,Completed,UPI
O001193,2023-10-15,C00750,East,Bhubaneswar,Home Office,Completed,UPI
O001194,2025-12-18,C00233,South,Kochi,Consumer,Returned,UPI
O001195,2025-10-29,C00434,East,Guwahati,Home Office,Completed,UPI
O001196,2025-12-25,C00083,West,Pune,Consumer,Completed,Net Banking
O001197,2024-01-26,C00741,East,Kolkata,Home Office,Completed,Credit Card
O001198,2024-11-07,C00492,South,Kochi,Consumer,Completed,Net Banking
O001199,2023-02-13,C00152,East,Guwahati,Corporate,Completed,Net Banking
O001200,2023-02-08,C00503,North,Lucknow,Consumer,Completed,Credit Card
O001201,2024-10-30,C00089,East,Guwahati,Corporate,Completed,Wallet
O001202,2023-11-09,C00647,North,Delhi,Consumer,Completed,Wallet
O001203,2023-03-22,C00595,South,Chennai,Corporate,Completed,Credit Card
O001204,2024-03-03,C00333,East,Kolkata,Corporate,Completed,Credit Card
O001205,2024-03-20,C00157,South,Hyderabad,Consumer,Completed,Net Banking
O001206,2023-02-22,C00098,East,Patna,Home Office,Completed,Net Banking
O001207,2023-04-11,C00214,North,Delhi,Corporate,Completed,Net Banking
O001208,2023-09-13,C00449,East,Guwahati,Home Office,Completed,Wallet
O001209,2023-09-07,C00245,West,Mumbai,Consumer,Completed,Wallet
O001210,2025-01-03,C00457,South,Hyderabad,Home Office,Completed,Wallet
O001211,2025-01-06,C00047,West,Surat,Corporate,Completed,Net Banking
O001212,2025-05-10,C00491,East,Guwahati,Consumer,Completed,Debit Card
O001213,2023-05-14,C00339,South,Kochi,Consumer,Completed,UPI
O001214,2025-03-09,C00203,West,Ahmedabad,Corporate,Completed,UPI
O001215,2023-10-16,C00258,North,Lucknow,Consumer,Completed,Debit Card
O001216,2025-01-31,C00729,West,Ahmedabad,Consumer,Completed,Wallet
O001217,2023-11-07,C00100,North,Lucknow,Consumer,Completed,Debit Card
O001218,2025-04-06,C00095,East,Patna,Consumer,Completed,UPI
O001219,2024-11-10,C00669,West,Pune,Home Office,Completed,Net Banking
O001220,2023-04-06,C00360,West,Surat,Consumer,Completed,UPI
O001221,2023-01-31,C00732,East,Guwahati,Corporate,Completed,UPI
O001222,2023-08-19,C00403,East,Guwahati,Consumer,Completed,UPI
O001223,2024-09-29,C00509,South,Bengaluru,Corporate,Completed,Wallet
O001224,2025-01-18,C00088,North,Lucknow,Consumer,Completed,Credit Card
O001225,2024-03-25,C00582,South,Bengaluru,Consumer,Completed,UPI
O001226,2025-04-07,C00099,West,Ahmedabad,Consumer,Completed,Debit Card
O001227,2024-01-14,C00291,North,Delhi,Consumer,Completed,Wallet
O001228,2025-11-30,C00685,West,Ahmedabad,Consumer,Returned,Credit Card
O001229,2023-03-12,C00557,East,Kolkata,Home Office,Completed,Credit Card
O001230,2023-01-30,C00333,East,Kolkata,Corporate,Completed,Credit Card
O001231,2025-03-23,C00142,East,Patna,Corporate,Completed,Debit Card
O001232,2024-01-20,C00187,North,Lucknow,Consumer,Completed,Credit Card
O001233,2025-07-17,C00020,West,Mumbai,Home Office,Completed,Wallet
O001234,2024-11-21,C00734,South,Bengaluru,Consumer,Completed,Net Banking
O001235,2025-07-23,C00662,West,Surat,Home Office,Completed,UPI
O001236,2025-01-18,C00460,South,Bengaluru,Consumer,Completed,UPI
O001237,2024-04-10,C00012,South,Kochi,Corporate,Completed,Net Banking
O001238,2025-06-12,C00329,North,Chandigarh,Home Office,Completed,Credit Card
O001239,2025-03-25,C00101,North,Delhi,Corporate,Completed,UPI
O001240,2024-02-11,C00673,East,Patna,Consumer,Completed,Wallet
O001241,2025-12-11,C00018,West,Mumbai,Home Office,Completed,Wallet
O001242,2023-12-08,C00118,East,Guwahati,Corporate,Completed,Credit Card
O001243,2025-05-18,C00006,West,Pune,Home Office,Completed,Wallet
O001244,2025-05-12,C00185,East,Kolkata,Corporate,Completed,Debit Card
O001245,2024-09-30,C00517,North,Jaipur,Home Office,Completed,UPI
O001246,2023-05-02,C00220,South,Chennai,Consumer,Completed,Credit Card
O001247,2025-03-12,C00374,South,Kochi,Consumer,Completed,UPI
O001248,2024-04-08,C00501,West,Mumbai,Consumer,Completed,Credit Card
O001249,2024-02-26,C00654,South,Kochi,Consumer,Completed,UPI
O001250,2023-08-29,C00090,East,Guwahati,Consumer,Completed,Credit Card
O001251,2025-06-16,C00138,West,Ahmedabad,Consumer,Completed,Net Banking
O001252,2023-11-11,C00017,North,Chandigarh,Consumer,Returned,Debit Card
O001253,2023-03-25,C00251,West,Ahmedabad,Consumer,Completed,Net Banking
O001254,2025-05-22,C00718,North,Delhi,Corporate,Completed,Debit Card
O001255,2024-04-05,C00743,South,Bengaluru,Home Office,Completed,Debit Card
O001256,2024-05-09,C00378,West,Pune,Home Office,Completed,UPI
O001257,2024-07-27,C00568,South,Bengaluru,Consumer,Completed,Debit Card
O001258,2024-12-31,C00395,West,Mumbai,Consumer,Completed,Net Banking
O001259,2024-03-29,C00728,West,Mumbai,Corporate,Completed,Net Banking
O001260,2025-02-08,C00038,East,Guwahati,Consumer,Completed,UPI
O001261,2023-07-21,C00196,South,Bengaluru,Consumer,Completed,Wallet
O001262,2025-05-13,C00210,North,Chandigarh,Consumer,Completed,Net Banking
O001263,2025-12-06,C00323,North,Lucknow,Home Office,Completed,Net Banking
O001264,2023-02-22,C00246,East,Guwahati,Consumer,Completed,Debit Card
O001265,2023-07-22,C00387,North,Delhi,Corporate,Completed,Net Banking
O001266,2024-06-03,C00518,South,Kochi,Consumer,Completed,Credit Card
O001267,2024-07-20,C00158,South,Hyderabad,Consumer,Completed,Debit Card
O001268,2023-11-25,C00650,South,Kochi,Consumer,Completed,Net Banking
O001269,2024-12-14,C00624,South,Hyderabad,Consumer,Completed,Debit Card
O001270,2024-09-18,C00061,South,Kochi,Home Office,Completed,Debit Card
O001271,2025-10-15,C00020,West,Mumbai,Home Office,Completed,Net Banking
O001272,2025-01-10,C00457,South,Hyderabad,Home Office,Returned,Wallet
O001273,2024-08-29,C00044,East,Kolkata,Consumer,Completed,UPI
O001274,2025-04-08,C00066,West,Surat,Home Office,Completed,Net Banking
O001275,2023-08-01,C00165,East,Guwahati,Corporate,Completed,UPI
O001276,2024-10-25,C00488,West,Ahmedabad,Home Office,Completed,UPI
O001277,2024-08-30,C00137,North,Chandigarh,Consumer,Completed,Net Banking
O001278,2025-04-28,C00657,East,Patna,Corporate,Cancelled,Wallet
O001279,2025-03-29,C00504,East,Patna,Consumer,Completed,Debit Card
O001280,2024-06-23,C00543,East,Patna,Consumer,Completed,Credit Card
O001281,2024-10-17,C00717,South,Bengaluru,Consumer,Completed,Wallet
O001282,2023-09-21,C00149,South,Bengaluru,Corporate,Completed,Net Banking
O001283,2024-10-04,C00050,South,Chennai,Consumer,Completed,Wallet
O001284,2024-04-03,C00400,East,Patna,Consumer,Completed,Net Banking
O001285,2025-06-12,C00705,East,Bhubaneswar,Consumer,Cancelled,Net Banking
O001286,2023-04-28,C00237,South,Chennai,Home Office,Completed,Debit Card
O001287,2024-05-31,C00525,East,Patna,Corporate,Completed,Net Banking
O001288,2024-03-16,C00053,West,Surat,Home Office,Completed,Credit Card
O001289,2025-11-06,C00732,East,Guwahati,Corporate,Completed,UPI
O001290,2023-05-11,C00454,North,Delhi,Home Office,Completed,Wallet
O001291,2024-01-03,C00252,South,Kochi,Consumer,Completed,UPI
O001292,2025-04-06,C00317,West,Pune,Consumer,Completed,Net Banking
O001293,2023-10-11,C00024,North,Lucknow,Consumer,Completed,Debit Card
O001294,2023-06-17,C00416,South,Kochi,Consumer,Completed,UPI
O001295,2023-05-05,C00189,West,Pune,Consumer,Completed,Net Banking
O001296,2024-09-19,C00589,North,Lucknow,Corporate,Completed,UPI
O001297,2023-12-20,C00534,East,Patna,Home Office,Completed,Debit Card
O001298,2023-07-18,C00157,South,Hyderabad,Consumer,Completed,Credit Card
O001299,2025-11-05,C00559,East,Patna,Consumer,Completed,UPI
O001300,2024-09-30,C00350,East,Patna,Consumer,Completed,Credit Card
O001301,2023-11-14,C00049,North,Delhi,Home Office,Completed,Net Banking
O001302,2024-01-21,C00261,North,Chandigarh,Consumer,Completed,Wallet
O001303,2023-07-22,C00092,North,Lucknow,Home Office,Completed,Wallet
O001304,2025-12-04,C00589,North,Lucknow,Corporate,Completed,Net Banking
O001305,2024-02-10,C00732,East,Guwahati,Corporate,Completed,Net Banking
O001306,2023-06-18,C00285,West,Pune,Consumer,Completed,Net Banking
O001307,2024-09-18,C00343,North,Lucknow,Corporate,Completed,UPI
O001308,2025-12-16,C00407,South,Chennai,Corporate,Completed,UPI
O001309,2023-04-07,C00472,South,Bengaluru,Home Office,Completed,Net Banking
O001310,2025-11-07,C00153,West,Mumbai,Consumer,Completed,Credit Card
O001311,2024-03-29,C00476,East,Kolkata,Home Office,Completed,Wallet
O001312,2023-02-01,C00460,South,Bengaluru,Consumer,Completed,UPI
O001313,2024-08-17,C00329,North,Chandigarh,Home Office,Completed,Debit Card
O001314,2023-12-29,C00701,South,Bengaluru,Consumer,Completed,Credit Card
O001315,2024-07-12,C00596,South,Chennai,Consumer,Completed,Net Banking
O001316,2024-07-23,C00475,North,Chandigarh,Consumer,Completed,Net Banking
O001317,2023-03-27,C00331,West,Ahmedabad,Consumer,Completed,UPI
O001318,2023-08-25,C00191,North,Lucknow,Home Office,Completed,Wallet
O001319,2024-11-01,C00264,West,Surat,Consumer,Completed,Net Banking
O001320,2024-08-06,C00576,North,Delhi,Consumer,Completed,UPI
O001321,2025-03-19,C00211,East,Kolkata,Consumer,Completed,Credit Card
O001322,2025-11-27,C00621,South,Bengaluru,Corporate,Completed,Wallet
O001323,2024-01-23,C00665,South,Bengaluru,Consumer,Completed,Debit Card
O001324,2023-12-26,C00252,South,Kochi,Consumer,Completed,Credit Card
O001325,2024-08-20,C00039,South,Hyderabad,Home Office,Completed,Net Banking
O001326,2023-02-21,C00255,East,Guwahati,Consumer,Completed,Credit Card
O001327,2024-10-12,C00518,South,Kochi,Consumer,Completed,Wallet
O001328,2023-12-14,C00117,West,Surat,Consumer,Completed,Net Banking
O001329,2023-09-03,C00209,South,Hyderabad,Consumer,Completed,Net Banking
O001330,2025-03-01,C00616,North,Delhi,Corporate,Completed,Credit Card
O001331,2025-10-01,C00447,South,Kochi,Consumer,Completed,Wallet
O001332,2025-01-07,C00636,East,Guwahati,Consumer,Completed,Net Banking
O001333,2024-06-10,C00427,South,Chennai,Home Office,Completed,Net Banking
O001334,2025-04-20,C00269,West,Ahmedabad,Consumer,Completed,Debit Card
O001335,2024-03-02,C00088,North,Lucknow,Consumer,Completed,Debit Card
O001336,2024-11-22,C00215,East,Kolkata,Consumer,Completed,Credit Card
O001337,2024-01-27,C00520,North,Lucknow,Consumer,Completed,Debit Card
O001338,2025-08-06,C00729,West,Ahmedabad,Consumer,Completed,Credit Card
O001339,2025-03-15,C00664,West,Pune,Consumer,Completed,Debit Card
O001340,2025-04-24,C00190,West,Mumbai,Home Office,Completed,Credit Card
O001341,2025-02-26,C00586,West,Ahmedabad,Consumer,Completed,Credit Card
O001342,2024-07-13,C00668,North,Lucknow,Consumer,Completed,Debit Card
O001343,2025-08-17,C00748,North,Delhi,Consumer,Completed,Net Banking
O001344,2024-10-09,C00052,North,Chandigarh,Consumer,Completed,UPI
O001345,2023-01-18,C00235,East,Kolkata,Corporate,Completed,Credit Card
O001346,2024-03-12,C00537,North,Jaipur,Consumer,Completed,Debit Card
O001347,2025-07-03,C00074,East,Guwahati,Consumer,Completed,Wallet
O001348,2023-11-24,C00376,East,Guwahati,Consumer,Completed,Debit Card
O001349,2024-05-25,C00632,North,Lucknow,Consumer,Completed,Net Banking
O001350,2025-08-26,C00024,North,Lucknow,Consumer,Completed,Debit Card
O001351,2025-06-22,C00206,East,Bhubaneswar,Corporate,Completed,Wallet
O001352,2024-12-05,C00565,East,Kolkata,Consumer,Returned,Credit Card
O001353,2024-10-18,C00204,East,Bhubaneswar,Consumer,Completed,Net Banking
O001354,2023-02-02,C00569,West,Surat,Consumer,Completed,Debit Card
O001355,2024-01-29,C00249,West,Ahmedabad,Consumer,Returned,Debit Card
O001356,2023-12-08,C00064,South,Hyderabad,Consumer,Completed,Net Banking
O001357,2024-11-22,C00694,North,Delhi,Consumer,Completed,UPI
O001358,2024-11-12,C00493,North,Chandigarh,Corporate,Completed,Net Banking
O001359,2024-02-13,C00448,North,Delhi,Consumer,Completed,Debit Card
O001360,2025-01-21,C00175,East,Bhubaneswar,Corporate,Completed,Debit Card
O001361,2024-06-19,C00258,North,Lucknow,Consumer,Completed,UPI
O001362,2024-10-14,C00112,East,Kolkata,Home Office,Completed,UPI
O001363,2023-06-04,C00119,East,Kolkata,Consumer,Completed,Wallet
O001364,2023-05-25,C00376,East,Guwahati,Consumer,Completed,Net Banking
O001365,2024-11-08,C00382,East,Guwahati,Home Office,Completed,Credit Card
O001366,2024-03-06,C00199,West,Mumbai,Corporate,Completed,Wallet
O001367,2024-01-30,C00108,East,Kolkata,Corporate,Completed,Credit Card
O001368,2025-08-18,C00615,West,Mumbai,Consumer,Completed,UPI
O001369,2025-06-25,C00020,West,Mumbai,Home Office,Completed,Credit Card
O001370,2024-06-23,C00371,West,Surat,Consumer,Completed,UPI
O001371,2023-06-05,C00498,North,Lucknow,Consumer,Completed,Credit Card
O001372,2023-11-29,C00654,South,Kochi,Consumer,Completed,Debit Card
O001373,2024-03-22,C00134,East,Patna,Consumer,Completed,Wallet
O001374,2023-01-15,C00314,North,Chandigarh,Corporate,Returned,UPI
O001375,2023-05-07,C00167,South,Chennai,Home Office,Completed,Wallet
O001376,2025-05-30,C00390,South,Kochi,Consumer,Completed,UPI
O001377,2023-06-30,C00182,West,Pune,Consumer,Completed,Wallet
O001378,2023-05-15,C00727,East,Patna,Home Office,Completed,Net Banking
O001379,2025-01-28,C00144,East,Guwahati,Consumer,Completed,Credit Card
O001380,2024-04-12,C00276,North,Chandigarh,Consumer,Completed,Net Banking
O001381,2024-10-26,C00081,West,Pune,Corporate,Completed,Credit Card
O001382,2025-03-29,C00042,East,Guwahati,Consumer,Completed,Credit Card
O001383,2023-11-06,C00375,East,Guwahati,Home Office,Completed,Net Banking
O001384,2023-11-21,C00285,West,Pune,Consumer,Returned,Net Banking
O001385,2025-10-19,C00623,East,Bhubaneswar,Corporate,Completed,UPI
O001386,2023-05-18,C00501,West,Mumbai,Consumer,Completed,Credit Card
O001387,2025-05-02,C00329,North,Chandigarh,Home Office,Returned,Debit Card
O001388,2025-05-28,C00164,West,Surat,Consumer,Completed,Debit Card
O001389,2023-09-20,C00158,South,Hyderabad,Consumer,Returned,Net Banking
O001390,2025-01-27,C00710,West,Mumbai,Home Office,Completed,Credit Card
O001391,2024-10-02,C00052,North,Chandigarh,Consumer,Completed,Credit Card
O001392,2023-09-18,C00248,North,Lucknow,Consumer,Completed,Credit Card
O001393,2025-09-27,C00750,East,Bhubaneswar,Home Office,Completed,Net Banking
O001394,2023-10-31,C00337,East,Bhubaneswar,Consumer,Completed,Debit Card
O001395,2023-05-18,C00211,East,Kolkata,Consumer,Completed,Debit Card
O001396,2023-10-21,C00548,East,Bhubaneswar,Consumer,Completed,UPI
O001397,2024-11-01,C00206,East,Bhubaneswar,Corporate,Completed,Debit Card
O001398,2025-09-19,C00022,West,Surat,Consumer,Completed,UPI
O001399,2024-08-28,C00126,East,Kolkata,Consumer,Completed,Debit Card
O001400,2024-05-23,C00329,North,Chandigarh,Home Office,Completed,Credit Card
O001401,2024-08-29,C00133,West,Surat,Corporate,Completed,UPI
O001402,2025-01-24,C00079,East,Guwahati,Consumer,Completed,Wallet
O001403,2023-11-18,C00379,East,Bhubaneswar,Consumer,Completed,Credit Card
O001404,2023-09-21,C00736,South,Kochi,Corporate,Completed,Debit Card
O001405,2025-09-04,C00619,West,Pune,Consumer,Completed,Wallet
O001406,2023-02-22,C00340,North,Delhi,Home Office,Completed,UPI
O001407,2024-08-02,C00466,North,Delhi,Consumer,Completed,Wallet
O001408,2023-04-25,C00168,South,Bengaluru,Consumer,Completed,Credit Card
O001409,2023-11-07,C00286,South,Bengaluru,Consumer,Completed,Debit Card
O001410,2025-01-01,C00344,East,Kolkata,Consumer,Completed,Net Banking
O001411,2025-03-31,C00397,South,Bengaluru,Consumer,Completed,Credit Card
O001412,2023-07-03,C00257,West,Mumbai,Home Office,Completed,Credit Card
O001413,2023-04-26,C00104,North,Jaipur,Home Office,Completed,Credit Card
O001414,2025-09-07,C00081,West,Pune,Corporate,Completed,Credit Card
O001415,2023-10-09,C00010,West,Ahmedabad,Consumer,Completed,Net Banking
O001416,2023-05-20,C00690,South,Chennai,Consumer,Completed,Wallet
O001417,2025-10-03,C00655,North,Lucknow,Consumer,Completed,Credit Card
O001418,2025-03-24,C00295,South,Bengaluru,Corporate,Completed,Wallet
O001419,2024-07-30,C00129,East,Kolkata,Consumer,Completed,Credit Card
O001420,2024-06-08,C00039,South,Hyderabad,Home Office,Completed,UPI
O001421,2024-08-07,C00686,North,Delhi,Corporate,Completed,Net Banking
O001422,2024-02-24,C00517,North,Jaipur,Home Office,Completed,Credit Card
O001423,2024-02-14,C00690,South,Chennai,Consumer,Completed,Wallet
O001424,2024-09-13,C00313,South,Hyderabad,Consumer,Completed,Wallet
O001425,2024-05-31,C00573,North,Chandigarh,Consumer,Completed,Credit Card
O001426,2024-11-14,C00324,South,Kochi,Consumer,Completed,Net Banking
O001427,2023-12-05,C00126,East,Kolkata,Consumer,Completed,Debit Card
O001428,2023-01-01,C00426,West,Pune,Corporate,Completed,Credit Card
O001429,2023-07-19,C00252,South,Kochi,Consumer,Completed,Net Banking
O001430,2025-02-02,C00020,West,Mumbai,Home Office,Completed,UPI
O001431,2023-09-03,C00345,West,Mumbai,Consumer,Completed,Credit Card
O001432,2023-09-04,C00020,West,Mumbai,Home Office,Completed,UPI
O001433,2023-08-19,C00449,East,Guwahati,Home Office,Completed,Wallet
O001434,2024-07-13,C00209,South,Hyderabad,Consumer,Completed,Credit Card
O001435,2024-03-17,C00416,South,Kochi,Consumer,Completed,Net Banking
O001436,2025-06-04,C00230,South,Chennai,Consumer,Completed,UPI
O001437,2024-07-29,C00132,North,Delhi,Consumer,Completed,Debit Card
O001438,2024-01-21,C00672,East,Bhubaneswar,Consumer,Completed,UPI
O001439,2025-06-10,C00382,East,Guwahati,Home Office,Completed,UPI
O001440,2024-08-09,C00215,East,Kolkata,Consumer,Completed,Net Banking
O001441,2023-12-02,C00607,West,Pune,Consumer,Completed,Debit Card
O001442,2024-12-11,C00679,South,Chennai,Consumer,Completed,Debit Card
O001443,2023-10-30,C00715,East,Patna,Consumer,Completed,Debit Card
O001444,2025-01-04,C00436,East,Kolkata,Home Office,Completed,UPI
O001445,2024-12-04,C00240,East,Bhubaneswar,Consumer,Completed,Credit Card
O001446,2023-10-13,C00264,West,Surat,Consumer,Completed,Debit Card
O001447,2023-12-04,C00718,North,Delhi,Corporate,Completed,Debit Card
O001448,2025-03-19,C00241,East,Patna,Consumer,Completed,Net Banking
O001449,2023-08-06,C00517,North,Jaipur,Home Office,Completed,Credit Card
O001450,2023-01-02,C00094,East,Kolkata,Consumer,Returned,Debit Card
O001451,2024-05-10,C00528,East,Kolkata,Consumer,Completed,Credit Card
O001452,2023-02-18,C00154,North,Jaipur,Home Office,Completed,UPI
O001453,2023-05-18,C00147,North,Chandigarh,Home Office,Completed,Debit Card
O001454,2025-04-05,C00115,East,Patna,Consumer,Completed,Debit Card
O001455,2024-03-02,C00208,North,Delhi,Corporate,Completed,Wallet
O001456,2023-03-27,C00722,East,Guwahati,Consumer,Returned,Debit Card
O001457,2025-08-27,C00006,West,Pune,Home Office,Completed,Wallet
O001458,2024-12-19,C00448,North,Delhi,Consumer,Completed,UPI
O001459,2025-07-20,C00015,East,Guwahati,Consumer,Completed,Net Banking
O001460,2023-03-12,C00258,North,Lucknow,Consumer,Completed,Net Banking
O001461,2024-03-19,C00127,South,Chennai,Corporate,Completed,UPI
O001462,2025-11-02,C00587,North,Jaipur,Home Office,Completed,Net Banking
O001463,2023-04-10,C00374,South,Kochi,Consumer,Completed,Credit Card
O001464,2025-07-14,C00002,North,Jaipur,Consumer,Completed,Debit Card
O001465,2025-05-23,C00671,West,Surat,Consumer,Completed,Credit Card
O001466,2025-09-14,C00476,East,Kolkata,Home Office,Completed,Credit Card
O001467,2025-02-10,C00710,West,Mumbai,Home Office,Completed,Wallet
O001468,2025-10-07,C00180,East,Guwahati,Consumer,Completed,UPI
O001469,2023-12-03,C00285,West,Pune,Consumer,Completed,Net Banking
O001470,2025-10-13,C00183,South,Kochi,Consumer,Completed,Wallet
O001471,2023-08-06,C00226,South,Bengaluru,Corporate,Completed,Net Banking
O001472,2023-05-18,C00192,East,Guwahati,Consumer,Completed,Debit Card
O001473,2025-08-30,C00272,East,Guwahati,Corporate,Completed,Credit Card
O001474,2023-09-05,C00133,West,Surat,Corporate,Completed,Credit Card
O001475,2025-07-02,C00532,South,Hyderabad,Consumer,Completed,Credit Card
O001476,2025-04-26,C00088,North,Lucknow,Consumer,Completed,Debit Card
O001477,2023-09-30,C00339,South,Kochi,Consumer,Completed,UPI
O001478,2023-08-19,C00039,South,Hyderabad,Home Office,Completed,Credit Card
O001479,2024-10-16,C00676,South,Bengaluru,Consumer,Completed,Credit Card
O001480,2023-09-18,C00154,North,Jaipur,Home Office,Completed,UPI
O001481,2023-12-04,C00598,North,Delhi,Consumer,Completed,Credit Card
O001482,2024-06-21,C00400,East,Patna,Consumer,Completed,Debit Card
O001483,2025-03-19,C00036,West,Surat,Consumer,Completed,Net Banking
O001484,2025-07-10,C00117,West,Surat,Consumer,Completed,Wallet
O001485,2025-11-09,C00017,North,Chandigarh,Consumer,Completed,UPI
O001486,2025-05-04,C00167,South,Chennai,Home Office,Completed,Credit Card
O001487,2023-03-23,C00241,East,Patna,Consumer,Completed,Debit Card
O001488,2024-09-13,C00098,East,Patna,Home Office,Completed,Net Banking
O001489,2025-03-01,C00734,South,Bengaluru,Consumer,Completed,Wallet
O001490,2023-10-09,C00092,North,Lucknow,Home Office,Completed,Debit Card
O001491,2024-07-03,C00111,East,Patna,Consumer,Completed,Credit Card
O001492,2024-01-27,C00670,North,Jaipur,Consumer,Completed,Wallet
O001493,2025-04-22,C00529,South,Hyderabad,Home Office,Completed,Credit Card
O001494,2023-10-13,C00274,South,Hyderabad,Corporate,Completed,Wallet
O001495,2023-12-22,C00745,North,Chandigarh,Consumer,Completed,Wallet
O001496,2024-11-21,C00326,South,Hyderabad,Consumer,Completed,Net Banking
O001497,2024-07-08,C00185,East,Kolkata,Corporate,Completed,Net Banking
O001498,2025-03-16,C00025,North,Chandigarh,Consumer,Completed,Net Banking
O001499,2025-07-20,C00256,East,Guwahati,Consumer,Completed,Net Banking
O001500,2025-09-29,C00649,South,Kochi,Home Office,Completed,Credit Card
O001501,2023-09-09,C00737,East,Patna,Consumer,Completed,UPI
O001502,2024-07-22,C00750,East,Bhubaneswar,Home Office,Completed,UPI
O001503,2025-05-16,C00510,East,Guwahati,Consumer,Completed,UPI
O001504,2023-08-17,C00520,North,Lucknow,Consumer,Completed,Net Banking
O001505,2024-05-07,C00102,South,Hyderabad,Home Office,Completed,Debit Card
O001506,2024-12-25,C00018,West,Mumbai,Home Office,Completed,Wallet
O001507,2023-02-05,C00005,East,Patna,Consumer,Completed,UPI
O001508,2024-05-19,C00535,East,Kolkata,Home Office,Completed,Credit Card
O001509,2024-07-26,C00010,West,Ahmedabad,Consumer,Completed,Wallet
O001510,2025-03-02,C00651,West,Surat,Consumer,Completed,Net Banking
O001511,2025-06-28,C00284,South,Hyderabad,Consumer,Completed,Wallet
O001512,2025-02-17,C00650,South,Kochi,Consumer,Completed,Net Banking
O001513,2025-06-13,C00227,North,Delhi,Consumer,Completed,Net Banking
O001514,2024-02-25,C00511,West,Surat,Consumer,Completed,Net Banking
O001515,2023-12-11,C00196,South,Bengaluru,Consumer,Completed,Net Banking
O001516,2023-02-19,C00587,North,Jaipur,Home Office,Completed,UPI
O001517,2025-03-07,C00569,West,Surat,Consumer,Completed,Net Banking
O001518,2025-05-18,C00303,North,Delhi,Consumer,Completed,Debit Card
O001519,2024-06-16,C00277,East,Patna,Consumer,Completed,Wallet
O001520,2025-12-23,C00598,North,Delhi,Consumer,Completed,Wallet
O001521,2023-04-13,C00749,North,Lucknow,Consumer,Completed,Credit Card
O001522,2024-08-23,C00200,West,Mumbai,Home Office,Completed,Credit Card
O001523,2024-04-14,C00010,West,Ahmedabad,Consumer,Completed,UPI
O001524,2023-04-17,C00077,South,Kochi,Home Office,Completed,Credit Card
O001525,2024-08-13,C00660,South,Bengaluru,Consumer,Completed,Credit Card
O001526,2023-06-07,C00496,North,Jaipur,Consumer,Completed,Credit Card
O001527,2025-12-29,C00318,South,Kochi,Consumer,Completed,Credit Card
O001528,2025-12-28,C00483,South,Bengaluru,Consumer,Completed,Credit Card
O001529,2024-05-10,C00426,West,Pune,Corporate,Completed,Credit Card
O001530,2023-08-14,C00746,North,Chandigarh,Consumer,Completed,Net Banking
O001531,2023-10-06,C00711,East,Guwahati,Consumer,Completed,Net Banking
O001532,2025-04-07,C00578,West,Ahmedabad,Consumer,Completed,Wallet
O001533,2025-04-09,C00093,East,Kolkata,Consumer,Completed,UPI
O001534,2024-02-28,C00221,South,Bengaluru,Corporate,Cancelled,UPI
O001535,2025-04-24,C00127,South,Chennai,Corporate,Completed,Net Banking
O001536,2024-02-11,C00735,South,Bengaluru,Consumer,Completed,Wallet
O001537,2023-10-14,C00266,East,Bhubaneswar,Home Office,Completed,Net Banking
O001538,2025-03-28,C00042,East,Guwahati,Consumer,Completed,Net Banking
O001539,2023-04-16,C00691,North,Delhi,Consumer,Completed,UPI
O001540,2024-08-28,C00270,East,Guwahati,Home Office,Completed,Net Banking
O001541,2023-06-09,C00669,West,Pune,Home Office,Completed,Net Banking
O001542,2023-05-19,C00615,West,Mumbai,Consumer,Completed,Credit Card
O001543,2023-01-23,C00164,West,Surat,Consumer,Completed,UPI
O001544,2025-07-07,C00654,South,Kochi,Consumer,Completed,Wallet
O001545,2024-10-30,C00404,North,Jaipur,Consumer,Completed,Net Banking
O001546,2025-09-25,C00434,East,Guwahati,Home Office,Completed,Wallet
O001547,2025-11-02,C00132,North,Delhi,Consumer,Returned,Net Banking
O001548,2024-07-01,C00161,West,Mumbai,Consumer,Completed,Wallet
O001549,2025-02-25,C00455,East,Patna,Consumer,Completed,UPI
O001550,2023-09-30,C00704,East,Kolkata,Consumer,Completed,Credit Card
O001551,2025-05-24,C00491,East,Guwahati,Consumer,Completed,UPI
O001552,2023-12-01,C00733,East,Kolkata,Consumer,Completed,UPI
O001553,2025-07-30,C00222,West,Surat,Corporate,Completed,Debit Card
O001554,2024-11-08,C00524,North,Jaipur,Consumer,Completed,Wallet
O001555,2024-05-17,C00450,South,Chennai,Corporate,Completed,Debit Card
O001556,2025-11-08,C00717,South,Bengaluru,Consumer,Returned,Wallet
O001557,2024-09-07,C00151,West,Ahmedabad,Consumer,Completed,Credit Card
O001558,2024-05-24,C00748,North,Delhi,Consumer,Completed,Debit Card
O001559,2025-04-25,C00554,West,Mumbai,Consumer,Completed,Credit Card
O001560,2025-09-12,C00327,North,Delhi,Consumer,Completed,Net Banking
O001561,2023-11-12,C00035,South,Hyderabad,Consumer,Returned,Debit Card
O001562,2024-04-27,C00353,South,Kochi,Consumer,Cancelled,Credit Card
O001563,2025-04-10,C00290,West,Mumbai,Consumer,Completed,Credit Card
O001564,2024-11-19,C00013,North,Delhi,Consumer,Completed,UPI
O001565,2023-06-18,C00656,North,Lucknow,Consumer,Completed,Credit Card
O001566,2023-04-16,C00726,North,Chandigarh,Consumer,Completed,Debit Card
O001567,2025-01-01,C00336,East,Guwahati,Consumer,Completed,UPI
O001568,2023-03-21,C00044,East,Kolkata,Consumer,Completed,Net Banking
O001569,2023-08-09,C00076,West,Surat,Corporate,Completed,UPI
O001570,2024-08-05,C00565,East,Kolkata,Consumer,Completed,Credit Card
O001571,2025-11-20,C00647,North,Delhi,Consumer,Completed,Debit Card
O001572,2023-11-30,C00489,West,Surat,Consumer,Completed,Net Banking
O001573,2025-05-06,C00570,East,Bhubaneswar,Home Office,Completed,Credit Card
O001574,2025-08-02,C00442,North,Jaipur,Corporate,Completed,Wallet
O001575,2023-08-30,C00510,East,Guwahati,Consumer,Cancelled,UPI
O001576,2024-08-01,C00116,South,Kochi,Consumer,Completed,UPI
O001577,2024-09-11,C00240,East,Bhubaneswar,Consumer,Completed,UPI
O001578,2023-04-11,C00569,West,Surat,Consumer,Completed,Credit Card
O001579,2025-10-16,C00186,North,Delhi,Consumer,Returned,Net Banking
O001580,2024-10-06,C00045,West,Mumbai,Home Office,Completed,UPI
O001581,2023-10-15,C00545,South,Hyderabad,Consumer,Completed,Credit Card
O001582,2025-05-05,C00170,East,Bhubaneswar,Consumer,Completed,Debit Card
O001583,2025-02-02,C00219,North,Jaipur,Home Office,Completed,Wallet
O001584,2024-02-18,C00237,South,Chennai,Home Office,Completed,Wallet
O001585,2024-07-14,C00164,West,Surat,Consumer,Completed,Wallet
O001586,2024-02-07,C00191,North,Lucknow,Home Office,Completed,Net Banking
O001587,2024-08-17,C00456,North,Delhi,Consumer,Completed,Net Banking
O001588,2023-05-09,C00076,West,Surat,Corporate,Completed,Wallet
O001589,2024-04-17,C00491,East,Guwahati,Consumer,Completed,Credit Card
O001590,2024-06-04,C00348,West,Surat,Consumer,Completed,Credit Card
O001591,2025-07-09,C00635,East,Patna,Corporate,Completed,UPI
O001592,2024-07-14,C00228,South,Chennai,Home Office,Completed,Debit Card
O001593,2023-04-15,C00451,West,Mumbai,Home Office,Completed,UPI
O001594,2024-04-25,C00070,North,Jaipur,Consumer,Completed,Net Banking
O001595,2023-06-13,C00343,North,Lucknow,Corporate,Completed,UPI
O001596,2023-09-23,C00636,East,Guwahati,Consumer,Completed,Net Banking
O001597,2024-02-22,C00715,East,Patna,Consumer,Completed,Wallet
O001598,2023-05-21,C00681,West,Surat,Corporate,Completed,UPI
O001599,2024-05-05,C00240,East,Bhubaneswar,Consumer,Completed,Debit Card
O001600,2024-01-02,C00221,South,Bengaluru,Corporate,Completed,Wallet
O001601,2025-08-10,C00481,South,Chennai,Corporate,Completed,Debit Card
O001602,2023-07-08,C00246,East,Guwahati,Consumer,Completed,Debit Card
O001603,2023-02-07,C00260,East,Bhubaneswar,Home Office,Completed,Debit Card
O001604,2023-11-25,C00346,North,Delhi,Consumer,Completed,Debit Card
O001605,2025-03-08,C00207,North,Jaipur,Consumer,Completed,Credit Card
O001606,2024-01-25,C00094,East,Kolkata,Consumer,Completed,Credit Card
O001607,2025-10-09,C00559,East,Patna,Consumer,Completed,Credit Card
O001608,2023-01-08,C00658,East,Kolkata,Consumer,Completed,Debit Card
O001609,2025-05-01,C00538,West,Pune,Home Office,Completed,Credit Card
O001610,2023-07-16,C00573,North,Chandigarh,Consumer,Completed,Net Banking
O001611,2024-11-28,C00368,North,Jaipur,Home Office,Completed,Credit Card
O001612,2024-10-01,C00016,West,Ahmedabad,Consumer,Completed,Debit Card
O001613,2025-02-16,C00685,West,Ahmedabad,Consumer,Completed,Debit Card
O001614,2025-04-13,C00533,North,Lucknow,Consumer,Returned,UPI
O001615,2023-10-09,C00511,West,Surat,Consumer,Completed,Credit Card
O001616,2023-04-11,C00554,West,Mumbai,Consumer,Completed,Wallet
O001617,2023-06-13,C00117,West,Surat,Consumer,Completed,Wallet
O001618,2024-09-01,C00106,North,Jaipur,Corporate,Completed,Debit Card
O001619,2025-05-10,C00720,East,Bhubaneswar,Consumer,Completed,Credit Card
O001620,2023-05-21,C00028,East,Guwahati,Consumer,Completed,Net Banking
O001621,2023-03-29,C00014,West,Ahmedabad,Consumer,Completed,Wallet
O001622,2024-05-22,C00163,West,Mumbai,Consumer,Completed,Wallet
O001623,2023-08-01,C00119,East,Kolkata,Consumer,Completed,Credit Card
O001624,2025-11-09,C00015,East,Guwahati,Consumer,Completed,Wallet
O001625,2024-01-20,C00101,North,Delhi,Corporate,Completed,Net Banking
O001626,2024-01-30,C00329,North,Chandigarh,Home Office,Completed,Wallet
O001627,2024-08-12,C00266,East,Bhubaneswar,Home Office,Completed,Net Banking
O001628,2024-06-06,C00481,South,Chennai,Corporate,Completed,Credit Card
O001629,2024-06-02,C00407,South,Chennai,Corporate,Completed,Credit Card
O001630,2023-09-29,C00271,North,Jaipur,Home Office,Completed,UPI
O001631,2025-03-19,C00199,West,Mumbai,Corporate,Completed,Wallet
O001632,2023-01-06,C00526,West,Pune,Corporate,Completed,UPI
O001633,2024-11-30,C00018,West,Mumbai,Home Office,Completed,Debit Card
O001634,2024-10-27,C00166,East,Guwahati,Consumer,Completed,Credit Card
O001635,2025-09-30,C00368,North,Jaipur,Home Office,Completed,Net Banking
O001636,2023-11-21,C00477,West,Mumbai,Consumer,Completed,Net Banking
O001637,2023-08-15,C00123,West,Mumbai,Consumer,Completed,Wallet
O001638,2023-05-14,C00144,East,Guwahati,Consumer,Completed,Debit Card
O001639,2025-09-03,C00656,North,Lucknow,Consumer,Completed,Net Banking
O001640,2025-02-26,C00494,North,Chandigarh,Home Office,Completed,Credit Card
O001641,2023-08-13,C00221,South,Bengaluru,Corporate,Completed,UPI
O001642,2024-07-10,C00127,South,Chennai,Corporate,Completed,UPI
O001643,2024-05-09,C00251,West,Ahmedabad,Consumer,Completed,Wallet
O001644,2025-12-21,C00333,East,Kolkata,Corporate,Completed,Credit Card
O001645,2024-01-19,C00305,West,Surat,Consumer,Completed,Debit Card
O001646,2024-07-10,C00607,West,Pune,Consumer,Completed,Wallet
O001647,2024-12-31,C00032,West,Mumbai,Consumer,Completed,UPI
O001648,2024-11-19,C00655,North,Lucknow,Consumer,Completed,Net Banking
O001649,2023-02-03,C00482,North,Lucknow,Home Office,Completed,UPI
O001650,2024-02-24,C00540,East,Bhubaneswar,Consumer,Completed,Wallet
O001651,2025-06-22,C00255,East,Guwahati,Consumer,Completed,UPI
O001652,2024-06-09,C00545,South,Hyderabad,Consumer,Completed,Debit Card
O001653,2025-07-10,C00327,North,Delhi,Consumer,Completed,Debit Card
O001654,2024-05-08,C00128,West,Mumbai,Consumer,Completed,UPI
O001655,2025-09-29,C00527,West,Ahmedabad,Consumer,Completed,Wallet
O001656,2024-04-14,C00271,North,Jaipur,Home Office,Completed,Credit Card
O001657,2023-02-25,C00156,East,Bhubaneswar,Consumer,Returned,Credit Card
O001658,2023-12-19,C00262,South,Kochi,Corporate,Completed,UPI
O001659,2023-08-30,C00590,East,Guwahati,Consumer,Completed,Debit Card
O001660,2025-06-03,C00712,South,Chennai,Corporate,Completed,Net Banking
O001661,2025-02-13,C00479,South,Kochi,Consumer,Completed,Net Banking
O001662,2023-08-11,C00651,West,Surat,Consumer,Completed,Net Banking
O001663,2023-08-11,C00486,North,Chandigarh,Corporate,Completed,Wallet
O001664,2025-12-23,C00214,North,Delhi,Corporate,Completed,Net Banking
O001665,2023-12-19,C00596,South,Chennai,Consumer,Completed,UPI
O001666,2024-02-06,C00125,West,Mumbai,Corporate,Completed,UPI
O001667,2023-08-25,C00726,North,Chandigarh,Consumer,Completed,UPI
O001668,2025-09-08,C00725,East,Bhubaneswar,Consumer,Completed,Credit Card
O001669,2023-04-19,C00256,East,Guwahati,Consumer,Completed,UPI
O001670,2025-11-07,C00704,East,Kolkata,Consumer,Completed,Credit Card
O001671,2023-04-01,C00679,South,Chennai,Consumer,Completed,Credit Card
O001672,2023-07-03,C00441,South,Bengaluru,Consumer,Completed,Wallet
O001673,2023-06-14,C00332,West,Ahmedabad,Consumer,Completed,Debit Card
O001674,2023-03-03,C00216,South,Chennai,Corporate,Completed,UPI
O001675,2023-03-04,C00210,North,Chandigarh,Consumer,Completed,Wallet
O001676,2023-06-16,C00576,North,Delhi,Consumer,Completed,UPI
O001677,2025-06-18,C00201,North,Jaipur,Consumer,Completed,Wallet
O001678,2023-02-22,C00314,North,Chandigarh,Corporate,Returned,Wallet
O001679,2024-08-16,C00019,West,Pune,Consumer,Completed,Wallet
O001680,2025-09-03,C00068,North,Lucknow,Home Office,Completed,Credit Card
O001681,2023-12-26,C00413,East,Patna,Corporate,Completed,Wallet
O001682,2023-04-11,C00500,South,Kochi,Consumer,Completed,Debit Card
O001683,2024-11-30,C00697,North,Delhi,Corporate,Completed,Net Banking
O001684,2023-09-09,C00459,South,Chennai,Consumer,Completed,Credit Card
O001685,2024-10-20,C00496,North,Jaipur,Consumer,Completed,Wallet
O001686,2025-02-07,C00089,East,Guwahati,Corporate,Completed,Net Banking
O001687,2024-03-01,C00750,East,Bhubaneswar,Home Office,Completed,Net Banking
O001688,2024-12-28,C00606,North,Delhi,Consumer,Completed,Debit Card
O001689,2023-04-07,C00733,East,Kolkata,Consumer,Completed,UPI
O001690,2024-06-19,C00152,East,Guwahati,Corporate,Completed,Net Banking
O001691,2025-10-17,C00433,West,Ahmedabad,Consumer,Completed,UPI
O001692,2023-10-17,C00247,South,Chennai,Corporate,Completed,Debit Card
O001693,2025-04-14,C00434,East,Guwahati,Home Office,Completed,Credit Card
O001694,2025-01-24,C00472,South,Bengaluru,Home Office,Completed,Debit Card
O001695,2023-06-18,C00078,East,Guwahati,Consumer,Completed,Net Banking
O001696,2023-11-17,C00097,East,Guwahati,Consumer,Completed,UPI
O001697,2024-01-18,C00354,North,Chandigarh,Home Office,Completed,Debit Card
O001698,2024-01-18,C00578,West,Ahmedabad,Consumer,Returned,UPI
O001699,2023-06-23,C00260,East,Bhubaneswar,Home Office,Completed,Wallet
O001700,2025-12-22,C00411,North,Jaipur,Home Office,Completed,Wallet
O001701,2025-11-28,C00045,West,Mumbai,Home Office,Returned,Net Banking
O001702,2023-05-07,C00451,West,Mumbai,Home Office,Completed,Debit Card
O001703,2024-05-04,C00592,West,Pune,Corporate,Completed,Debit Card
O001704,2024-02-02,C00015,East,Guwahati,Consumer,Completed,Credit Card
O001705,2023-10-17,C00742,South,Kochi,Consumer,Completed,Credit Card
O001706,2023-07-07,C00063,East,Kolkata,Corporate,Completed,Debit Card
O001707,2024-04-07,C00294,East,Guwahati,Consumer,Completed,UPI
O001708,2023-06-21,C00302,East,Guwahati,Corporate,Completed,Net Banking
O001709,2025-10-22,C00050,South,Chennai,Consumer,Completed,Debit Card
O001710,2025-04-29,C00351,North,Chandigarh,Consumer,Completed,UPI
O001711,2024-05-15,C00610,South,Hyderabad,Home Office,Completed,Debit Card
O001712,2023-09-03,C00618,South,Hyderabad,Consumer,Completed,Wallet
O001713,2024-12-09,C00080,East,Guwahati,Corporate,Completed,UPI
O001714,2025-12-13,C00372,West,Surat,Consumer,Completed,UPI
O001715,2023-10-13,C00441,South,Bengaluru,Consumer,Completed,Net Banking
O001716,2023-06-07,C00017,North,Chandigarh,Consumer,Completed,Debit Card
O001717,2023-09-24,C00051,North,Chandigarh,Home Office,Completed,UPI
O001718,2024-11-22,C00748,North,Delhi,Consumer,Completed,UPI
O001719,2025-11-29,C00716,North,Chandigarh,Corporate,Completed,Wallet
O001720,2024-02-21,C00501,West,Mumbai,Consumer,Completed,UPI
O001721,2025-03-02,C00331,West,Ahmedabad,Consumer,Completed,Credit Card
O001722,2023-07-24,C00472,South,Bengaluru,Home Office,Completed,Wallet
O001723,2024-01-11,C00339,South,Kochi,Consumer,Completed,Net Banking
O001724,2025-05-19,C00476,East,Kolkata,Home Office,Completed,Debit Card
O001725,2024-08-17,C00360,West,Surat,Consumer,Completed,UPI
O001726,2025-12-16,C00608,South,Bengaluru,Corporate,Completed,UPI
O001727,2023-04-20,C00229,West,Mumbai,Consumer,Completed,UPI
O001728,2023-04-08,C00457,South,Hyderabad,Home Office,Cancelled,Debit Card
O001729,2024-08-08,C00177,North,Delhi,Consumer,Completed,Debit Card
O001730,2023-12-06,C00196,South,Bengaluru,Consumer,Completed,Net Banking
O001731,2025-02-08,C00581,East,Kolkata,Home Office,Completed,Net Banking
O001732,2023-07-03,C00675,East,Bhubaneswar,Home Office,Completed,Wallet
O001733,2024-05-23,C00161,West,Mumbai,Consumer,Completed,Wallet
O001734,2024-09-26,C00665,South,Bengaluru,Consumer,Completed,Credit Card
O001735,2023-08-10,C00484,West,Mumbai,Consumer,Completed,Debit Card
O001736,2023-10-17,C00101,North,Delhi,Corporate,Completed,UPI
O001737,2025-07-25,C00423,North,Jaipur,Consumer,Returned,Debit Card
O001738,2024-04-12,C00555,South,Hyderabad,Home Office,Completed,Debit Card
O001739,2024-05-14,C00360,West,Surat,Consumer,Completed,Debit Card
O001740,2023-01-07,C00582,South,Bengaluru,Consumer,Returned,Wallet
O001741,2025-06-08,C00063,East,Kolkata,Corporate,Completed,Credit Card
O001742,2025-04-11,C00406,South,Chennai,Consumer,Completed,Debit Card
O001743,2023-07-11,C00129,East,Kolkata,Consumer,Completed,Credit Card
O001744,2023-01-31,C00043,South,Chennai,Consumer,Completed,Credit Card
O001745,2024-01-25,C00175,East,Bhubaneswar,Corporate,Completed,Credit Card
O001746,2024-06-30,C00164,West,Surat,Consumer,Completed,Debit Card
O001747,2025-11-08,C00508,North,Delhi,Consumer,Completed,Credit Card
O001748,2025-09-06,C00562,North,Delhi,Consumer,Completed,Net Banking
O001749,2023-05-09,C00456,North,Delhi,Consumer,Completed,Wallet
O001750,2024-11-16,C00353,South,Kochi,Consumer,Completed,Debit Card
O001751,2023-04-22,C00123,West,Mumbai,Consumer,Completed,Wallet
O001752,2025-06-26,C00168,South,Bengaluru,Consumer,Completed,Debit Card
O001753,2024-07-07,C00609,South,Hyderabad,Consumer,Completed,Debit Card
O001754,2025-03-11,C00345,West,Mumbai,Consumer,Completed,Credit Card
O001755,2025-04-05,C00254,South,Bengaluru,Consumer,Completed,UPI
O001756,2025-10-04,C00180,East,Guwahati,Consumer,Completed,Wallet
O001757,2023-05-17,C00734,South,Bengaluru,Consumer,Completed,UPI
O001758,2024-02-04,C00550,West,Pune,Home Office,Completed,Credit Card
O001759,2024-10-05,C00440,North,Delhi,Consumer,Completed,Net Banking
O001760,2023-08-11,C00698,North,Delhi,Consumer,Completed,Credit Card
O001761,2023-07-28,C00069,South,Chennai,Home Office,Completed,Credit Card
O001762,2025-05-14,C00739,South,Bengaluru,Corporate,Completed,Credit Card
O001763,2025-08-15,C00667,West,Surat,Corporate,Completed,Credit Card
O001764,2025-07-05,C00139,East,Bhubaneswar,Consumer,Completed,Debit Card
O001765,2023-04-11,C00143,North,Lucknow,Consumer,Completed,Net Banking
O001766,2024-08-25,C00045,West,Mumbai,Home Office,Returned,UPI
O001767,2024-04-29,C00011,North,Chandigarh,Corporate,Completed,Wallet
O001768,2023-08-10,C00020,West,Mumbai,Home Office,Completed,UPI
O001769,2023-01-29,C00330,South,Bengaluru,Consumer,Completed,Credit Card
O001770,2023-07-29,C00544,East,Kolkata,Consumer,Completed,Wallet
O001771,2024-11-27,C00218,East,Kolkata,Corporate,Completed,Credit Card
O001772,2024-05-12,C00282,North,Jaipur,Consumer,Completed,UPI
O001773,2024-11-24,C00725,East,Bhubaneswar,Consumer,Completed,Wallet
O001774,2025-05-27,C00641,North,Delhi,Corporate,Completed,Net Banking
O001775,2023-05-06,C00263,East,Kolkata,Corporate,Completed,Net Banking
O001776,2025-11-27,C00642,East,Patna,Home Office,Completed,Debit Card
O001777,2024-11-02,C00377,West,Ahmedabad,Consumer,Completed,Wallet
O001778,2025-07-05,C00318,South,Kochi,Consumer,Completed,Credit Card
O001779,2023-05-29,C00396,West,Mumbai,Corporate,Completed,Wallet
O001780,2024-07-03,C00151,West,Ahmedabad,Consumer,Completed,Wallet
O001781,2023-02-03,C00532,South,Hyderabad,Consumer,Completed,Credit Card
O001782,2025-06-06,C00177,North,Delhi,Consumer,Completed,Wallet
O001783,2024-11-22,C00617,East,Kolkata,Consumer,Completed,UPI
O001784,2025-06-22,C00335,South,Bengaluru,Consumer,Completed,Wallet
O001785,2025-04-02,C00436,East,Kolkata,Home Office,Completed,Credit Card
O001786,2023-02-23,C00265,East,Guwahati,Consumer,Completed,Net Banking
O001787,2025-10-10,C00016,West,Ahmedabad,Consumer,Completed,Net Banking
O001788,2023-11-12,C00549,South,Kochi,Consumer,Completed,Wallet
O001789,2023-01-02,C00533,North,Lucknow,Consumer,Completed,Credit Card
O001790,2025-01-25,C00375,East,Guwahati,Home Office,Completed,Debit Card
O001791,2025-03-10,C00526,West,Pune,Corporate,Completed,Wallet
O001792,2023-03-20,C00170,East,Bhubaneswar,Consumer,Completed,Wallet
O001793,2023-12-27,C00464,North,Chandigarh,Corporate,Completed,Debit Card
O001794,2024-08-25,C00474,West,Mumbai,Consumer,Completed,Wallet
O001795,2024-07-05,C00590,East,Guwahati,Consumer,Completed,Wallet
O001796,2023-07-31,C00728,West,Mumbai,Corporate,Completed,Debit Card
O001797,2024-01-18,C00126,East,Kolkata,Consumer,Completed,Debit Card
O001798,2025-03-07,C00260,East,Bhubaneswar,Home Office,Completed,Wallet
O001799,2024-03-29,C00470,North,Chandigarh,Corporate,Completed,Credit Card
O001800,2025-10-30,C00322,South,Bengaluru,Consumer,Completed,Net Banking
O001801,2025-11-28,C00437,South,Chennai,Consumer,Completed,Wallet
O001802,2024-10-18,C00395,West,Mumbai,Consumer,Completed,Wallet
O001803,2023-06-02,C00365,East,Guwahati,Corporate,Completed,Debit Card
O001804,2024-04-28,C00168,South,Bengaluru,Consumer,Completed,Credit Card
O001805,2025-03-18,C00650,South,Kochi,Consumer,Completed,Debit Card
O001806,2024-11-02,C00030,South,Bengaluru,Consumer,Completed,Net Banking
O001807,2025-09-01,C00147,North,Chandigarh,Home Office,Completed,Net Banking
O001808,2024-10-11,C00514,North,Chandigarh,Corporate,Returned,UPI
O001809,2024-08-03,C00067,North,Chandigarh,Corporate,Completed,UPI
O001810,2025-12-08,C00295,South,Bengaluru,Corporate,Completed,Credit Card
O001811,2024-04-26,C00111,East,Patna,Consumer,Completed,Credit Card
O001812,2024-11-08,C00019,West,Pune,Consumer,Completed,Wallet
O001813,2025-11-03,C00530,North,Chandigarh,Consumer,Completed,Credit Card
O001814,2023-10-11,C00055,South,Hyderabad,Consumer,Completed,Debit Card
O001815,2025-05-14,C00232,North,Delhi,Consumer,Completed,Credit Card
O001816,2024-09-15,C00467,North,Jaipur,Corporate,Completed,Credit Card
O001817,2023-01-13,C00212,West,Surat,Corporate,Completed,Credit Card
O001818,2023-05-29,C00337,East,Bhubaneswar,Consumer,Completed,Debit Card
O001819,2023-05-22,C00467,North,Jaipur,Corporate,Completed,Wallet
O001820,2024-02-22,C00025,North,Chandigarh,Consumer,Completed,Debit Card
O001821,2024-09-13,C00009,East,Bhubaneswar,Consumer,Completed,Net Banking
O001822,2025-10-01,C00355,South,Bengaluru,Corporate,Returned,Net Banking
O001823,2025-07-08,C00196,South,Bengaluru,Consumer,Completed,UPI
O001824,2023-09-23,C00043,South,Chennai,Consumer,Completed,Credit Card
O001825,2025-01-25,C00230,South,Chennai,Consumer,Completed,Credit Card
O001826,2023-12-21,C00609,South,Hyderabad,Consumer,Completed,UPI
O001827,2024-09-16,C00087,South,Kochi,Home Office,Completed,Wallet
O001828,2024-05-16,C00745,North,Chandigarh,Consumer,Completed,Wallet
O001829,2025-08-06,C00486,North,Chandigarh,Corporate,Completed,Net Banking
O001830,2025-11-28,C00207,North,Jaipur,Consumer,Completed,Debit Card
O001831,2024-06-28,C00372,West,Surat,Consumer,Completed,Debit Card
O001832,2023-10-19,C00087,South,Kochi,Home Office,Completed,Wallet
O001833,2024-05-08,C00641,North,Delhi,Corporate,Completed,Net Banking
O001834,2023-09-05,C00643,West,Pune,Consumer,Completed,Net Banking
O001835,2024-03-20,C00413,East,Patna,Corporate,Completed,Credit Card
O001836,2023-11-14,C00669,West,Pune,Home Office,Completed,Net Banking
O001837,2024-10-31,C00047,West,Surat,Corporate,Completed,Credit Card
O001838,2024-10-27,C00419,South,Chennai,Home Office,Completed,Wallet
O001839,2024-09-22,C00708,North,Chandigarh,Corporate,Completed,Net Banking
O001840,2025-10-06,C00421,North,Chandigarh,Consumer,Completed,Wallet
O001841,2024-11-12,C00663,South,Bengaluru,Consumer,Completed,Wallet
O001842,2023-08-27,C00006,West,Pune,Home Office,Completed,Wallet
O001843,2025-06-17,C00178,East,Bhubaneswar,Home Office,Completed,Credit Card
O001844,2023-04-24,C00311,East,Guwahati,Consumer,Completed,Wallet
O001845,2025-10-16,C00733,East,Kolkata,Consumer,Completed,Wallet
O001846,2024-05-12,C00750,East,Bhubaneswar,Home Office,Completed,UPI
O001847,2023-10-03,C00231,South,Bengaluru,Consumer,Completed,Wallet
O001848,2025-09-28,C00602,East,Guwahati,Corporate,Completed,Wallet
O001849,2025-06-16,C00598,North,Delhi,Consumer,Completed,Debit Card
O001850,2025-11-19,C00276,North,Chandigarh,Consumer,Completed,UPI
O001851,2024-02-18,C00284,South,Hyderabad,Consumer,Returned,Net Banking
O001852,2023-06-17,C00342,South,Hyderabad,Consumer,Completed,Credit Card
O001853,2024-03-06,C00618,South,Hyderabad,Consumer,Completed,Wallet
O001854,2023-12-09,C00452,South,Kochi,Consumer,Completed,Credit Card
O001855,2023-04-27,C00003,North,Lucknow,Home Office,Completed,Net Banking
O001856,2023-06-19,C00062,West,Mumbai,Home Office,Completed,UPI
O001857,2023-10-25,C00517,North,Jaipur,Home Office,Completed,Credit Card
O001858,2023-08-30,C00455,East,Patna,Consumer,Completed,Credit Card
O001859,2023-04-20,C00250,West,Mumbai,Consumer,Completed,UPI
O001860,2023-08-19,C00561,East,Kolkata,Consumer,Completed,UPI
O001861,2023-09-05,C00479,South,Kochi,Consumer,Completed,Wallet
O001862,2025-06-15,C00155,North,Lucknow,Consumer,Completed,Net Banking
O001863,2025-02-17,C00457,South,Hyderabad,Home Office,Completed,Net Banking
O001864,2024-09-09,C00158,South,Hyderabad,Consumer,Completed,Debit Card
O001865,2023-02-16,C00685,West,Ahmedabad,Consumer,Completed,UPI
O001866,2024-10-30,C00227,North,Delhi,Consumer,Completed,UPI
O001867,2024-03-15,C00292,West,Mumbai,Corporate,Completed,Wallet
O001868,2025-10-13,C00725,East,Bhubaneswar,Consumer,Completed,Net Banking
O001869,2024-09-20,C00537,North,Jaipur,Consumer,Completed,Credit Card
O001870,2023-02-22,C00555,South,Hyderabad,Home Office,Completed,UPI
O001871,2025-01-11,C00159,South,Chennai,Consumer,Completed,Credit Card
O001872,2023-05-06,C00621,South,Bengaluru,Corporate,Completed,Net Banking
O001873,2023-02-15,C00616,North,Delhi,Corporate,Completed,Wallet
O001874,2023-08-08,C00241,East,Patna,Consumer,Completed,UPI
O001875,2024-03-30,C00727,East,Patna,Home Office,Completed,UPI
O001876,2025-01-13,C00391,South,Chennai,Home Office,Completed,Debit Card
O001877,2025-05-16,C00234,West,Ahmedabad,Consumer,Completed,Debit Card
O001878,2025-01-31,C00120,East,Kolkata,Corporate,Completed,Debit Card
O001879,2025-09-09,C00191,North,Lucknow,Home Office,Completed,UPI
O001880,2023-05-02,C00505,West,Pune,Home Office,Completed,Net Banking
O001881,2024-04-15,C00587,North,Jaipur,Home Office,Completed,UPI
O001882,2025-09-28,C00643,West,Pune,Consumer,Completed,Wallet
O001883,2023-07-19,C00067,North,Chandigarh,Corporate,Completed,UPI
O001884,2024-12-02,C00523,West,Mumbai,Consumer,Completed,Net Banking
O001885,2024-04-14,C00379,East,Bhubaneswar,Consumer,Returned,Debit Card
O001886,2025-01-09,C00036,West,Surat,Consumer,Completed,Credit Card
O001887,2023-02-20,C00654,South,Kochi,Consumer,Completed,Wallet
O001888,2024-12-28,C00596,South,Chennai,Consumer,Completed,Credit Card
O001889,2023-09-04,C00068,North,Lucknow,Home Office,Completed,Credit Card
O001890,2025-04-04,C00696,East,Patna,Consumer,Completed,Debit Card
O001891,2025-06-14,C00015,East,Guwahati,Consumer,Completed,Credit Card
O001892,2023-10-11,C00394,East,Guwahati,Consumer,Completed,Debit Card
O001893,2023-02-21,C00362,North,Jaipur,Corporate,Completed,UPI
O001894,2024-05-31,C00605,East,Patna,Consumer,Completed,Credit Card
O001895,2023-05-20,C00413,East,Patna,Corporate,Completed,Wallet
O001896,2023-01-07,C00062,West,Mumbai,Home Office,Completed,Debit Card
O001897,2023-12-19,C00553,East,Patna,Consumer,Completed,Debit Card
O001898,2025-10-14,C00551,South,Hyderabad,Consumer,Completed,Net Banking
O001899,2024-08-22,C00520,North,Lucknow,Consumer,Completed,Credit Card
O001900,2024-03-18,C00023,North,Jaipur,Home Office,Completed,Credit Card
O001901,2024-04-22,C00143,North,Lucknow,Consumer,Completed,Wallet
O001902,2024-08-15,C00570,East,Bhubaneswar,Home Office,Completed,UPI
O001903,2023-05-18,C00361,East,Patna,Consumer,Completed,Credit Card
O001904,2023-02-23,C00122,East,Kolkata,Home Office,Completed,Wallet
O001905,2023-12-18,C00267,West,Pune,Home Office,Completed,UPI
O001906,2024-06-15,C00343,North,Lucknow,Corporate,Completed,UPI
O001907,2024-04-26,C00236,East,Patna,Consumer,Completed,Wallet
O001908,2025-10-30,C00704,East,Kolkata,Consumer,Completed,Wallet
O001909,2024-08-16,C00222,West,Surat,Corporate,Completed,Debit Card
O001910,2024-09-14,C00613,North,Chandigarh,Consumer,Completed,Debit Card
O001911,2025-12-04,C00092,North,Lucknow,Home Office,Completed,UPI
O001912,2023-12-20,C00064,South,Hyderabad,Consumer,Completed,Debit Card
O001913,2025-08-27,C00203,West,Ahmedabad,Corporate,Completed,Wallet
O001914,2023-06-24,C00662,West,Surat,Home Office,Completed,UPI
O001915,2023-11-20,C00561,East,Kolkata,Consumer,Completed,Wallet
O001916,2023-11-05,C00612,East,Guwahati,Corporate,Completed,UPI
O001917,2024-07-01,C00111,East,Patna,Consumer,Completed,Debit Card
O001918,2023-07-01,C00707,East,Kolkata,Consumer,Completed,Credit Card
O001919,2023-12-29,C00725,East,Bhubaneswar,Consumer,Completed,Debit Card
O001920,2023-08-08,C00149,South,Bengaluru,Corporate,Completed,Net Banking
O001921,2024-01-08,C00399,East,Patna,Consumer,Completed,Net Banking
O001922,2024-08-02,C00380,West,Mumbai,Home Office,Completed,Net Banking
O001923,2023-02-22,C00213,West,Surat,Consumer,Completed,Net Banking
O001924,2023-01-24,C00209,South,Hyderabad,Consumer,Completed,Credit Card
O001925,2024-12-29,C00716,North,Chandigarh,Corporate,Completed,Wallet
O001926,2024-03-30,C00041,South,Kochi,Corporate,Completed,Credit Card
O001927,2023-03-26,C00085,West,Pune,Consumer,Completed,Wallet
O001928,2025-06-30,C00711,East,Guwahati,Consumer,Completed,UPI
O001929,2024-09-06,C00490,South,Hyderabad,Consumer,Cancelled,Credit Card
O001930,2025-01-02,C00045,West,Mumbai,Home Office,Returned,Credit Card
O001931,2025-04-14,C00286,South,Bengaluru,Consumer,Completed,UPI
O001932,2024-11-30,C00357,West,Surat,Corporate,Completed,Wallet
O001933,2023-07-13,C00244,North,Lucknow,Consumer,Completed,Credit Card
O001934,2025-01-07,C00639,South,Chennai,Consumer,Completed,UPI
O001935,2025-05-28,C00682,North,Jaipur,Consumer,Completed,Debit Card
O001936,2024-07-14,C00618,South,Hyderabad,Consumer,Completed,UPI
O001937,2025-08-20,C00021,South,Kochi,Consumer,Completed,Credit Card
O001938,2024-06-13,C00354,North,Chandigarh,Home Office,Completed,Wallet
O001939,2023-01-06,C00410,South,Bengaluru,Consumer,Completed,Debit Card
O001940,2025-04-27,C00247,South,Chennai,Corporate,Cancelled,Wallet
O001941,2024-01-14,C00418,North,Lucknow,Consumer,Completed,Credit Card
O001942,2025-03-21,C00419,South,Chennai,Home Office,Completed,Wallet
O001943,2024-10-01,C00583,West,Ahmedabad,Corporate,Completed,UPI
O001944,2023-08-15,C00256,East,Guwahati,Consumer,Completed,Credit Card
O001945,2023-04-30,C00218,East,Kolkata,Corporate,Completed,UPI
O001946,2024-12-20,C00514,North,Chandigarh,Corporate,Completed,Credit Card
O001947,2025-03-19,C00487,North,Lucknow,Corporate,Completed,Credit Card
O001948,2023-07-24,C00019,West,Pune,Consumer,Completed,Net Banking
O001949,2023-01-16,C00489,West,Surat,Consumer,Completed,Debit Card
O001950,2023-10-06,C00117,West,Surat,Consumer,Returned,Net Banking
O001951,2025-02-07,C00476,East,Kolkata,Home Office,Completed,Wallet
O001952,2025-06-09,C00576,North,Delhi,Consumer,Completed,Net Banking
O001953,2024-06-20,C00194,West,Pune,Consumer,Completed,Debit Card
O001954,2025-05-17,C00091,North,Jaipur,Home Office,Completed,Net Banking
O001955,2024-09-23,C00229,West,Mumbai,Consumer,Returned,Net Banking
O001956,2023-09-25,C00037,West,Surat,Consumer,Completed,Net Banking
O001957,2025-02-19,C00398,South,Kochi,Corporate,Completed,UPI
O001958,2023-08-11,C00300,East,Bhubaneswar,Consumer,Completed,Credit Card
O001959,2023-04-20,C00208,North,Delhi,Corporate,Completed,Credit Card
O001960,2023-08-31,C00072,South,Hyderabad,Consumer,Completed,Net Banking
O001961,2025-05-26,C00726,North,Chandigarh,Consumer,Completed,UPI
O001962,2025-03-10,C00358,West,Mumbai,Consumer,Completed,UPI
O001963,2023-07-09,C00386,North,Jaipur,Corporate,Returned,Debit Card
O001964,2025-12-28,C00615,West,Mumbai,Consumer,Completed,Net Banking
O001965,2025-10-09,C00351,North,Chandigarh,Consumer,Completed,Debit Card
O001966,2023-12-03,C00275,South,Hyderabad,Consumer,Completed,Net Banking
O001967,2024-12-01,C00747,South,Hyderabad,Consumer,Completed,Wallet
O001968,2023-04-09,C00357,West,Surat,Corporate,Completed,Debit Card
O001969,2025-11-18,C00235,East,Kolkata,Corporate,Completed,Credit Card
O001970,2025-10-28,C00179,East,Guwahati,Home Office,Completed,Debit Card
O001971,2023-04-07,C00323,North,Lucknow,Home Office,Completed,Debit Card
O001972,2024-08-07,C00031,North,Lucknow,Consumer,Completed,UPI
O001973,2023-08-17,C00532,South,Hyderabad,Consumer,Completed,Net Banking
O001974,2024-08-07,C00569,West,Surat,Consumer,Completed,Wallet
O001975,2023-06-23,C00262,South,Kochi,Corporate,Completed,Debit Card
O001976,2023-12-07,C00293,South,Bengaluru,Home Office,Completed,UPI
O001977,2025-08-30,C00090,East,Guwahati,Consumer,Completed,UPI
O001978,2025-03-03,C00381,South,Hyderabad,Home Office,Completed,Credit Card
O001979,2024-10-27,C00700,East,Patna,Home Office,Completed,UPI
O001980,2023-03-15,C00002,North,Jaipur,Consumer,Completed,Net Banking
O001981,2025-06-21,C00193,North,Jaipur,Consumer,Completed,Debit Card
O001982,2023-12-19,C00132,North,Delhi,Consumer,Completed,Debit Card
O001983,2025-05-25,C00245,West,Mumbai,Consumer,Completed,Debit Card
O001984,2023-05-16,C00685,West,Ahmedabad,Consumer,Completed,UPI
O001985,2023-02-01,C00236,East,Patna,Consumer,Completed,Debit Card
O001986,2024-05-08,C00352,West,Mumbai,Home Office,Completed,Wallet
O001987,2024-06-07,C00007,East,Bhubaneswar,Corporate,Completed,Wallet
O001988,2025-12-16,C00083,West,Pune,Consumer,Completed,Wallet
O001989,2023-09-30,C00222,West,Surat,Corporate,Completed,Credit Card
O001990,2023-03-16,C00737,East,Patna,Consumer,Completed,Debit Card
O001991,2023-12-25,C00266,East,Bhubaneswar,Home Office,Completed,Wallet
O001992,2025-07-09,C00666,West,Surat,Consumer,Completed,UPI
O001993,2023-11-06,C00337,East,Bhubaneswar,Consumer,Returned,Wallet
O001994,2023-04-12,C00374,South,Kochi,Consumer,Completed,UPI
O001995,2023-08-28,C00681,West,Surat,Corporate,Completed,UPI
O001996,2023-05-10,C00321,West,Surat,Consumer,Completed,UPI
O001997,2025-11-06,C00319,South,Kochi,Consumer,Completed,Credit Card
O001998,2025-02-02,C00701,South,Bengaluru,Consumer,Completed,Credit Card
O001999,2024-08-15,C00195,South,Kochi,Home Office,Completed,Net Banking
O002000,2024-07-19,C00440,North,Delhi,Consumer,Completed,Credit Card
O002001,2024-02-04,C00659,East,Patna,Home Office,Completed,Debit Card
O002002,2023-07-20,C00742,South,Kochi,Consumer,Completed,UPI
O002003,2025-07-25,C00579,West,Mumbai,Consumer,Completed,Debit Card
O002004,2025-02-15,C00457,South,Hyderabad,Home Office,Completed,UPI
O002005,2025-06-11,C00619,West,Pune,Consumer,Completed,Debit Card
O002006,2023-07-08,C00698,North,Delhi,Consumer,Completed,Debit Card
O002007,2024-09-04,C00157,South,Hyderabad,Consumer,Completed,Debit Card
O002008,2023-01-04,C00725,East,Bhubaneswar,Consumer,Completed,Wallet
O002009,2024-07-04,C00665,South,Bengaluru,Consumer,Completed,Credit Card
O002010,2025-05-30,C00346,North,Delhi,Consumer,Completed,Net Banking
O002011,2025-12-30,C00459,South,Chennai,Consumer,Completed,Credit Card
O002012,2025-06-06,C00588,West,Ahmedabad,Consumer,Completed,Wallet
O002013,2025-09-20,C00261,North,Chandigarh,Consumer,Completed,Debit Card
O002014,2025-07-17,C00081,West,Pune,Corporate,Completed,Credit Card
O002015,2023-02-15,C00653,West,Mumbai,Consumer,Completed,Wallet
O002016,2024-01-18,C00615,West,Mumbai,Consumer,Completed,UPI
O002017,2025-01-24,C00224,East,Patna,Home Office,Completed,UPI
O002018,2025-08-01,C00595,South,Chennai,Corporate,Completed,Net Banking
O002019,2024-08-30,C00698,North,Delhi,Consumer,Completed,Wallet
O002020,2023-10-24,C00462,South,Hyderabad,Home Office,Completed,Net Banking
O002021,2024-06-29,C00168,South,Bengaluru,Consumer,Completed,Debit Card
O002022,2025-11-15,C00723,South,Bengaluru,Consumer,Completed,Debit Card
O002023,2024-06-29,C00665,South,Bengaluru,Consumer,Completed,UPI
O002024,2024-10-15,C00212,West,Surat,Corporate,Completed,Debit Card
O002025,2025-10-14,C00503,North,Lucknow,Consumer,Completed,UPI
O002026,2025-07-29,C00714,East,Guwahati,Home Office,Completed,Net Banking
O002027,2023-12-30,C00749,North,Lucknow,Consumer,Completed,UPI
O002028,2023-07-02,C00490,South,Hyderabad,Consumer,Completed,Credit Card
O002029,2024-06-20,C00258,North,Lucknow,Consumer,Completed,Net Banking
O002030,2025-02-03,C00644,South,Kochi,Consumer,Completed,Wallet
O002031,2023-05-01,C00103,South,Bengaluru,Consumer,Completed,Wallet
O002032,2023-12-31,C00336,East,Guwahati,Consumer,Completed,Credit Card
O002033,2025-06-21,C00717,South,Bengaluru,Consumer,Completed,UPI
O002034,2025-08-04,C00511,West,Surat,Consumer,Completed,UPI
O002035,2023-01-10,C00005,East,Patna,Consumer,Completed,Debit Card
O002036,2024-11-01,C00331,West,Ahmedabad,Consumer,Completed,Wallet
O002037,2024-03-12,C00604,South,Kochi,Corporate,Completed,UPI
O002038,2025-04-26,C00329,North,Chandigarh,Home Office,Completed,Net Banking
O002039,2024-02-19,C00711,East,Guwahati,Consumer,Completed,UPI
O002040,2023-03-14,C00183,South,Kochi,Consumer,Completed,Wallet
O002041,2025-04-05,C00573,North,Chandigarh,Consumer,Completed,Debit Card
O002042,2024-03-12,C00233,South,Kochi,Consumer,Completed,Credit Card
O002043,2024-11-21,C00577,East,Bhubaneswar,Home Office,Completed,Wallet
O002044,2024-03-24,C00680,North,Chandigarh,Home Office,Cancelled,Debit Card
O002045,2024-04-11,C00081,West,Pune,Corporate,Returned,Debit Card
O002046,2025-04-11,C00605,East,Patna,Consumer,Completed,UPI
O002047,2025-03-16,C00490,South,Hyderabad,Consumer,Completed,Debit Card
O002048,2025-03-24,C00386,North,Jaipur,Corporate,Completed,UPI
O002049,2023-03-11,C00417,North,Delhi,Consumer,Completed,Net Banking
O002050,2024-09-25,C00078,East,Guwahati,Consumer,Completed,UPI
O002051,2023-06-20,C00345,West,Mumbai,Consumer,Completed,Debit Card
O002052,2025-06-30,C00560,East,Kolkata,Corporate,Completed,UPI
O002053,2025-04-11,C00133,West,Surat,Corporate,Completed,Debit Card
O002054,2023-06-20,C00409,East,Bhubaneswar,Consumer,Cancelled,Credit Card
O002055,2025-06-15,C00382,East,Guwahati,Home Office,Completed,UPI
O002056,2023-11-20,C00537,North,Jaipur,Consumer,Completed,Debit Card
O002057,2024-06-15,C00090,East,Guwahati,Consumer,Completed,Net Banking
O002058,2024-08-01,C00091,North,Jaipur,Home Office,Completed,Net Banking
O002059,2024-01-27,C00029,North,Chandigarh,Corporate,Completed,Wallet
O002060,2025-01-19,C00187,North,Lucknow,Consumer,Completed,UPI
O002061,2023-01-20,C00006,West,Pune,Home Office,Completed,Wallet
O002062,2023-08-31,C00458,West,Surat,Consumer,Completed,Credit Card
O002063,2025-05-27,C00622,West,Surat,Consumer,Completed,Debit Card
O002064,2023-05-12,C00157,South,Hyderabad,Consumer,Completed,UPI
O002065,2024-03-29,C00624,South,Hyderabad,Consumer,Completed,Credit Card
O002066,2025-02-04,C00212,West,Surat,Corporate,Completed,UPI
O002067,2023-05-02,C00745,North,Chandigarh,Consumer,Completed,UPI
O002068,2023-02-09,C00420,West,Ahmedabad,Home Office,Completed,Wallet
O002069,2023-05-01,C00330,South,Bengaluru,Consumer,Completed,Debit Card
O002070,2023-04-01,C00048,West,Pune,Home Office,Completed,Credit Card
O002071,2024-03-22,C00342,South,Hyderabad,Consumer,Completed,Debit Card
O002072,2024-04-05,C00603,North,Delhi,Consumer,Completed,Credit Card
O002073,2024-11-15,C00674,North,Delhi,Corporate,Completed,UPI
O002074,2025-10-07,C00630,South,Bengaluru,Consumer,Completed,Credit Card
O002075,2024-08-08,C00561,East,Kolkata,Consumer,Completed,UPI
O002076,2024-01-18,C00101,North,Delhi,Corporate,Completed,Credit Card
O002077,2024-09-22,C00355,South,Bengaluru,Corporate,Completed,UPI
O002078,2023-03-23,C00444,North,Jaipur,Consumer,Completed,Credit Card
O002079,2023-01-12,C00441,South,Bengaluru,Consumer,Returned,Debit Card
O002080,2024-05-12,C00284,South,Hyderabad,Consumer,Completed,Net Banking
O002081,2025-03-15,C00244,North,Lucknow,Consumer,Completed,UPI
O002082,2024-07-30,C00339,South,Kochi,Consumer,Completed,Wallet
O002083,2025-07-12,C00269,West,Ahmedabad,Consumer,Completed,Credit Card
O002084,2025-05-17,C00383,East,Bhubaneswar,Corporate,Completed,Credit Card
O002085,2025-05-08,C00367,East,Kolkata,Consumer,Completed,Credit Card
O002086,2025-07-26,C00374,South,Kochi,Consumer,Completed,Net Banking
O002087,2025-08-06,C00016,West,Ahmedabad,Consumer,Completed,Debit Card
O002088,2023-11-28,C00591,East,Kolkata,Consumer,Completed,Credit Card
O002089,2023-07-22,C00251,West,Ahmedabad,Consumer,Completed,Wallet
O002090,2023-09-12,C00738,East,Kolkata,Consumer,Completed,Wallet
O002091,2023-07-13,C00170,East,Bhubaneswar,Consumer,Completed,Credit Card
O002092,2025-01-30,C00389,North,Delhi,Consumer,Completed,Debit Card
O002093,2025-08-07,C00082,North,Delhi,Consumer,Completed,Wallet
O002094,2025-11-24,C00228,South,Chennai,Home Office,Completed,Credit Card
O002095,2025-09-07,C00236,East,Patna,Consumer,Completed,Wallet
O002096,2025-02-07,C00661,West,Surat,Consumer,Completed,Credit Card
O002097,2025-11-08,C00344,East,Kolkata,Consumer,Returned,UPI
O002098,2025-11-18,C00162,West,Ahmedabad,Corporate,Completed,Credit Card
O002099,2024-03-13,C00360,West,Surat,Consumer,Completed,Credit Card
O002100,2023-10-05,C00421,North,Chandigarh,Consumer,Completed,Credit Card
O002101,2023-09-27,C00252,South,Kochi,Consumer,Completed,Wallet
O002102,2024-02-06,C00705,East,Bhubaneswar,Consumer,Completed,Credit Card
O002103,2023-03-15,C00456,North,Delhi,Consumer,Returned,Credit Card
O002104,2024-03-24,C00099,West,Ahmedabad,Consumer,Completed,UPI
O002105,2024-05-14,C00481,South,Chennai,Corporate,Completed,Credit Card
O002106,2025-10-27,C00593,West,Pune,Home Office,Completed,UPI
O002107,2024-12-06,C00282,North,Jaipur,Consumer,Completed,Wallet
O002108,2023-07-16,C00064,South,Hyderabad,Consumer,Completed,Credit Card
O002109,2023-07-03,C00601,East,Bhubaneswar,Consumer,Completed,UPI
O002110,2025-08-19,C00270,East,Guwahati,Home Office,Completed,Credit Card
O002111,2025-12-23,C00311,East,Guwahati,Consumer,Completed,Wallet
O002112,2024-07-19,C00360,West,Surat,Consumer,Completed,Wallet
O002113,2023-06-16,C00057,East,Bhubaneswar,Consumer,Completed,Debit Card
O002114,2025-04-11,C00691,North,Delhi,Consumer,Completed,Net Banking
O002115,2025-08-01,C00427,South,Chennai,Home Office,Completed,Wallet
O002116,2025-11-14,C00522,North,Chandigarh,Consumer,Completed,Credit Card
O002117,2024-09-19,C00029,North,Chandigarh,Corporate,Completed,UPI
O002118,2024-09-11,C00706,West,Pune,Consumer,Completed,Credit Card
O002119,2025-02-28,C00071,South,Kochi,Consumer,Completed,Debit Card
O002120,2023-10-28,C00279,South,Hyderabad,Home Office,Completed,Debit Card
O002121,2024-10-18,C00714,East,Guwahati,Home Office,Completed,UPI
O002122,2025-12-29,C00727,East,Patna,Home Office,Completed,Credit Card
O002123,2024-09-29,C00071,South,Kochi,Consumer,Completed,Credit Card
O002124,2024-02-16,C00344,East,Kolkata,Consumer,Completed,Debit Card
O002125,2025-08-01,C00528,East,Kolkata,Consumer,Completed,Debit Card
O002126,2024-02-19,C00679,South,Chennai,Consumer,Completed,Wallet
O002127,2025-10-19,C00456,North,Delhi,Consumer,Completed,Net Banking
O002128,2025-03-10,C00121,North,Jaipur,Corporate,Completed,Debit Card
O002129,2024-11-18,C00395,West,Mumbai,Consumer,Completed,UPI
O002130,2025-06-01,C00131,West,Ahmedabad,Corporate,Completed,Debit Card
O002131,2024-08-07,C00342,South,Hyderabad,Consumer,Completed,Wallet
O002132,2024-11-11,C00081,West,Pune,Corporate,Completed,Net Banking
O002133,2024-09-10,C00718,North,Delhi,Corporate,Completed,Debit Card
O002134,2023-10-07,C00283,East,Bhubaneswar,Home Office,Completed,Credit Card
O002135,2025-02-27,C00203,West,Ahmedabad,Corporate,Completed,Debit Card
O002136,2024-02-05,C00736,South,Kochi,Corporate,Completed,UPI
O002137,2024-09-08,C00221,South,Bengaluru,Corporate,Completed,Net Banking
O002138,2024-03-26,C00117,West,Surat,Consumer,Completed,UPI
O002139,2023-03-03,C00594,West,Mumbai,Consumer,Completed,Debit Card
O002140,2023-12-09,C00286,South,Bengaluru,Consumer,Completed,UPI
O002141,2024-07-29,C00027,South,Kochi,Consumer,Completed,Debit Card
O002142,2023-12-27,C00395,West,Mumbai,Consumer,Completed,Net Banking
O002143,2023-04-10,C00302,East,Guwahati,Corporate,Completed,UPI
O002144,2025-12-19,C00475,North,Chandigarh,Consumer,Completed,Net Banking
O002145,2025-08-05,C00529,South,Hyderabad,Home Office,Completed,Credit Card
O002146,2024-02-04,C00164,West,Surat,Consumer,Completed,UPI
O002147,2025-01-01,C00226,South,Bengaluru,Corporate,Completed,Debit Card
O002148,2024-10-28,C00257,West,Mumbai,Home Office,Completed,Credit Card
O002149,2023-05-15,C00094,East,Kolkata,Consumer,Completed,Credit Card
O002150,2023-09-03,C00311,East,Guwahati,Consumer,Completed,Wallet
O002151,2023-09-10,C00479,South,Kochi,Consumer,Completed,Net Banking
O002152,2023-12-03,C00721,West,Pune,Consumer,Completed,UPI
O002153,2024-01-17,C00622,West,Surat,Consumer,Completed,Credit Card
O002154,2025-02-03,C00151,West,Ahmedabad,Consumer,Completed,Credit Card
O002155,2023-11-05,C00694,North,Delhi,Consumer,Completed,Wallet
O002156,2023-12-23,C00002,North,Jaipur,Consumer,Completed,Credit Card
O002157,2024-12-26,C00685,West,Ahmedabad,Consumer,Completed,UPI
O002158,2025-08-19,C00318,South,Kochi,Consumer,Completed,Net Banking
O002159,2023-04-04,C00678,North,Lucknow,Consumer,Completed,Wallet
O002160,2023-11-21,C00715,East,Patna,Consumer,Completed,Wallet
O002161,2024-03-31,C00630,South,Bengaluru,Consumer,Completed,Net Banking
O002162,2025-06-09,C00100,North,Lucknow,Consumer,Completed,Net Banking
O002163,2024-06-21,C00684,North,Jaipur,Consumer,Completed,Credit Card
O002164,2023-11-09,C00262,South,Kochi,Corporate,Completed,UPI
O002165,2024-08-21,C00427,South,Chennai,Home Office,Completed,Wallet
O002166,2023-11-12,C00737,East,Patna,Consumer,Completed,Net Banking
O002167,2024-01-10,C00626,North,Jaipur,Corporate,Completed,Net Banking
O002168,2024-05-11,C00076,West,Surat,Corporate,Completed,UPI
O002169,2025-12-24,C00075,West,Pune,Consumer,Completed,Credit Card
O002170,2023-01-13,C00064,South,Hyderabad,Consumer,Completed,UPI
O002171,2024-10-25,C00549,South,Kochi,Consumer,Completed,UPI
O002172,2025-11-07,C00272,East,Guwahati,Corporate,Completed,UPI
O002173,2025-01-10,C00605,East,Patna,Consumer,Completed,UPI
O002174,2025-01-24,C00175,East,Bhubaneswar,Corporate,Returned,UPI
O002175,2024-12-01,C00031,North,Lucknow,Consumer,Completed,Wallet
O002176,2025-02-08,C00568,South,Bengaluru,Consumer,Completed,Debit Card
O002177,2024-01-14,C00183,South,Kochi,Consumer,Completed,UPI
O002178,2024-06-03,C00504,East,Patna,Consumer,Returned,UPI
O002179,2025-10-13,C00015,East,Guwahati,Consumer,Completed,Wallet
O002180,2024-05-13,C00217,North,Chandigarh,Home Office,Completed,Net Banking
O002181,2025-04-11,C00244,North,Lucknow,Consumer,Completed,UPI
O002182,2023-12-04,C00705,East,Bhubaneswar,Consumer,Completed,Credit Card
O002183,2023-09-28,C00173,East,Bhubaneswar,Consumer,Completed,Net Banking
O002184,2024-11-25,C00139,East,Bhubaneswar,Consumer,Returned,Credit Card
O002185,2024-09-24,C00604,South,Kochi,Corporate,Completed,Net Banking
O002186,2024-11-04,C00508,North,Delhi,Consumer,Completed,Wallet
O002187,2024-11-16,C00061,South,Kochi,Home Office,Completed,UPI
O002188,2024-12-15,C00709,West,Pune,Corporate,Completed,Net Banking
O002189,2023-01-15,C00268,South,Kochi,Consumer,Completed,Net Banking
O002190,2024-09-19,C00700,East,Patna,Home Office,Completed,Net Banking
O002191,2024-09-01,C00026,North,Chandigarh,Consumer,Completed,UPI
O002192,2025-05-09,C00236,East,Patna,Consumer,Completed,Debit Card
O002193,2023-03-09,C00323,North,Lucknow,Home Office,Completed,Credit Card
O002194,2025-08-21,C00537,North,Jaipur,Consumer,Completed,Debit Card
O002195,2025-05-23,C00727,East,Patna,Home Office,Returned,Wallet
O002196,2025-01-03,C00494,North,Chandigarh,Home Office,Completed,Credit Card
O002197,2023-04-12,C00582,South,Bengaluru,Consumer,Completed,Debit Card
O002198,2023-08-14,C00588,West,Ahmedabad,Consumer,Completed,Credit Card
O002199,2025-05-23,C00516,South,Bengaluru,Consumer,Returned,Wallet
O002200,2024-08-16,C00639,South,Chennai,Consumer,Completed,Debit Card
O002201,2025-04-27,C00299,East,Kolkata,Home Office,Completed,Debit Card
O002202,2024-03-29,C00333,East,Kolkata,Corporate,Completed,Debit Card
O002203,2023-09-06,C00459,South,Chennai,Consumer,Completed,Wallet
O002204,2024-05-11,C00387,North,Delhi,Corporate,Completed,Wallet
O002205,2024-07-06,C00357,West,Surat,Corporate,Completed,Wallet
O002206,2023-12-17,C00369,East,Patna,Corporate,Completed,Wallet
O002207,2025-09-03,C00149,South,Bengaluru,Corporate,Completed,Wallet
O002208,2024-07-06,C00450,South,Chennai,Corporate,Completed,Wallet
O002209,2025-07-01,C00336,East,Guwahati,Consumer,Completed,Net Banking
O002210,2023-03-30,C00577,East,Bhubaneswar,Home Office,Completed,Debit Card
O002211,2025-04-25,C00696,East,Patna,Consumer,Completed,Credit Card
O002212,2023-03-18,C00459,South,Chennai,Consumer,Completed,Net Banking
O002213,2024-09-15,C00305,West,Surat,Consumer,Completed,Credit Card
O002214,2023-04-22,C00287,West,Mumbai,Consumer,Completed,UPI
O002215,2024-02-22,C00723,South,Bengaluru,Consumer,Completed,Wallet
O002216,2025-03-13,C00314,North,Chandigarh,Corporate,Completed,Net Banking
O002217,2023-01-05,C00202,East,Guwahati,Home Office,Completed,Wallet
O002218,2024-03-23,C00210,North,Chandigarh,Consumer,Completed,Net Banking
O002219,2024-03-29,C00167,South,Chennai,Home Office,Completed,Debit Card
O002220,2023-04-09,C00373,West,Pune,Corporate,Completed,Credit Card
O002221,2023-03-10,C00179,East,Guwahati,Home Office,Completed,UPI
O002222,2023-02-08,C00024,North,Lucknow,Consumer,Completed,Net Banking
O002223,2025-10-30,C00540,East,Bhubaneswar,Consumer,Completed,Wallet
O002224,2024-10-04,C00654,South,Kochi,Consumer,Completed,Credit Card
O002225,2023-07-03,C00379,East,Bhubaneswar,Consumer,Returned,Net Banking
O002226,2024-06-23,C00267,West,Pune,Home Office,Completed,Debit Card
O002227,2023-04-30,C00134,East,Patna,Consumer,Completed,Debit Card
O002228,2023-04-07,C00262,South,Kochi,Corporate,Completed,Debit Card
O002229,2025-05-14,C00416,South,Kochi,Consumer,Completed,Credit Card
O002230,2024-02-12,C00530,North,Chandigarh,Consumer,Completed,Credit Card
O002231,2023-01-20,C00063,East,Kolkata,Corporate,Completed,UPI
O002232,2024-03-17,C00538,West,Pune,Home Office,Completed,Credit Card
O002233,2024-06-03,C00365,East,Guwahati,Corporate,Completed,UPI
O002234,2025-05-26,C00521,West,Pune,Home Office,Completed,Net Banking
O002235,2024-12-12,C00539,North,Jaipur,Consumer,Completed,Credit Card
O002236,2024-06-13,C00024,North,Lucknow,Consumer,Completed,Credit Card
O002237,2023-04-06,C00308,West,Mumbai,Consumer,Completed,Wallet
O002238,2023-02-03,C00101,North,Delhi,Corporate,Completed,Credit Card
O002239,2024-08-22,C00328,South,Kochi,Consumer,Completed,Net Banking
O002240,2024-06-14,C00400,East,Patna,Consumer,Completed,Net Banking
O002241,2025-10-11,C00597,West,Ahmedabad,Consumer,Completed,Credit Card
O002242,2024-06-24,C00364,West,Ahmedabad,Consumer,Completed,Wallet
O002243,2025-06-21,C00334,South,Chennai,Consumer,Completed,Debit Card
O002244,2025-11-01,C00615,West,Mumbai,Consumer,Completed,Debit Card
O002245,2024-06-05,C00691,North,Delhi,Consumer,Completed,Wallet
O002246,2023-06-06,C00140,West,Mumbai,Consumer,Completed,Net Banking
O002247,2025-11-17,C00451,West,Mumbai,Home Office,Completed,Wallet
O002248,2023-04-13,C00016,West,Ahmedabad,Consumer,Completed,UPI
O002249,2025-09-19,C00303,North,Delhi,Consumer,Completed,Credit Card
O002250,2023-11-06,C00156,East,Bhubaneswar,Consumer,Completed,Debit Card
O002251,2023-12-31,C00099,West,Ahmedabad,Consumer,Completed,Net Banking
O002252,2024-06-05,C00619,West,Pune,Consumer,Completed,UPI
O002253,2025-01-08,C00697,North,Delhi,Corporate,Completed,Debit Card
O002254,2025-02-22,C00307,East,Patna,Consumer,Completed,Credit Card
O002255,2024-02-19,C00278,West,Ahmedabad,Corporate,Completed,Wallet
O002256,2025-10-19,C00011,North,Chandigarh,Corporate,Completed,Wallet
O002257,2025-02-12,C00469,East,Bhubaneswar,Consumer,Completed,Net Banking
O002258,2025-10-14,C00515,North,Chandigarh,Consumer,Completed,Credit Card
O002259,2023-11-24,C00342,South,Hyderabad,Consumer,Completed,Net Banking
O002260,2023-06-14,C00571,West,Mumbai,Consumer,Completed,Debit Card
O002261,2023-11-19,C00423,North,Jaipur,Consumer,Completed,Net Banking
O002262,2024-03-23,C00315,South,Bengaluru,Corporate,Completed,Wallet
O002263,2025-04-03,C00294,East,Guwahati,Consumer,Completed,Credit Card
O002264,2025-04-16,C00712,South,Chennai,Corporate,Completed,Credit Card
O002265,2023-03-29,C00216,South,Chennai,Corporate,Completed,Wallet
O002266,2025-11-19,C00212,West,Surat,Corporate,Completed,UPI
O002267,2024-04-01,C00557,East,Kolkata,Home Office,Completed,Wallet
O002268,2024-04-04,C00221,South,Bengaluru,Corporate,Completed,Credit Card
O002269,2023-07-13,C00304,North,Delhi,Home Office,Completed,UPI
O002270,2025-02-01,C00288,South,Kochi,Consumer,Completed,Net Banking
O002271,2024-09-02,C00054,East,Bhubaneswar,Consumer,Completed,Wallet
O002272,2023-04-30,C00025,North,Chandigarh,Consumer,Returned,UPI
O002273,2023-03-29,C00742,South,Kochi,Consumer,Completed,Wallet
O002274,2025-09-10,C00088,North,Lucknow,Consumer,Completed,Net Banking
O002275,2025-04-02,C00292,West,Mumbai,Corporate,Completed,UPI
O002276,2025-06-10,C00037,West,Surat,Consumer,Completed,Credit Card
O002277,2025-06-12,C00748,North,Delhi,Consumer,Completed,UPI
O002278,2024-08-05,C00572,West,Surat,Consumer,Completed,UPI
O002279,2024-07-30,C00329,North,Chandigarh,Home Office,Completed,UPI
O002280,2023-07-04,C00557,East,Kolkata,Home Office,Completed,Wallet
O002281,2024-07-22,C00557,East,Kolkata,Home Office,Completed,Credit Card
O002282,2023-08-16,C00002,North,Jaipur,Consumer,Completed,Net Banking
O002283,2023-02-12,C00137,North,Chandigarh,Consumer,Completed,Debit Card
O002284,2024-02-07,C00698,North,Delhi,Consumer,Completed,UPI
O002285,2023-01-08,C00084,East,Bhubaneswar,Consumer,Completed,Debit Card
O002286,2024-05-15,C00432,South,Kochi,Home Office,Completed,Credit Card
O002287,2025-05-05,C00457,South,Hyderabad,Home Office,Completed,UPI
O002288,2025-07-12,C00151,West,Ahmedabad,Consumer,Completed,Net Banking
O002289,2025-06-12,C00205,North,Jaipur,Corporate,Completed,Wallet
O002290,2025-02-28,C00333,East,Kolkata,Corporate,Completed,Net Banking
O002291,2023-06-20,C00502,East,Bhubaneswar,Consumer,Completed,Net Banking
O002292,2023-12-29,C00270,East,Guwahati,Home Office,Completed,UPI
O002293,2023-01-02,C00147,North,Chandigarh,Home Office,Completed,Wallet
O002294,2023-11-09,C00230,South,Chennai,Consumer,Completed,Debit Card
O002295,2024-01-18,C00146,West,Pune,Consumer,Completed,Debit Card
O002296,2023-02-10,C00333,East,Kolkata,Corporate,Completed,UPI
O002297,2023-03-30,C00027,South,Kochi,Consumer,Completed,Wallet
O002298,2023-12-09,C00641,North,Delhi,Corporate,Completed,Debit Card
O002299,2024-05-21,C00245,West,Mumbai,Consumer,Completed,Net Banking
O002300,2025-10-27,C00189,West,Pune,Consumer,Completed,Debit Card
O002301,2024-12-17,C00352,West,Mumbai,Home Office,Completed,Net Banking
O002302,2025-02-10,C00560,East,Kolkata,Corporate,Completed,Net Banking
O002303,2023-12-16,C00453,East,Patna,Consumer,Completed,Wallet
O002304,2023-11-29,C00371,West,Surat,Consumer,Completed,UPI
O002305,2025-06-29,C00093,East,Kolkata,Consumer,Completed,Net Banking
O002306,2024-07-03,C00666,West,Surat,Consumer,Completed,Debit Card
O002307,2023-05-09,C00309,South,Bengaluru,Home Office,Completed,Wallet
O002308,2025-07-25,C00028,East,Guwahati,Consumer,Completed,Debit Card
O002309,2024-08-05,C00259,South,Hyderabad,Consumer,Completed,Wallet
O002310,2025-10-29,C00435,North,Lucknow,Consumer,Completed,Wallet
O002311,2025-12-28,C00620,North,Jaipur,Consumer,Completed,Debit Card
O002312,2024-08-16,C00724,South,Kochi,Home Office,Completed,Wallet
O002313,2025-03-18,C00125,West,Mumbai,Corporate,Completed,Credit Card
O002314,2025-03-27,C00075,West,Pune,Consumer,Completed,Debit Card
O002315,2023-05-06,C00397,South,Bengaluru,Consumer,Completed,Debit Card
O002316,2025-01-04,C00021,South,Kochi,Consumer,Completed,Wallet
O002317,2024-01-25,C00102,South,Hyderabad,Home Office,Completed,Wallet
O002318,2024-04-30,C00188,South,Bengaluru,Consumer,Completed,UPI
O002319,2024-12-12,C00552,East,Bhubaneswar,Consumer,Completed,Debit Card
O002320,2023-01-27,C00235,East,Kolkata,Corporate,Completed,Net Banking
O002321,2025-04-05,C00584,East,Guwahati,Consumer,Completed,Debit Card
O002322,2024-02-21,C00154,North,Jaipur,Home Office,Returned,Debit Card
O002323,2023-07-18,C00673,East,Patna,Consumer,Completed,Wallet
O002324,2024-08-25,C00341,North,Lucknow,Consumer,Completed,Net Banking
O002325,2023-02-09,C00747,South,Hyderabad,Consumer,Completed,UPI
O002326,2023-03-05,C00514,North,Chandigarh,Corporate,Completed,UPI
O002327,2023-04-08,C00564,East,Kolkata,Consumer,Completed,Debit Card
O002328,2023-09-27,C00446,North,Chandigarh,Consumer,Completed,Debit Card
O002329,2025-05-14,C00089,East,Guwahati,Corporate,Completed,Debit Card
O002330,2023-03-21,C00247,South,Chennai,Corporate,Completed,Debit Card
O002331,2024-12-05,C00249,West,Ahmedabad,Consumer,Completed,Credit Card
O002332,2023-09-13,C00466,North,Delhi,Consumer,Completed,Debit Card
O002333,2025-06-19,C00366,North,Chandigarh,Consumer,Completed,Debit Card
O002334,2024-10-28,C00623,East,Bhubaneswar,Corporate,Completed,Credit Card
O002335,2025-12-30,C00213,West,Surat,Consumer,Completed,Debit Card
O002336,2024-11-13,C00303,North,Delhi,Consumer,Completed,Credit Card
O002337,2023-07-07,C00194,West,Pune,Consumer,Completed,Net Banking
O002338,2025-10-10,C00357,West,Surat,Corporate,Completed,Credit Card
O002339,2024-12-10,C00240,East,Bhubaneswar,Consumer,Completed,Credit Card
O002340,2024-12-10,C00245,West,Mumbai,Consumer,Completed,Net Banking
O002341,2025-01-24,C00275,South,Hyderabad,Consumer,Completed,Wallet
O002342,2023-04-07,C00514,North,Chandigarh,Corporate,Completed,Net Banking
O002343,2024-09-21,C00210,North,Chandigarh,Consumer,Completed,Credit Card
O002344,2024-12-31,C00663,South,Bengaluru,Consumer,Completed,UPI
O002345,2024-12-30,C00524,North,Jaipur,Consumer,Completed,Wallet
O002346,2024-02-21,C00683,North,Chandigarh,Consumer,Completed,UPI
O002347,2024-03-31,C00701,South,Bengaluru,Consumer,Completed,UPI
O002348,2024-02-16,C00524,North,Jaipur,Consumer,Completed,Credit Card
O002349,2025-05-24,C00583,West,Ahmedabad,Corporate,Completed,Debit Card
O002350,2023-12-23,C00626,North,Jaipur,Corporate,Completed,Credit Card
O002351,2023-09-08,C00531,North,Jaipur,Consumer,Completed,Credit Card
O002352,2024-11-01,C00370,South,Kochi,Consumer,Completed,Net Banking
O002353,2025-09-06,C00644,South,Kochi,Consumer,Completed,UPI
O002354,2025-09-08,C00348,West,Surat,Consumer,Completed,Net Banking
O002355,2023-05-14,C00637,East,Kolkata,Home Office,Completed,Net Banking
O002356,2024-06-20,C00003,North,Lucknow,Home Office,Completed,UPI
O002357,2023-04-09,C00305,West,Surat,Consumer,Completed,Wallet
O002358,2024-04-24,C00054,East,Bhubaneswar,Consumer,Completed,Wallet
O002359,2025-04-18,C00365,East,Guwahati,Corporate,Completed,Net Banking
O002360,2024-07-21,C00297,North,Chandigarh,Consumer,Completed,Wallet
O002361,2025-07-26,C00683,North,Chandigarh,Consumer,Completed,Net Banking
O002362,2024-11-03,C00594,West,Mumbai,Consumer,Completed,Wallet
O002363,2023-04-16,C00209,South,Hyderabad,Consumer,Completed,Net Banking
O002364,2023-06-01,C00092,North,Lucknow,Home Office,Completed,Net Banking
O002365,2023-06-17,C00494,North,Chandigarh,Home Office,Completed,Debit Card
O002366,2024-11-04,C00084,East,Bhubaneswar,Consumer,Completed,Wallet
O002367,2023-08-03,C00468,North,Lucknow,Consumer,Completed,Credit Card
O002368,2025-12-17,C00374,South,Kochi,Consumer,Completed,Net Banking
O002369,2023-06-13,C00295,South,Bengaluru,Corporate,Completed,UPI
O002370,2023-12-08,C00592,West,Pune,Corporate,Completed,Debit Card
O002371,2023-07-03,C00584,East,Guwahati,Consumer,Completed,UPI
O002372,2025-08-09,C00716,North,Chandigarh,Corporate,Completed,UPI
O002373,2023-09-07,C00116,South,Kochi,Consumer,Completed,Wallet
O002374,2023-09-15,C00715,East,Patna,Consumer,Returned,UPI
O002375,2024-05-13,C00328,South,Kochi,Consumer,Completed,Wallet
O002376,2023-07-26,C00080,East,Guwahati,Corporate,Completed,Debit Card
O002377,2024-03-10,C00624,South,Hyderabad,Consumer,Completed,Wallet
O002378,2025-10-13,C00546,West,Mumbai,Consumer,Completed,Debit Card
O002379,2025-11-09,C00053,West,Surat,Home Office,Completed,UPI
O002380,2024-11-14,C00071,South,Kochi,Consumer,Returned,Debit Card
O002381,2025-07-11,C00263,East,Kolkata,Corporate,Completed,Net Banking
O002382,2024-05-05,C00431,East,Guwahati,Home Office,Completed,UPI
O002383,2023-07-27,C00530,North,Chandigarh,Consumer,Completed,Wallet
O002384,2023-03-29,C00121,North,Jaipur,Corporate,Completed,Credit Card
O002385,2025-07-24,C00088,North,Lucknow,Consumer,Completed,Net Banking
O002386,2025-04-19,C00575,West,Ahmedabad,Home Office,Completed,Wallet
O002387,2023-06-18,C00019,West,Pune,Consumer,Completed,Net Banking
O002388,2023-06-06,C00481,South,Chennai,Corporate,Completed,Net Banking
O002389,2024-10-24,C00215,East,Kolkata,Consumer,Completed,Debit Card
O002390,2023-03-29,C00156,East,Bhubaneswar,Consumer,Returned,Credit Card
O002391,2023-01-17,C00475,North,Chandigarh,Consumer,Completed,Credit Card
O002392,2025-11-08,C00325,North,Lucknow,Home Office,Completed,UPI
O002393,2025-04-23,C00148,South,Bengaluru,Consumer,Completed,Wallet
O002394,2023-01-08,C00385,East,Patna,Consumer,Completed,Wallet
O002395,2025-11-08,C00310,East,Patna,Consumer,Completed,Debit Card
O002396,2025-07-18,C00390,South,Kochi,Consumer,Completed,Credit Card
O002397,2023-02-13,C00288,South,Kochi,Consumer,Completed,UPI
O002398,2023-08-05,C00742,South,Kochi,Consumer,Completed,UPI
O002399,2024-02-20,C00499,North,Delhi,Home Office,Completed,Wallet
O002400,2023-05-14,C00283,East,Bhubaneswar,Home Office,Completed,Debit Card
O002401,2025-11-14,C00076,West,Surat,Corporate,Completed,Net Banking
O002402,2023-01-29,C00138,West,Ahmedabad,Consumer,Completed,UPI
O002403,2024-12-15,C00749,North,Lucknow,Consumer,Completed,Credit Card
O002404,2023-09-19,C00546,West,Mumbai,Consumer,Completed,UPI
O002405,2024-06-20,C00405,South,Chennai,Home Office,Completed,Credit Card
O002406,2023-06-24,C00071,South,Kochi,Consumer,Completed,UPI
O002407,2024-07-03,C00059,South,Kochi,Consumer,Completed,Debit Card
O002408,2023-07-24,C00082,North,Delhi,Consumer,Completed,Wallet
O002409,2023-06-04,C00517,North,Jaipur,Home Office,Completed,UPI
O002410,2023-10-23,C00690,South,Chennai,Consumer,Completed,Wallet
O002411,2025-08-30,C00423,North,Jaipur,Consumer,Completed,Wallet
O002412,2025-04-13,C00245,West,Mumbai,Consumer,Completed,Net Banking
O002413,2024-09-03,C00463,North,Jaipur,Corporate,Completed,Credit Card
O002414,2023-12-20,C00289,West,Surat,Consumer,Completed,Credit Card
O002415,2024-09-17,C00653,West,Mumbai,Consumer,Completed,Credit Card
O002416,2023-04-13,C00244,North,Lucknow,Consumer,Completed,Credit Card
O002417,2023-04-25,C00179,East,Guwahati,Home Office,Completed,Net Banking
O002418,2023-10-05,C00426,West,Pune,Corporate,Completed,UPI
O002419,2023-01-21,C00060,West,Surat,Corporate,Completed,UPI
O002420,2023-07-16,C00438,West,Ahmedabad,Consumer,Completed,UPI
O002421,2023-02-23,C00126,East,Kolkata,Consumer,Completed,Net Banking
O002422,2023-12-18,C00312,North,Lucknow,Consumer,Completed,UPI
O002423,2025-11-09,C00192,East,Guwahati,Consumer,Completed,Debit Card
O002424,2025-04-14,C00687,South,Hyderabad,Corporate,Cancelled,UPI
O002425,2025-08-28,C00608,South,Bengaluru,Corporate,Completed,Credit Card
O002426,2024-04-06,C00179,East,Guwahati,Home Office,Completed,Credit Card
O002427,2023-07-10,C00510,East,Guwahati,Consumer,Completed,Wallet
O002428,2024-07-06,C00382,East,Guwahati,Home Office,Completed,Wallet
O002429,2024-07-10,C00699,West,Ahmedabad,Consumer,Completed,Net Banking
O002430,2024-01-05,C00733,East,Kolkata,Consumer,Completed,Net Banking
O002431,2024-12-24,C00410,South,Bengaluru,Consumer,Completed,Wallet
O002432,2024-09-06,C00741,East,Kolkata,Home Office,Completed,Debit Card
O002433,2025-01-05,C00485,East,Guwahati,Consumer,Completed,UPI
O002434,2023-08-15,C00693,North,Chandigarh,Consumer,Completed,UPI
O002435,2023-12-16,C00625,East,Bhubaneswar,Home Office,Completed,Net Banking
O002436,2025-05-26,C00400,East,Patna,Consumer,Completed,Net Banking
O002437,2023-05-01,C00607,West,Pune,Consumer,Completed,Credit Card
O002438,2025-06-16,C00618,South,Hyderabad,Consumer,Completed,Net Banking
O002439,2024-08-20,C00289,West,Surat,Consumer,Completed,UPI
O002440,2025-04-06,C00070,North,Jaipur,Consumer,Completed,Credit Card
O002441,2025-03-15,C00585,West,Surat,Consumer,Completed,Debit Card
O002442,2024-04-16,C00359,West,Surat,Home Office,Completed,Net Banking
O002443,2023-03-22,C00086,West,Mumbai,Consumer,Completed,Debit Card
O002444,2024-07-15,C00141,North,Lucknow,Home Office,Completed,Credit Card
O002445,2023-05-16,C00061,South,Kochi,Home Office,Completed,Debit Card
O002446,2023-01-04,C00492,South,Kochi,Consumer,Completed,Net Banking
O002447,2024-05-24,C00658,East,Kolkata,Consumer,Completed,Wallet
O002448,2023-01-10,C00256,East,Guwahati,Consumer,Completed,Wallet
O002449,2023-07-04,C00651,West,Surat,Consumer,Completed,UPI
O002450,2023-07-09,C00178,East,Bhubaneswar,Home Office,Completed,Credit Card
O002451,2023-10-12,C00037,West,Surat,Consumer,Completed,Wallet
O002452,2025-07-30,C00078,East,Guwahati,Consumer,Completed,Debit Card
O002453,2024-09-06,C00691,North,Delhi,Consumer,Completed,Wallet
O002454,2025-05-20,C00650,South,Kochi,Consumer,Completed,Wallet
O002455,2025-11-20,C00606,North,Delhi,Consumer,Completed,Credit Card
O002456,2025-07-01,C00559,East,Patna,Consumer,Completed,Debit Card
O002457,2023-07-09,C00416,South,Kochi,Consumer,Completed,Wallet
O002458,2023-10-17,C00520,North,Lucknow,Consumer,Returned,Debit Card
O002459,2024-02-21,C00075,West,Pune,Consumer,Completed,UPI
O002460,2025-07-03,C00222,West,Surat,Corporate,Completed,Debit Card
O002461,2024-08-03,C00162,West,Ahmedabad,Corporate,Completed,Credit Card
O002462,2023-04-20,C00710,West,Mumbai,Home Office,Completed,UPI
O002463,2023-10-13,C00736,South,Kochi,Corporate,Completed,Wallet
O002464,2024-08-14,C00088,North,Lucknow,Consumer,Completed,UPI
O002465,2025-10-14,C00530,North,Chandigarh,Consumer,Completed,Credit Card
O002466,2025-04-22,C00036,West,Surat,Consumer,Completed,Net Banking
O002467,2023-02-05,C00240,East,Bhubaneswar,Consumer,Completed,Wallet
O002468,2023-10-13,C00411,North,Jaipur,Home Office,Completed,Debit Card
O002469,2024-12-09,C00096,South,Kochi,Corporate,Completed,Wallet
O002470,2023-12-21,C00218,East,Kolkata,Corporate,Completed,Credit Card
O002471,2024-05-11,C00726,North,Chandigarh,Consumer,Completed,Credit Card
O002472,2024-02-15,C00603,North,Delhi,Consumer,Completed,Debit Card
O002473,2025-12-26,C00153,West,Mumbai,Consumer,Completed,Debit Card
O002474,2024-10-01,C00269,West,Ahmedabad,Consumer,Completed,Credit Card
O002475,2025-06-19,C00385,East,Patna,Consumer,Completed,Net Banking
O002476,2023-02-21,C00171,North,Lucknow,Consumer,Completed,Debit Card
O002477,2025-10-19,C00138,West,Ahmedabad,Consumer,Completed,Debit Card
O002478,2024-04-26,C00577,East,Bhubaneswar,Home Office,Returned,Net Banking
O002479,2025-12-31,C00094,East,Kolkata,Consumer,Completed,Credit Card
O002480,2025-07-28,C00110,North,Jaipur,Consumer,Completed,Net Banking
O002481,2025-05-06,C00607,West,Pune,Consumer,Completed,Net Banking
O002482,2023-11-09,C00287,West,Mumbai,Consumer,Completed,Debit Card
O002483,2024-08-23,C00706,West,Pune,Consumer,Completed,Credit Card
O002484,2025-01-10,C00447,South,Kochi,Consumer,Completed,Wallet
O002485,2024-09-13,C00124,East,Bhubaneswar,Home Office,Completed,Credit Card
O002486,2024-10-03,C00334,South,Chennai,Consumer,Completed,UPI
O002487,2023-11-05,C00294,East,Guwahati,Consumer,Completed,Debit Card
O002488,2023-12-02,C00146,West,Pune,Consumer,Completed,Debit Card
O002489,2024-08-02,C00154,North,Jaipur,Home Office,Completed,Wallet
O002490,2025-10-06,C00660,South,Bengaluru,Consumer,Completed,Wallet
O002491,2024-08-11,C00091,North,Jaipur,Home Office,Completed,Wallet
O002492,2025-11-24,C00436,East,Kolkata,Home Office,Completed,Net Banking
O002493,2024-06-15,C00354,North,Chandigarh,Home Office,Completed,Credit Card
O002494,2023-07-06,C00119,East,Kolkata,Consumer,Completed,Debit Card
O002495,2023-06-18,C00045,West,Mumbai,Home Office,Completed,Debit Card
O002496,2025-12-17,C00460,South,Bengaluru,Consumer,Completed,Wallet
O002497,2025-02-27,C00023,North,Jaipur,Home Office,Completed,Credit Card
O002498,2023-08-04,C00195,South,Kochi,Home Office,Completed,UPI
O002499,2023-06-14,C00105,West,Pune,Consumer,Completed,Credit Card
O002500,2024-09-01,C00378,West,Pune,Home Office,Completed,Wallet
O002501,2025-08-13,C00397,South,Bengaluru,Consumer,Completed,Net Banking
O002502,2023-11-15,C00007,East,Bhubaneswar,Corporate,Completed,Debit Card
O002503,2025-08-13,C00029,North,Chandigarh,Corporate,Completed,Credit Card
O002504,2025-06-15,C00243,East,Patna,Home Office,Completed,UPI
O002505,2023-02-16,C00364,West,Ahmedabad,Consumer,Completed,Net Banking
O002506,2025-12-06,C00024,North,Lucknow,Consumer,Completed,Net Banking
O002507,2023-08-05,C00203,West,Ahmedabad,Corporate,Completed,Wallet
O002508,2025-08-20,C00044,East,Kolkata,Consumer,Completed,Net Banking
O002509,2024-05-29,C00228,South,Chennai,Home Office,Completed,Credit Card
O002510,2023-03-24,C00174,East,Guwahati,Corporate,Completed,UPI
O002511,2024-01-08,C00357,West,Surat,Corporate,Completed,Debit Card
O002512,2025-08-11,C00699,West,Ahmedabad,Consumer,Completed,Debit Card
O002513,2024-02-02,C00354,North,Chandigarh,Home Office,Completed,UPI
O002514,2025-03-11,C00255,East,Guwahati,Consumer,Completed,Net Banking
O002515,2024-12-22,C00210,North,Chandigarh,Consumer,Completed,UPI
O002516,2024-05-18,C00063,East,Kolkata,Corporate,Returned,Credit Card
O002517,2023-07-03,C00539,North,Jaipur,Consumer,Completed,Debit Card
O002518,2023-10-25,C00175,East,Bhubaneswar,Corporate,Completed,Debit Card
O002519,2023-04-06,C00326,South,Hyderabad,Consumer,Completed,Credit Card
O002520,2023-08-19,C00319,South,Kochi,Consumer,Completed,Debit Card
O002521,2025-10-27,C00634,South,Hyderabad,Home Office,Completed,Net Banking
O002522,2023-06-02,C00740,South,Hyderabad,Consumer,Completed,UPI
O002523,2025-02-11,C00118,East,Guwahati,Corporate,Completed,Net Banking
O002524,2024-08-18,C00352,West,Mumbai,Home Office,Completed,Wallet
O002525,2024-11-06,C00407,South,Chennai,Corporate,Completed,Debit Card
O002526,2025-10-18,C00634,South,Hyderabad,Home Office,Completed,Net Banking
O002527,2023-09-08,C00083,West,Pune,Consumer,Completed,UPI
O002528,2023-10-08,C00244,North,Lucknow,Consumer,Completed,Wallet
O002529,2025-02-01,C00604,South,Kochi,Corporate,Completed,UPI
O002530,2025-08-03,C00456,North,Delhi,Consumer,Completed,Debit Card
O002531,2024-08-22,C00631,West,Mumbai,Consumer,Completed,Debit Card
O002532,2025-05-15,C00470,North,Chandigarh,Corporate,Completed,Net Banking
O002533,2024-02-21,C00505,West,Pune,Home Office,Completed,Net Banking
O002534,2024-06-23,C00298,West,Surat,Consumer,Completed,UPI
O002535,2024-03-19,C00633,East,Patna,Corporate,Completed,Wallet
O002536,2023-02-02,C00720,East,Bhubaneswar,Consumer,Completed,Debit Card
O002537,2025-07-29,C00530,North,Chandigarh,Consumer,Completed,Debit Card
O002538,2025-03-18,C00708,North,Chandigarh,Corporate,Completed,Wallet
O002539,2025-11-23,C00567,West,Ahmedabad,Consumer,Cancelled,UPI
O002540,2024-02-27,C00062,West,Mumbai,Home Office,Completed,Debit Card
O002541,2023-09-14,C00453,East,Patna,Consumer,Completed,Net Banking
O002542,2023-04-17,C00361,East,Patna,Consumer,Completed,Debit Card
O002543,2025-11-24,C00346,North,Delhi,Consumer,Completed,Wallet
O002544,2023-10-24,C00264,West,Surat,Consumer,Completed,Net Banking
O002545,2024-06-11,C00337,East,Bhubaneswar,Consumer,Completed,UPI
O002546,2025-08-28,C00726,North,Chandigarh,Consumer,Completed,Debit Card
O002547,2023-11-22,C00728,West,Mumbai,Corporate,Completed,Wallet
O002548,2024-06-15,C00185,East,Kolkata,Corporate,Completed,Net Banking
O002549,2023-09-24,C00696,East,Patna,Consumer,Completed,Credit Card
O002550,2025-09-14,C00621,South,Bengaluru,Corporate,Completed,Debit Card
O002551,2025-09-30,C00556,South,Bengaluru,Corporate,Completed,Net Banking
O002552,2023-12-03,C00164,West,Surat,Consumer,Completed,UPI
O002553,2024-08-14,C00185,East,Kolkata,Corporate,Completed,Credit Card
O002554,2023-03-08,C00154,North,Jaipur,Home Office,Completed,Wallet
O002555,2023-01-17,C00408,East,Bhubaneswar,Consumer,Completed,UPI
O002556,2024-01-05,C00624,South,Hyderabad,Consumer,Cancelled,UPI
O002557,2023-07-15,C00159,South,Chennai,Consumer,Completed,UPI
O002558,2023-05-27,C00714,East,Guwahati,Home Office,Completed,UPI
O002559,2025-03-30,C00199,West,Mumbai,Corporate,Completed,Debit Card
O002560,2024-02-11,C00442,North,Jaipur,Corporate,Completed,Debit Card
O002561,2024-07-26,C00685,West,Ahmedabad,Consumer,Completed,Net Banking
O002562,2023-11-24,C00039,South,Hyderabad,Home Office,Completed,Wallet
O002563,2023-03-08,C00023,North,Jaipur,Home Office,Completed,Debit Card
O002564,2024-10-27,C00023,North,Jaipur,Home Office,Completed,Net Banking
O002565,2023-11-20,C00439,East,Guwahati,Corporate,Completed,Net Banking
O002566,2025-05-09,C00379,East,Bhubaneswar,Consumer,Completed,Credit Card
O002567,2024-09-14,C00373,West,Pune,Corporate,Completed,Wallet
O002568,2025-02-04,C00172,West,Surat,Consumer,Completed,Wallet
O002569,2025-06-09,C00368,North,Jaipur,Home Office,Completed,Debit Card
O002570,2025-04-25,C00662,West,Surat,Home Office,Completed,UPI
O002571,2023-12-18,C00656,North,Lucknow,Consumer,Completed,Credit Card
O002572,2023-03-08,C00566,North,Lucknow,Home Office,Completed,Wallet
O002573,2024-04-06,C00447,South,Kochi,Consumer,Completed,Credit Card
O002574,2024-02-27,C00284,South,Hyderabad,Consumer,Returned,UPI
O002575,2023-03-25,C00430,East,Patna,Consumer,Completed,Debit Card
O002576,2024-12-05,C00433,West,Ahmedabad,Consumer,Completed,UPI
O002577,2024-04-07,C00286,South,Bengaluru,Consumer,Completed,Credit Card
O002578,2024-02-01,C00277,East,Patna,Consumer,Completed,Credit Card
O002579,2025-05-23,C00122,East,Kolkata,Home Office,Completed,Wallet
O002580,2024-04-17,C00275,South,Hyderabad,Consumer,Completed,Debit Card
O002581,2023-07-05,C00331,West,Ahmedabad,Consumer,Completed,Debit Card
O002582,2025-03-15,C00567,West,Ahmedabad,Consumer,Completed,Credit Card
O002583,2023-04-26,C00694,North,Delhi,Consumer,Completed,Credit Card
O002584,2023-06-04,C00485,East,Guwahati,Consumer,Completed,UPI
O002585,2025-02-25,C00693,North,Chandigarh,Consumer,Completed,UPI
O002586,2024-02-21,C00269,West,Ahmedabad,Consumer,Completed,Net Banking
O002587,2025-07-03,C00428,South,Chennai,Corporate,Completed,Credit Card
O002588,2025-03-31,C00080,East,Guwahati,Corporate,Completed,Net Banking
O002589,2024-10-14,C00431,East,Guwahati,Home Office,Completed,Net Banking
O002590,2023-07-30,C00191,North,Lucknow,Home Office,Completed,Credit Card
O002591,2023-02-24,C00324,South,Kochi,Consumer,Completed,Wallet
O002592,2024-07-04,C00128,West,Mumbai,Consumer,Completed,Credit Card
O002593,2023-08-05,C00132,North,Delhi,Consumer,Completed,Debit Card
O002594,2023-01-21,C00547,East,Patna,Consumer,Completed,Credit Card
O002595,2023-07-25,C00185,East,Kolkata,Corporate,Completed,Wallet
O002596,2025-06-23,C00563,West,Surat,Consumer,Completed,Wallet
O002597,2023-09-17,C00330,South,Bengaluru,Consumer,Completed,Credit Card
O002598,2023-07-11,C00471,North,Chandigarh,Consumer,Completed,Debit Card
O002599,2023-08-13,C00422,East,Bhubaneswar,Consumer,Completed,Wallet
O002600,2025-09-16,C00096,South,Kochi,Corporate,Completed,Credit Card
O002601,2024-03-03,C00138,West,Ahmedabad,Consumer,Completed,UPI
O002602,2025-01-03,C00496,North,Jaipur,Consumer,Completed,Debit Card
O002603,2025-06-06,C00502,East,Bhubaneswar,Consumer,Completed,Wallet
O002604,2025-01-05,C00612,East,Guwahati,Corporate,Completed,Debit Card
O002605,2025-06-14,C00415,West,Mumbai,Consumer,Completed,Wallet
O002606,2024-06-29,C00386,North,Jaipur,Corporate,Completed,Credit Card
O002607,2025-01-12,C00232,North,Delhi,Consumer,Completed,Debit Card
O002608,2025-02-03,C00535,East,Kolkata,Home Office,Completed,Credit Card
O002609,2023-12-20,C00387,North,Delhi,Corporate,Completed,Debit Card
O002610,2025-04-10,C00105,West,Pune,Consumer,Completed,Credit Card
O002611,2025-04-22,C00601,East,Bhubaneswar,Consumer,Completed,UPI
O002612,2023-07-05,C00495,North,Chandigarh,Home Office,Completed,Wallet
O002613,2023-12-25,C00469,East,Bhubaneswar,Consumer,Completed,Net Banking
O002614,2023-03-23,C00399,East,Patna,Consumer,Completed,Debit Card
O002615,2023-04-18,C00700,East,Patna,Home Office,Completed,UPI
O002616,2024-04-19,C00628,West,Ahmedabad,Corporate,Completed,Credit Card
O002617,2025-01-29,C00677,South,Bengaluru,Corporate,Completed,UPI
O002618,2023-06-27,C00689,West,Surat,Consumer,Completed,Wallet
O002619,2023-10-22,C00427,South,Chennai,Home Office,Completed,UPI
O002620,2025-08-28,C00424,South,Chennai,Home Office,Completed,UPI
O002621,2023-01-31,C00737,East,Patna,Consumer,Completed,UPI
O002622,2025-06-29,C00180,East,Guwahati,Consumer,Completed,Credit Card
O002623,2025-04-20,C00385,East,Patna,Consumer,Completed,Debit Card
O002624,2024-08-02,C00066,West,Surat,Home Office,Returned,UPI
O002625,2025-03-07,C00320,East,Guwahati,Corporate,Completed,Credit Card
O002626,2025-07-30,C00102,South,Hyderabad,Home Office,Completed,Wallet
O002627,2025-01-11,C00329,North,Chandigarh,Home Office,Completed,Credit Card
O002628,2024-05-29,C00178,East,Bhubaneswar,Home Office,Completed,Net Banking
O002629,2023-05-23,C00533,North,Lucknow,Consumer,Completed,UPI
O002630,2023-06-27,C00100,North,Lucknow,Consumer,Completed,Credit Card
O002631,2023-03-26,C00396,West,Mumbai,Corporate,Completed,UPI
O002632,2025-10-13,C00411,North,Jaipur,Home Office,Completed,Credit Card
O002633,2025-10-23,C00394,East,Guwahati,Consumer,Completed,Net Banking
O002634,2023-10-08,C00108,East,Kolkata,Corporate,Completed,Credit Card
O002635,2025-11-22,C00093,East,Kolkata,Consumer,Completed,Wallet
O002636,2024-11-25,C00190,West,Mumbai,Home Office,Completed,Debit Card
O002637,2023-12-24,C00276,North,Chandigarh,Consumer,Completed,Wallet
O002638,2023-02-02,C00298,West,Surat,Consumer,Completed,Net Banking
O002639,2023-04-13,C00046,North,Lucknow,Consumer,Completed,UPI
O002640,2024-08-24,C00110,North,Jaipur,Consumer,Completed,Debit Card
O002641,2024-07-18,C00023,North,Jaipur,Home Office,Completed,UPI
O002642,2025-07-13,C00361,East,Patna,Consumer,Returned,Net Banking
O002643,2023-09-27,C00173,East,Bhubaneswar,Consumer,Completed,UPI
O002644,2025-01-23,C00493,North,Chandigarh,Corporate,Completed,Wallet
O002645,2023-03-10,C00250,West,Mumbai,Consumer,Completed,Wallet
O002646,2024-09-22,C00683,North,Chandigarh,Consumer,Completed,Wallet
O002647,2025-02-27,C00746,North,Chandigarh,Consumer,Returned,Net Banking
O002648,2023-03-10,C00498,North,Lucknow,Consumer,Completed,Net Banking
O002649,2024-06-30,C00345,West,Mumbai,Consumer,Completed,Credit Card
O002650,2023-02-15,C00280,South,Hyderabad,Home Office,Completed,Credit Card
O002651,2024-01-10,C00137,North,Chandigarh,Consumer,Completed,Wallet
O002652,2024-07-29,C00235,East,Kolkata,Corporate,Completed,Net Banking
O002653,2024-11-04,C00065,East,Kolkata,Home Office,Completed,UPI
O002654,2025-03-04,C00508,North,Delhi,Consumer,Completed,Credit Card
O002655,2025-11-20,C00393,South,Chennai,Consumer,Completed,Debit Card
O002656,2024-10-22,C00536,South,Bengaluru,Consumer,Completed,Net Banking
O002657,2023-06-09,C00731,West,Surat,Home Office,Completed,Net Banking
O002658,2024-02-26,C00040,North,Chandigarh,Consumer,Completed,Credit Card
O002659,2023-01-31,C00092,North,Lucknow,Home Office,Completed,Wallet
O002660,2023-06-14,C00348,West,Surat,Consumer,Completed,UPI
O002661,2023-11-12,C00060,West,Surat,Corporate,Completed,Credit Card
O002662,2025-08-07,C00693,North,Chandigarh,Consumer,Completed,Wallet
O002663,2025-05-16,C00139,East,Bhubaneswar,Consumer,Completed,UPI
O002664,2024-02-27,C00713,North,Jaipur,Consumer,Completed,UPI
O002665,2024-05-01,C00536,South,Bengaluru,Consumer,Completed,Wallet
O002666,2025-05-07,C00443,East,Kolkata,Consumer,Cancelled,UPI
O002667,2024-11-27,C00606,North,Delhi,Consumer,Completed,Debit Card
O002668,2024-05-17,C00559,East,Patna,Consumer,Completed,UPI
O002669,2025-08-12,C00467,North,Jaipur,Corporate,Completed,UPI
O002670,2025-03-02,C00351,North,Chandigarh,Consumer,Completed,UPI
O002671,2024-12-04,C00585,West,Surat,Consumer,Completed,Wallet
O002672,2023-10-18,C00472,South,Bengaluru,Home Office,Completed,Debit Card
O002673,2023-03-29,C00146,West,Pune,Consumer,Completed,Wallet
O002674,2023-03-06,C00693,North,Chandigarh,Consumer,Completed,Credit Card
O002675,2025-04-03,C00587,North,Jaipur,Home Office,Completed,Wallet
O002676,2023-12-23,C00615,West,Mumbai,Consumer,Completed,UPI
O002677,2025-07-26,C00166,East,Guwahati,Consumer,Completed,Debit Card
O002678,2024-01-12,C00745,North,Chandigarh,Consumer,Completed,Wallet
O002679,2023-01-05,C00076,West,Surat,Corporate,Completed,Wallet
O002680,2025-02-27,C00006,West,Pune,Home Office,Completed,UPI
O002681,2025-12-22,C00069,South,Chennai,Home Office,Completed,Credit Card
O002682,2025-05-12,C00583,West,Ahmedabad,Corporate,Completed,Debit Card
O002683,2024-03-23,C00695,North,Chandigarh,Home Office,Completed,Credit Card
O002684,2024-06-02,C00508,North,Delhi,Consumer,Completed,Net Banking
O002685,2023-01-13,C00686,North,Delhi,Corporate,Completed,Credit Card
O002686,2024-09-02,C00125,West,Mumbai,Corporate,Completed,Wallet
O002687,2023-02-08,C00489,West,Surat,Consumer,Completed,Debit Card
O002688,2024-05-24,C00703,South,Hyderabad,Consumer,Completed,Net Banking
O002689,2025-04-09,C00197,West,Pune,Consumer,Completed,Net Banking
O002690,2023-01-02,C00113,South,Hyderabad,Consumer,Completed,Debit Card
O002691,2023-09-30,C00064,South,Hyderabad,Consumer,Completed,Net Banking
O002692,2024-06-07,C00453,East,Patna,Consumer,Completed,Debit Card
O002693,2024-07-24,C00151,West,Ahmedabad,Consumer,Returned,Debit Card
O002694,2025-11-10,C00390,South,Kochi,Consumer,Completed,Debit Card
O002695,2024-07-20,C00556,South,Bengaluru,Corporate,Completed,Net Banking
O002696,2025-04-05,C00582,South,Bengaluru,Consumer,Completed,UPI
O002697,2023-09-22,C00478,South,Chennai,Consumer,Completed,Credit Card
O002698,2023-10-04,C00061,South,Kochi,Home Office,Completed,Wallet
O002699,2023-09-21,C00616,North,Delhi,Corporate,Completed,Net Banking
O002700,2025-04-15,C00268,South,Kochi,Consumer,Completed,Wallet
O002701,2023-11-13,C00694,North,Delhi,Consumer,Completed,Wallet
O002702,2025-09-04,C00166,East,Guwahati,Consumer,Completed,Credit Card
O002703,2025-02-01,C00086,West,Mumbai,Consumer,Completed,Debit Card
O002704,2024-05-20,C00258,North,Lucknow,Consumer,Completed,Credit Card
O002705,2023-06-23,C00648,North,Delhi,Corporate,Completed,UPI
O002706,2023-05-17,C00394,East,Guwahati,Consumer,Completed,Net Banking
O002707,2025-03-27,C00121,North,Jaipur,Corporate,Completed,UPI
O002708,2024-09-16,C00541,North,Delhi,Consumer,Completed,Wallet
O002709,2023-05-25,C00715,East,Patna,Consumer,Completed,Wallet
O002710,2025-10-12,C00009,East,Bhubaneswar,Consumer,Completed,UPI
O002711,2025-06-09,C00201,North,Jaipur,Consumer,Completed,Credit Card
O002712,2024-08-30,C00604,South,Kochi,Corporate,Completed,Credit Card
O002713,2024-04-23,C00105,West,Pune,Consumer,Completed,Net Banking
O002714,2025-05-23,C00253,South,Chennai,Corporate,Completed,Debit Card
O002715,2025-03-31,C00266,East,Bhubaneswar,Home Office,Completed,Wallet
O002716,2023-03-11,C00586,West,Ahmedabad,Consumer,Completed,UPI
O002717,2023-06-24,C00747,South,Hyderabad,Consumer,Completed,Wallet
O002718,2025-04-16,C00187,North,Lucknow,Consumer,Completed,Debit Card
O002719,2025-09-10,C00425,West,Mumbai,Consumer,Completed,Debit Card
O002720,2023-01-14,C00719,South,Hyderabad,Consumer,Completed,Debit Card
O002721,2023-09-04,C00328,South,Kochi,Consumer,Completed,Net Banking
O002722,2024-10-08,C00006,West,Pune,Home Office,Completed,Credit Card
O002723,2023-04-03,C00226,South,Bengaluru,Corporate,Completed,Wallet
O002724,2023-05-26,C00085,West,Pune,Consumer,Completed,Credit Card
O002725,2024-09-02,C00587,North,Jaipur,Home Office,Completed,Net Banking
O002726,2024-08-09,C00719,South,Hyderabad,Consumer,Completed,Net Banking
O002727,2025-12-30,C00208,North,Delhi,Corporate,Completed,UPI
O002728,2025-08-21,C00721,West,Pune,Consumer,Completed,UPI
O002729,2025-08-23,C00051,North,Chandigarh,Home Office,Returned,Debit Card
O002730,2023-07-03,C00708,North,Chandigarh,Corporate,Completed,Wallet
O002731,2024-12-11,C00626,North,Jaipur,Corporate,Completed,Wallet
O002732,2023-05-31,C00543,East,Patna,Consumer,Completed,UPI
O002733,2023-07-15,C00523,West,Mumbai,Consumer,Completed,Wallet
O002734,2025-03-14,C00695,North,Chandigarh,Home Office,Completed,UPI
O002735,2025-10-04,C00026,North,Chandigarh,Consumer,Completed,Debit Card
O002736,2023-08-29,C00143,North,Lucknow,Consumer,Returned,Wallet
O002737,2023-11-03,C00415,West,Mumbai,Consumer,Completed,Credit Card
O002738,2023-03-23,C00191,North,Lucknow,Home Office,Completed,Wallet
O002739,2025-03-28,C00587,North,Jaipur,Home Office,Completed,Net Banking
O002740,2025-12-29,C00544,East,Kolkata,Consumer,Completed,Net Banking
O002741,2024-08-01,C00226,South,Bengaluru,Corporate,Completed,Credit Card
O002742,2024-12-02,C00672,East,Bhubaneswar,Consumer,Completed,Wallet
O002743,2025-11-04,C00683,North,Chandigarh,Consumer,Completed,UPI
O002744,2023-12-11,C00363,West,Pune,Consumer,Completed,Debit Card
O002745,2024-03-31,C00445,East,Bhubaneswar,Corporate,Completed,Credit Card
O002746,2025-03-09,C00530,North,Chandigarh,Consumer,Completed,Wallet
O002747,2024-11-24,C00310,East,Patna,Consumer,Completed,Net Banking
O002748,2023-03-08,C00076,West,Surat,Corporate,Completed,Credit Card
O002749,2023-10-28,C00062,West,Mumbai,Home Office,Completed,Net Banking
O002750,2025-09-04,C00666,West,Surat,Consumer,Completed,Wallet
O002751,2023-10-09,C00233,South,Kochi,Consumer,Completed,Net Banking
O002752,2025-03-04,C00659,East,Patna,Home Office,Completed,Debit Card
O002753,2024-04-20,C00552,East,Bhubaneswar,Consumer,Completed,Net Banking
O002754,2025-07-07,C00727,East,Patna,Home Office,Completed,UPI
O002755,2024-11-08,C00477,West,Mumbai,Consumer,Completed,Net Banking
O002756,2024-06-28,C00040,North,Chandigarh,Consumer,Completed,UPI
O002757,2023-08-31,C00146,West,Pune,Consumer,Completed,Debit Card
O002758,2023-11-20,C00078,East,Guwahati,Consumer,Completed,Credit Card
O002759,2023-08-18,C00099,West,Ahmedabad,Consumer,Completed,Wallet
O002760,2025-12-28,C00524,North,Jaipur,Consumer,Completed,Net Banking
O002761,2024-08-27,C00142,East,Patna,Corporate,Completed,Credit Card
O002762,2023-03-31,C00277,East,Patna,Consumer,Completed,Debit Card
O002763,2024-08-07,C00278,West,Ahmedabad,Corporate,Completed,Wallet
O002764,2025-03-08,C00125,West,Mumbai,Corporate,Completed,Debit Card
O002765,2024-11-07,C00708,North,Chandigarh,Corporate,Completed,Debit Card
O002766,2023-11-02,C00393,South,Chennai,Consumer,Completed,Credit Card
O002767,2025-04-16,C00043,South,Chennai,Consumer,Completed,Wallet
O002768,2025-05-16,C00360,West,Surat,Consumer,Completed,Credit Card
O002769,2025-05-13,C00390,South,Kochi,Consumer,Completed,Debit Card
O002770,2025-10-29,C00444,North,Jaipur,Consumer,Completed,UPI
O002771,2025-06-22,C00105,West,Pune,Consumer,Completed,Net Banking
O002772,2025-10-14,C00609,South,Hyderabad,Consumer,Completed,Wallet
O002773,2024-10-30,C00555,South,Hyderabad,Home Office,Completed,Debit Card
O002774,2024-03-13,C00023,North,Jaipur,Home Office,Completed,Net Banking
O002775,2023-04-22,C00357,West,Surat,Corporate,Completed,UPI
O002776,2025-12-10,C00294,East,Guwahati,Consumer,Completed,Wallet
O002777,2024-03-15,C00070,North,Jaipur,Consumer,Completed,Credit Card
O002778,2024-02-03,C00591,East,Kolkata,Consumer,Completed,Net Banking
O002779,2023-01-15,C00733,East,Kolkata,Consumer,Completed,Credit Card
O002780,2025-09-06,C00096,South,Kochi,Corporate,Completed,UPI
O002781,2024-01-16,C00744,South,Chennai,Consumer,Completed,Credit Card
O002782,2024-03-20,C00322,South,Bengaluru,Consumer,Completed,Wallet
O002783,2025-09-08,C00405,South,Chennai,Home Office,Completed,Net Banking
O002784,2024-08-15,C00730,East,Patna,Consumer,Completed,Credit Card
O002785,2024-10-21,C00407,South,Chennai,Corporate,Completed,Net Banking
O002786,2025-02-09,C00528,East,Kolkata,Consumer,Completed,Net Banking
O002787,2024-04-29,C00282,North,Jaipur,Consumer,Completed,Debit Card
O002788,2023-10-16,C00252,South,Kochi,Consumer,Completed,Debit Card
O002789,2023-01-01,C00559,East,Patna,Consumer,Completed,Credit Card
O002790,2025-11-23,C00414,East,Bhubaneswar,Consumer,Completed,UPI
O002791,2025-12-11,C00108,East,Kolkata,Corporate,Completed,Debit Card
O002792,2023-06-22,C00277,East,Patna,Consumer,Completed,Net Banking
O002793,2023-04-28,C00509,South,Bengaluru,Corporate,Completed,Credit Card
O002794,2023-09-12,C00138,West,Ahmedabad,Consumer,Completed,Debit Card
O002795,2024-05-18,C00486,North,Chandigarh,Corporate,Completed,Net Banking
O002796,2023-11-05,C00625,East,Bhubaneswar,Home Office,Completed,Net Banking
O002797,2023-02-27,C00272,East,Guwahati,Corporate,Completed,Debit Card
O002798,2024-10-03,C00547,East,Patna,Consumer,Completed,UPI
O002799,2023-03-18,C00362,North,Jaipur,Corporate,Completed,Net Banking
O002800,2024-07-07,C00579,West,Mumbai,Consumer,Completed,Debit Card
O002801,2025-11-02,C00075,West,Pune,Consumer,Completed,Net Banking
O002802,2023-11-24,C00044,East,Kolkata,Consumer,Completed,Wallet
O002803,2024-12-31,C00332,West,Ahmedabad,Consumer,Completed,UPI
O002804,2024-08-02,C00395,West,Mumbai,Consumer,Completed,Credit Card
O002805,2023-08-02,C00676,South,Bengaluru,Consumer,Completed,Net Banking
O002806,2024-07-22,C00676,South,Bengaluru,Consumer,Completed,Net Banking
O002807,2023-03-12,C00499,North,Delhi,Home Office,Completed,Debit Card
O002808,2024-03-01,C00167,South,Chennai,Home Office,Completed,Debit Card
O002809,2024-03-19,C00136,West,Mumbai,Consumer,Completed,Debit Card
O002810,2025-02-19,C00558,South,Chennai,Consumer,Completed,Wallet
O002811,2025-12-28,C00512,South,Hyderabad,Home Office,Completed,UPI
O002812,2023-05-30,C00014,West,Ahmedabad,Consumer,Completed,Credit Card
O002813,2023-10-09,C00114,West,Surat,Home Office,Completed,Debit Card
O002814,2025-03-25,C00699,West,Ahmedabad,Consumer,Completed,Wallet
O002815,2025-10-23,C00523,West,Mumbai,Consumer,Completed,Wallet
O002816,2024-08-17,C00004,East,Bhubaneswar,Corporate,Completed,UPI
O002817,2024-02-14,C00452,South,Kochi,Consumer,Completed,Net Banking
O002818,2024-07-09,C00266,East,Bhubaneswar,Home Office,Completed,Net Banking
O002819,2025-06-27,C00726,North,Chandigarh,Consumer,Completed,Wallet
O002820,2024-05-09,C00602,East,Guwahati,Corporate,Completed,UPI
O002821,2023-05-02,C00534,East,Patna,Home Office,Completed,UPI
O002822,2023-07-22,C00266,East,Bhubaneswar,Home Office,Completed,Net Banking
O002823,2025-11-03,C00026,North,Chandigarh,Consumer,Completed,Net Banking
O002824,2024-10-22,C00574,South,Hyderabad,Consumer,Completed,Credit Card
O002825,2024-06-05,C00720,East,Bhubaneswar,Consumer,Completed,Net Banking
O002826,2024-11-22,C00477,West,Mumbai,Consumer,Completed,UPI
O002827,2025-04-29,C00259,South,Hyderabad,Consumer,Completed,Credit Card
O002828,2024-06-09,C00253,South,Chennai,Corporate,Completed,Debit Card
O002829,2023-01-11,C00608,South,Bengaluru,Corporate,Completed,Wallet
O002830,2025-04-12,C00166,East,Guwahati,Consumer,Cancelled,UPI
O002831,2023-05-11,C00036,West,Surat,Consumer,Returned,Wallet
O002832,2024-09-02,C00417,North,Delhi,Consumer,Completed,Credit Card
O002833,2023-04-03,C00661,West,Surat,Consumer,Completed,UPI
O002834,2024-07-23,C00176,West,Mumbai,Corporate,Completed,Net Banking
O002835,2023-05-16,C00671,West,Surat,Consumer,Completed,Wallet
O002836,2025-09-24,C00495,North,Chandigarh,Home Office,Completed,Wallet
O002837,2024-07-04,C00284,South,Hyderabad,Consumer,Completed,Wallet
O002838,2023-01-27,C00462,South,Hyderabad,Home Office,Completed,Debit Card
O002839,2025-02-12,C00222,West,Surat,Corporate,Completed,Debit Card
O002840,2025-10-17,C00214,North,Delhi,Corporate,Completed,Wallet
O002841,2023-04-03,C00482,North,Lucknow,Home Office,Returned,Wallet
O002842,2024-05-28,C00042,East,Guwahati,Consumer,Completed,UPI
O002843,2024-04-22,C00490,South,Hyderabad,Consumer,Completed,Wallet
O002844,2023-02-05,C00456,North,Delhi,Consumer,Completed,Wallet
O002845,2025-06-20,C00148,South,Bengaluru,Consumer,Completed,Wallet
O002846,2025-01-18,C00563,West,Surat,Consumer,Completed,Wallet
O002847,2023-11-22,C00609,South,Hyderabad,Consumer,Completed,Wallet
O002848,2024-10-17,C00587,North,Jaipur,Home Office,Completed,Credit Card
O002849,2023-12-11,C00678,North,Lucknow,Consumer,Completed,Wallet
O002850,2024-03-05,C00255,East,Guwahati,Consumer,Returned,UPI
O002851,2025-02-25,C00548,East,Bhubaneswar,Consumer,Completed,UPI
O002852,2025-01-30,C00170,East,Bhubaneswar,Consumer,Completed,UPI
O002853,2025-08-17,C00650,South,Kochi,Consumer,Completed,Debit Card
O002854,2024-11-27,C00518,South,Kochi,Consumer,Completed,Credit Card
O002855,2023-10-01,C00735,South,Bengaluru,Consumer,Completed,UPI
O002856,2023-11-07,C00597,West,Ahmedabad,Consumer,Completed,Wallet
O002857,2025-07-06,C00252,South,Kochi,Consumer,Completed,Net Banking
O002858,2025-07-03,C00270,East,Guwahati,Home Office,Completed,Net Banking
O002859,2025-10-13,C00327,North,Delhi,Consumer,Completed,Wallet
O002860,2023-03-23,C00191,North,Lucknow,Home Office,Completed,Debit Card
O002861,2025-10-08,C00239,North,Jaipur,Consumer,Completed,Net Banking
O002862,2023-12-10,C00287,West,Mumbai,Consumer,Completed,Net Banking
O002863,2025-04-21,C00640,South,Kochi,Consumer,Completed,UPI
O002864,2025-09-07,C00402,West,Ahmedabad,Consumer,Completed,UPI
O002865,2024-01-05,C00013,North,Delhi,Consumer,Completed,UPI
O002866,2024-11-14,C00104,North,Jaipur,Home Office,Completed,Wallet
O002867,2025-12-07,C00098,East,Patna,Home Office,Completed,UPI
O002868,2025-09-27,C00117,West,Surat,Consumer,Completed,Wallet
O002869,2023-03-17,C00019,West,Pune,Consumer,Completed,Wallet
O002870,2023-10-22,C00671,West,Surat,Consumer,Completed,Wallet
O002871,2025-06-13,C00492,South,Kochi,Consumer,Completed,Debit Card
O002872,2023-04-01,C00177,North,Delhi,Consumer,Completed,Net Banking
O002873,2025-11-28,C00422,East,Bhubaneswar,Consumer,Completed,UPI
O002874,2023-12-16,C00098,East,Patna,Home Office,Completed,Net Banking
O002875,2023-03-09,C00718,North,Delhi,Corporate,Completed,Wallet
O002876,2024-03-31,C00067,North,Chandigarh,Corporate,Completed,Debit Card
O002877,2025-11-08,C00018,West,Mumbai,Home Office,Completed,UPI
O002878,2023-11-09,C00135,West,Surat,Consumer,Returned,Wallet
O002879,2023-06-02,C00687,South,Hyderabad,Corporate,Completed,Wallet
O002880,2025-07-03,C00679,South,Chennai,Consumer,Completed,Debit Card
O002881,2024-06-30,C00649,South,Kochi,Home Office,Completed,Net Banking
O002882,2024-08-23,C00427,South,Chennai,Home Office,Completed,Net Banking
O002883,2025-05-25,C00506,East,Bhubaneswar,Consumer,Completed,Credit Card
O002884,2025-10-18,C00647,North,Delhi,Consumer,Completed,Wallet
O002885,2023-10-29,C00186,North,Delhi,Consumer,Completed,UPI
O002886,2023-10-07,C00022,West,Surat,Consumer,Completed,Credit Card
O002887,2024-04-09,C00637,East,Kolkata,Home Office,Completed,Debit Card
O002888,2023-05-22,C00432,South,Kochi,Home Office,Completed,Net Banking
O002889,2025-03-07,C00575,West,Ahmedabad,Home Office,Completed,Debit Card
O002890,2025-02-26,C00466,North,Delhi,Consumer,Completed,Wallet
O002891,2024-12-31,C00348,West,Surat,Consumer,Completed,Wallet
O002892,2023-08-24,C00722,East,Guwahati,Consumer,Completed,Credit Card
O002893,2023-12-06,C00591,East,Kolkata,Consumer,Completed,Debit Card
O002894,2023-07-22,C00179,East,Guwahati,Home Office,Completed,Net Banking
O002895,2025-03-02,C00748,North,Delhi,Consumer,Completed,Credit Card
O002896,2025-09-24,C00483,South,Bengaluru,Consumer,Completed,Credit Card
O002897,2025-04-09,C00264,West,Surat,Consumer,Completed,Credit Card
O002898,2023-02-28,C00606,North,Delhi,Consumer,Completed,UPI
O002899,2025-02-26,C00558,South,Chennai,Consumer,Completed,Net Banking
O002900,2025-07-15,C00254,South,Bengaluru,Consumer,Completed,Net Banking
O002901,2023-06-09,C00330,South,Bengaluru,Consumer,Cancelled,Credit Card
O002902,2024-07-23,C00204,East,Bhubaneswar,Consumer,Completed,Credit Card
O002903,2023-10-01,C00531,North,Jaipur,Consumer,Returned,Net Banking
O002904,2025-05-17,C00176,West,Mumbai,Corporate,Completed,UPI
O002905,2023-07-12,C00095,East,Patna,Consumer,Completed,Debit Card
O002906,2024-07-19,C00080,East,Guwahati,Corporate,Completed,Debit Card
O002907,2023-05-09,C00057,East,Bhubaneswar,Consumer,Completed,Debit Card
O002908,2023-10-14,C00209,South,Hyderabad,Consumer,Completed,Net Banking
O002909,2024-11-16,C00537,North,Jaipur,Consumer,Completed,Net Banking
O002910,2025-02-08,C00653,West,Mumbai,Consumer,Completed,Wallet
O002911,2024-10-24,C00281,South,Chennai,Home Office,Completed,Credit Card
O002912,2024-07-09,C00389,North,Delhi,Consumer,Completed,Credit Card
O002913,2025-12-28,C00464,North,Chandigarh,Corporate,Completed,Net Banking
O002914,2024-08-21,C00605,East,Patna,Consumer,Completed,Wallet
O002915,2025-07-26,C00330,South,Bengaluru,Consumer,Completed,Credit Card
O002916,2023-01-17,C00604,South,Kochi,Corporate,Completed,Net Banking
O002917,2025-10-11,C00061,South,Kochi,Home Office,Completed,UPI
O002918,2023-05-03,C00698,North,Delhi,Consumer,Completed,Credit Card
O002919,2023-06-25,C00730,East,Patna,Consumer,Completed,UPI
O002920,2024-05-27,C00162,West,Ahmedabad,Corporate,Completed,UPI
O002921,2023-01-31,C00737,East,Patna,Consumer,Completed,Wallet
O002922,2025-04-10,C00705,East,Bhubaneswar,Consumer,Completed,Net Banking
O002923,2023-04-19,C00228,South,Chennai,Home Office,Completed,Credit Card
O002924,2025-05-26,C00426,West,Pune,Corporate,Completed,Debit Card
O002925,2024-01-03,C00712,South,Chennai,Corporate,Completed,Credit Card
O002926,2023-04-22,C00125,West,Mumbai,Corporate,Completed,Debit Card
O002927,2023-02-08,C00224,East,Patna,Home Office,Completed,UPI
O002928,2023-07-16,C00332,West,Ahmedabad,Consumer,Completed,Net Banking
O002929,2023-03-17,C00624,South,Hyderabad,Consumer,Completed,Wallet
O002930,2023-10-18,C00061,South,Kochi,Home Office,Returned,Credit Card
O002931,2025-11-29,C00304,North,Delhi,Home Office,Completed,Credit Card
O002932,2023-09-25,C00585,West,Surat,Consumer,Completed,Credit Card
O002933,2023-02-26,C00107,West,Mumbai,Consumer,Completed,UPI
O002934,2023-06-04,C00161,West,Mumbai,Consumer,Completed,Credit Card
O002935,2024-04-02,C00426,West,Pune,Corporate,Completed,Wallet
O002936,2025-02-14,C00297,North,Chandigarh,Consumer,Completed,Net Banking
O002937,2024-08-03,C00721,West,Pune,Consumer,Completed,Net Banking
O002938,2024-09-03,C00274,South,Hyderabad,Corporate,Completed,Wallet
O002939,2025-11-14,C00147,North,Chandigarh,Home Office,Completed,Debit Card
O002940,2024-05-21,C00588,West,Ahmedabad,Consumer,Completed,Credit Card
O002941,2024-07-20,C00079,East,Guwahati,Consumer,Completed,Net Banking
O002942,2024-04-20,C00128,West,Mumbai,Consumer,Completed,Credit Card
O002943,2025-02-24,C00698,North,Delhi,Consumer,Completed,Credit Card
O002944,2025-01-27,C00223,North,Delhi,Consumer,Completed,Debit Card
O002945,2023-08-04,C00726,North,Chandigarh,Consumer,Completed,Credit Card
O002946,2025-04-08,C00030,South,Bengaluru,Consumer,Completed,Debit Card
O002947,2025-03-17,C00570,East,Bhubaneswar,Home Office,Completed,Credit Card
O002948,2025-04-15,C00121,North,Jaipur,Corporate,Completed,Wallet
O002949,2024-11-25,C00691,North,Delhi,Consumer,Completed,Wallet
O002950,2023-11-05,C00075,West,Pune,Consumer,Completed,Net Banking
O002951,2024-02-07,C00219,North,Jaipur,Home Office,Completed,Debit Card
O002952,2025-04-21,C00581,East,Kolkata,Home Office,Completed,UPI
O002953,2025-04-25,C00135,West,Surat,Consumer,Completed,Credit Card
O002954,2023-06-08,C00037,West,Surat,Consumer,Completed,Wallet
O002955,2023-06-20,C00274,South,Hyderabad,Corporate,Completed,Credit Card
O002956,2025-08-03,C00562,North,Delhi,Consumer,Completed,Credit Card
O002957,2025-08-28,C00746,North,Chandigarh,Consumer,Completed,UPI
O002958,2023-07-15,C00538,West,Pune,Home Office,Completed,Wallet
O002959,2023-02-09,C00632,North,Lucknow,Consumer,Completed,UPI
O002960,2023-09-27,C00131,West,Ahmedabad,Corporate,Returned,Net Banking
O002961,2025-03-23,C00487,North,Lucknow,Corporate,Completed,Wallet
O002962,2023-12-03,C00230,South,Chennai,Consumer,Completed,Credit Card
O002963,2023-08-11,C00339,South,Kochi,Consumer,Completed,Debit Card
O002964,2023-01-24,C00743,South,Bengaluru,Home Office,Completed,UPI
O002965,2023-08-13,C00320,East,Guwahati,Corporate,Completed,Debit Card
O002966,2025-07-31,C00742,South,Kochi,Consumer,Completed,UPI
O002967,2025-04-23,C00012,South,Kochi,Corporate,Completed,UPI
O002968,2023-03-09,C00250,West,Mumbai,Consumer,Completed,Wallet
O002969,2023-02-26,C00372,West,Surat,Consumer,Completed,Wallet
O002970,2024-07-11,C00200,West,Mumbai,Home Office,Completed,Credit Card
O002971,2024-07-11,C00287,West,Mumbai,Consumer,Completed,Debit Card
O002972,2025-12-28,C00285,West,Pune,Consumer,Completed,Wallet
O002973,2024-03-19,C00120,East,Kolkata,Corporate,Cancelled,UPI
O002974,2023-08-01,C00157,South,Hyderabad,Consumer,Returned,Wallet
O002975,2023-06-20,C00127,South,Chennai,Corporate,Completed,UPI
O002976,2023-11-05,C00558,South,Chennai,Consumer,Completed,UPI
O002977,2023-03-23,C00089,East,Guwahati,Corporate,Completed,Credit Card
O002978,2024-06-12,C00149,South,Bengaluru,Corporate,Completed,Credit Card
O002979,2023-05-03,C00709,West,Pune,Corporate,Completed,Net Banking
O002980,2023-07-16,C00323,North,Lucknow,Home Office,Completed,Wallet
O002981,2025-02-21,C00189,West,Pune,Consumer,Completed,UPI
O002982,2025-10-11,C00082,North,Delhi,Consumer,Completed,Debit Card
O002983,2023-02-03,C00219,North,Jaipur,Home Office,Completed,UPI
O002984,2024-08-15,C00145,East,Patna,Consumer,Completed,Debit Card
O002985,2024-10-11,C00420,West,Ahmedabad,Home Office,Completed,Wallet
O002986,2024-03-12,C00294,East,Guwahati,Consumer,Completed,Wallet
O002987,2023-05-27,C00633,East,Patna,Corporate,Completed,Net Banking
O002988,2024-09-09,C00453,East,Patna,Consumer,Completed,Wallet
O002989,2024-08-09,C00506,East,Bhubaneswar,Consumer,Completed,Debit Card
O002990,2023-04-09,C00069,South,Chennai,Home Office,Completed,Credit Card
O002991,2024-11-09,C00621,South,Bengaluru,Corporate,Completed,Net Banking
O002992,2023-05-17,C00280,South,Hyderabad,Home Office,Completed,Credit Card
O002993,2024-10-23,C00534,East,Patna,Home Office,Completed,UPI
O002994,2023-10-12,C00579,West,Mumbai,Consumer,Completed,Wallet
O002995,2024-07-19,C00702,West,Pune,Consumer,Completed,Debit Card
O002996,2025-11-03,C00739,South,Bengaluru,Corporate,Completed,Debit Card
O002997,2025-06-05,C00028,East,Guwahati,Consumer,Completed,Debit Card
O002998,2025-10-30,C00001,North,Delhi,Consumer,Completed,UPI
O002999,2025-07-22,C00611,East,Guwahati,Consumer,Completed,Debit Card
O003000,2025-04-09,C00101,North,Delhi,Corporate,Completed,Net Banking
O003001,2023-02-16,C00012,South,Kochi,Corporate,Completed,Debit Card
O003002,2023-08-16,C00206,East,Bhubaneswar,Corporate,Completed,Net Banking
O003003,2024-01-04,C00141,North,Lucknow,Home Office,Completed,UPI
O003004,2023-01-11,C00644,South,Kochi,Consumer,Completed,Net Banking
O003005,2023-05-01,C00607,West,Pune,Consumer,Returned,Credit Card
O003006,2023-10-16,C00504,East,Patna,Consumer,Completed,UPI
O003007,2024-12-20,C00446,North,Chandigarh,Consumer,Completed,Credit Card
O003008,2025-12-13,C00176,West,Mumbai,Corporate,Cancelled,UPI
O003009,2024-07-12,C00685,West,Ahmedabad,Consumer,Completed,Net Banking
O003010,2023-08-26,C00436,East,Kolkata,Home Office,Completed,UPI
O003011,2024-05-19,C00238,East,Bhubaneswar,Corporate,Completed,Debit Card
O003012,2024-02-02,C00090,East,Guwahati,Consumer,Completed,Credit Card
O003013,2023-12-04,C00280,South,Hyderabad,Home Office,Completed,Net Banking
O003014,2023-03-25,C00032,West,Mumbai,Consumer,Completed,Wallet
O003015,2023-02-05,C00703,South,Hyderabad,Consumer,Completed,Debit Card
O003016,2024-05-11,C00601,East,Bhubaneswar,Consumer,Completed,Credit Card
O003017,2025-11-11,C00338,East,Patna,Consumer,Completed,Credit Card
O003018,2023-03-16,C00302,East,Guwahati,Corporate,Completed,Wallet
O003019,2024-04-02,C00270,East,Guwahati,Home Office,Completed,Wallet
O003020,2023-02-21,C00346,North,Delhi,Consumer,Completed,Credit Card
O003021,2023-07-19,C00148,South,Bengaluru,Consumer,Completed,Net Banking
O003022,2024-05-28,C00613,North,Chandigarh,Consumer,Completed,Debit Card
O003023,2024-10-23,C00291,North,Delhi,Consumer,Completed,Net Banking
O003024,2025-05-30,C00020,West,Mumbai,Home Office,Completed,Wallet
O003025,2025-05-28,C00246,East,Guwahati,Consumer,Completed,Debit Card
O003026,2025-05-10,C00199,West,Mumbai,Corporate,Completed,UPI
O003027,2023-06-19,C00123,West,Mumbai,Consumer,Completed,Credit Card
O003028,2025-05-06,C00742,South,Kochi,Consumer,Completed,Credit Card
O003029,2025-01-02,C00177,North,Delhi,Consumer,Completed,Net Banking
O003030,2025-03-27,C00472,South,Bengaluru,Home Office,Completed,Debit Card
O003031,2024-09-09,C00648,North,Delhi,Corporate,Completed,UPI
O003032,2025-12-24,C00158,South,Hyderabad,Consumer,Completed,Credit Card
O003033,2024-03-11,C00668,North,Lucknow,Consumer,Completed,UPI
O003034,2025-07-19,C00002,North,Jaipur,Consumer,Completed,Net Banking
O003035,2023-08-10,C00392,West,Surat,Home Office,Completed,Wallet
O003036,2023-02-28,C00209,South,Hyderabad,Consumer,Completed,Net Banking
O003037,2023-01-31,C00108,East,Kolkata,Corporate,Completed,Credit Card
O003038,2024-03-12,C00115,East,Patna,Consumer,Completed,Wallet
O003039,2024-08-19,C00214,North,Delhi,Corporate,Completed,Debit Card
O003040,2023-10-13,C00063,East,Kolkata,Corporate,Completed,Wallet
O003041,2023-07-05,C00470,North,Chandigarh,Corporate,Completed,Credit Card
O003042,2023-10-12,C00315,South,Bengaluru,Corporate,Completed,Net Banking
O003043,2024-03-05,C00178,East,Bhubaneswar,Home Office,Cancelled,Credit Card
O003044,2024-12-27,C00118,East,Guwahati,Corporate,Returned,UPI
O003045,2025-05-06,C00403,East,Guwahati,Consumer,Completed,Credit Card
O003046,2024-05-13,C00361,East,Patna,Consumer,Completed,Net Banking
O003047,2023-06-23,C00620,North,Jaipur,Consumer,Completed,Wallet
O003048,2024-11-30,C00432,South,Kochi,Home Office,Completed,Debit Card
O003049,2025-10-05,C00468,North,Lucknow,Consumer,Completed,UPI
O003050,2025-07-09,C00623,East,Bhubaneswar,Corporate,Completed,Debit Card
O003051,2024-12-05,C00292,West,Mumbai,Corporate,Returned,Wallet
O003052,2023-06-04,C00504,East,Patna,Consumer,Completed,Debit Card
O003053,2024-05-16,C00432,South,Kochi,Home Office,Completed,Debit Card
O003054,2024-12-23,C00615,West,Mumbai,Consumer,Completed,Net Banking
O003055,2025-10-18,C00364,West,Ahmedabad,Consumer,Completed,Credit Card
O003056,2025-08-22,C00163,West,Mumbai,Consumer,Completed,Wallet
O003057,2023-11-24,C00677,South,Bengaluru,Corporate,Completed,Wallet
O003058,2023-05-03,C00501,West,Mumbai,Consumer,Completed,Net Banking
O003059,2025-09-06,C00569,West,Surat,Consumer,Completed,Net Banking
O003060,2025-05-25,C00639,South,Chennai,Consumer,Completed,Net Banking
O003061,2023-09-10,C00339,South,Kochi,Consumer,Completed,Wallet
O003062,2024-08-05,C00007,East,Bhubaneswar,Corporate,Completed,UPI
O003063,2024-08-08,C00097,East,Guwahati,Consumer,Completed,Credit Card
O003064,2025-07-17,C00608,South,Bengaluru,Corporate,Completed,Credit Card
O003065,2024-05-13,C00005,East,Patna,Consumer,Completed,Wallet
O003066,2025-10-25,C00530,North,Chandigarh,Consumer,Completed,Wallet
O003067,2024-02-18,C00096,South,Kochi,Corporate,Completed,Credit Card
O003068,2025-12-08,C00355,South,Bengaluru,Corporate,Completed,UPI
O003069,2025-03-05,C00388,North,Lucknow,Home Office,Completed,Credit Card
O003070,2025-01-25,C00619,West,Pune,Consumer,Completed,Debit Card
O003071,2024-10-09,C00226,South,Bengaluru,Corporate,Completed,Net Banking
O003072,2024-06-16,C00746,North,Chandigarh,Consumer,Completed,Debit Card
O003073,2024-08-12,C00025,North,Chandigarh,Consumer,Completed,Credit Card
O003074,2024-10-06,C00488,West,Ahmedabad,Home Office,Completed,Wallet
O003075,2024-11-14,C00337,East,Bhubaneswar,Consumer,Completed,Credit Card
O003076,2024-04-18,C00206,East,Bhubaneswar,Corporate,Completed,Credit Card
O003077,2024-06-11,C00643,West,Pune,Consumer,Completed,UPI
O003078,2024-09-08,C00057,East,Bhubaneswar,Consumer,Completed,UPI
O003079,2024-01-17,C00741,East,Kolkata,Home Office,Completed,Net Banking
O003080,2023-01-13,C00046,North,Lucknow,Consumer,Completed,Wallet
O003081,2025-08-07,C00245,West,Mumbai,Consumer,Completed,UPI
O003082,2025-07-28,C00030,South,Bengaluru,Consumer,Completed,Credit Card
O003083,2023-07-11,C00339,South,Kochi,Consumer,Completed,Credit Card
O003084,2024-05-12,C00469,East,Bhubaneswar,Consumer,Completed,UPI
O003085,2024-07-06,C00195,South,Kochi,Home Office,Completed,Net Banking
O003086,2025-06-30,C00293,South,Bengaluru,Home Office,Completed,Credit Card
O003087,2025-12-01,C00391,South,Chennai,Home Office,Completed,Credit Card
O003088,2023-02-25,C00523,West,Mumbai,Consumer,Completed,Wallet
O003089,2024-07-03,C00480,South,Bengaluru,Consumer,Completed,Wallet
O003090,2024-02-21,C00509,South,Bengaluru,Corporate,Completed,Net Banking
O003091,2025-02-19,C00105,West,Pune,Consumer,Completed,Wallet
O003092,2025-04-10,C00410,South,Bengaluru,Consumer,Completed,UPI
O003093,2024-11-18,C00723,South,Bengaluru,Consumer,Completed,UPI
O003094,2025-01-28,C00566,North,Lucknow,Home Office,Completed,Wallet
O003095,2025-01-26,C00296,East,Guwahati,Consumer,Completed,UPI
O003096,2023-06-08,C00430,East,Patna,Consumer,Completed,Net Banking
O003097,2024-12-07,C00020,West,Mumbai,Home Office,Completed,UPI
O003098,2024-08-08,C00597,West,Ahmedabad,Consumer,Completed,Debit Card
O003099,2024-05-10,C00004,East,Bhubaneswar,Corporate,Completed,Debit Card
O003100,2023-06-05,C00475,North,Chandigarh,Consumer,Completed,UPI
O003101,2024-07-16,C00256,East,Guwahati,Consumer,Completed,Wallet
O003102,2023-04-13,C00013,North,Delhi,Consumer,Completed,Net Banking
O003103,2025-11-23,C00434,East,Guwahati,Home Office,Completed,UPI
O003104,2025-04-09,C00606,North,Delhi,Consumer,Completed,UPI
O003105,2025-06-11,C00579,West,Mumbai,Consumer,Completed,Net Banking
O003106,2025-11-25,C00152,East,Guwahati,Corporate,Completed,Net Banking
O003107,2023-05-15,C00383,East,Bhubaneswar,Corporate,Completed,Wallet
O003108,2024-02-29,C00368,North,Jaipur,Home Office,Completed,UPI
O003109,2024-12-13,C00371,West,Surat,Consumer,Completed,Credit Card
O003110,2024-05-21,C00547,East,Patna,Consumer,Completed,Credit Card
O003111,2025-03-05,C00614,North,Chandigarh,Consumer,Completed,Net Banking
O003112,2024-11-17,C00588,West,Ahmedabad,Consumer,Completed,Net Banking
O003113,2024-03-02,C00426,West,Pune,Corporate,Completed,Credit Card
O003114,2025-11-21,C00495,North,Chandigarh,Home Office,Completed,Net Banking
O003115,2025-05-30,C00698,North,Delhi,Consumer,Completed,Debit Card
O003116,2023-05-06,C00140,West,Mumbai,Consumer,Completed,Debit Card
O003117,2025-05-23,C00009,East,Bhubaneswar,Consumer,Completed,Net Banking
O003118,2024-01-26,C00209,South,Hyderabad,Consumer,Completed,UPI
O003119,2025-07-24,C00188,South,Bengaluru,Consumer,Completed,Net Banking
O003120,2025-08-18,C00147,North,Chandigarh,Home Office,Completed,Wallet
O003121,2024-08-22,C00053,West,Surat,Home Office,Completed,Wallet
O003122,2025-03-09,C00087,South,Kochi,Home Office,Completed,Net Banking
O003123,2023-06-19,C00155,North,Lucknow,Consumer,Completed,Debit Card
O003124,2023-10-16,C00147,North,Chandigarh,Home Office,Completed,UPI
O003125,2024-12-15,C00457,South,Hyderabad,Home Office,Completed,Wallet
O003126,2025-05-24,C00650,South,Kochi,Consumer,Completed,Net Banking
O003127,2024-12-17,C00329,North,Chandigarh,Home Office,Completed,Credit Card
O003128,2024-08-11,C00032,West,Mumbai,Consumer,Completed,Debit Card
O003129,2023-10-11,C00413,East,Patna,Corporate,Completed,Net Banking
O003130,2023-02-13,C00598,North,Delhi,Consumer,Completed,Net Banking
O003131,2023-04-13,C00743,South,Bengaluru,Home Office,Completed,Debit Card
O003132,2023-03-18,C00651,West,Surat,Consumer,Completed,Credit Card
O003133,2025-05-08,C00632,North,Lucknow,Consumer,Completed,Debit Card
O003134,2024-03-03,C00567,West,Ahmedabad,Consumer,Completed,Wallet
O003135,2024-02-21,C00183,South,Kochi,Consumer,Completed,Credit Card
O003136,2025-01-03,C00364,West,Ahmedabad,Consumer,Completed,Net Banking
O003137,2025-08-24,C00222,West,Surat,Corporate,Completed,Wallet
O003138,2025-04-26,C00637,East,Kolkata,Home Office,Completed,Net Banking
O003139,2023-10-12,C00138,West,Ahmedabad,Consumer,Completed,Credit Card
O003140,2025-10-17,C00561,East,Kolkata,Consumer,Completed,Wallet
O003141,2025-03-12,C00609,South,Hyderabad,Consumer,Completed,UPI
O003142,2024-10-16,C00304,North,Delhi,Home Office,Completed,Credit Card
O003143,2025-10-11,C00151,West,Ahmedabad,Consumer,Completed,Net Banking
O003144,2024-03-20,C00528,East,Kolkata,Consumer,Completed,Credit Card
O003145,2023-01-27,C00432,South,Kochi,Home Office,Completed,Wallet
O003146,2023-04-18,C00409,East,Bhubaneswar,Consumer,Completed,Wallet
O003147,2023-08-22,C00512,South,Hyderabad,Home Office,Completed,UPI
O003148,2023-12-22,C00161,West,Mumbai,Consumer,Returned,Wallet
O003149,2024-01-04,C00719,South,Hyderabad,Consumer,Completed,Debit Card
O003150,2024-03-27,C00159,South,Chennai,Consumer,Completed,Net Banking
O003151,2023-12-15,C00225,West,Mumbai,Consumer,Completed,Wallet
O003152,2023-05-17,C00216,South,Chennai,Corporate,Returned,Debit Card
O003153,2025-07-28,C00617,East,Kolkata,Consumer,Returned,Credit Card
O003154,2023-05-31,C00654,South,Kochi,Consumer,Completed,Credit Card
O003155,2023-01-18,C00334,South,Chennai,Consumer,Completed,Debit Card
O003156,2023-10-13,C00235,East,Kolkata,Corporate,Completed,Wallet
O003157,2024-04-21,C00585,West,Surat,Consumer,Completed,UPI
O003158,2025-04-10,C00692,North,Chandigarh,Consumer,Completed,Net Banking
O003159,2023-09-14,C00535,East,Kolkata,Home Office,Completed,Credit Card
O003160,2025-06-04,C00359,West,Surat,Home Office,Completed,Net Banking
O003161,2023-11-27,C00059,South,Kochi,Consumer,Completed,Wallet
O003162,2023-01-23,C00731,West,Surat,Home Office,Completed,Net Banking
O003163,2024-10-27,C00369,East,Patna,Corporate,Completed,Wallet
O003164,2023-01-02,C00118,East,Guwahati,Corporate,Completed,Wallet
O003165,2023-08-06,C00376,East,Guwahati,Consumer,Completed,Net Banking
O003166,2023-11-08,C00348,West,Surat,Consumer,Returned,UPI
O003167,2024-01-20,C00400,East,Patna,Consumer,Completed,Debit Card
O003168,2023-09-13,C00612,East,Guwahati,Corporate,Completed,Wallet
O003169,2024-01-21,C00341,North,Lucknow,Consumer,Completed,Debit Card
O003170,2025-03-22,C00559,East,Patna,Consumer,Completed,UPI
O003171,2023-08-22,C00236,East,Patna,Consumer,Completed,UPI
O003172,2023-01-09,C00182,West,Pune,Consumer,Completed,Credit Card
O003173,2025-12-06,C00538,West,Pune,Home Office,Completed,Credit Card
O003174,2024-11-27,C00146,West,Pune,Consumer,Completed,UPI
O003175,2025-04-02,C00004,East,Bhubaneswar,Corporate,Completed,Credit Card
O003176,2024-01-23,C00620,North,Jaipur,Consumer,Completed,Wallet
O003177,2023-02-02,C00737,East,Patna,Consumer,Completed,Net Banking
O003178,2024-02-05,C00496,North,Jaipur,Consumer,Completed,Credit Card
O003179,2025-02-27,C00513,East,Guwahati,Corporate,Completed,Net Banking
O003180,2025-01-14,C00315,South,Bengaluru,Corporate,Completed,Debit Card
O003181,2023-02-20,C00617,East,Kolkata,Consumer,Completed,Debit Card
O003182,2024-09-16,C00139,East,Bhubaneswar,Consumer,Completed,Net Banking
O003183,2025-10-12,C00520,North,Lucknow,Consumer,Completed,Credit Card
O003184,2025-01-11,C00327,North,Delhi,Consumer,Completed,UPI
O003185,2024-07-28,C00218,East,Kolkata,Corporate,Completed,Wallet
O003186,2025-05-07,C00470,North,Chandigarh,Corporate,Completed,Debit Card
O003187,2025-11-03,C00102,South,Hyderabad,Home Office,Completed,Debit Card
O003188,2025-05-28,C00707,East,Kolkata,Consumer,Completed,Net Banking
O003189,2024-09-05,C00425,West,Mumbai,Consumer,Completed,Net Banking
O003190,2025-08-26,C00595,South,Chennai,Corporate,Completed,Wallet
O003191,2024-08-18,C00169,North,Jaipur,Home Office,Completed,Wallet
O003192,2024-03-23,C00421,North,Chandigarh,Consumer,Completed,Net Banking
O003193,2024-11-21,C00134,East,Patna,Consumer,Completed,Wallet
O003194,2024-07-05,C00030,South,Bengaluru,Consumer,Completed,UPI
O003195,2025-07-26,C00728,West,Mumbai,Corporate,Completed,Wallet
O003196,2024-02-06,C00559,East,Patna,Consumer,Completed,Net Banking
O003197,2023-10-18,C00022,West,Surat,Consumer,Completed,UPI
O003198,2023-05-10,C00200,West,Mumbai,Home Office,Completed,UPI
O003199,2024-12-26,C00656,North,Lucknow,Consumer,Completed,Debit Card
O003200,2023-02-17,C00562,North,Delhi,Consumer,Returned,Credit Card
O003201,2023-05-13,C00052,North,Chandigarh,Consumer,Completed,Credit Card
O003202,2024-04-03,C00378,West,Pune,Home Office,Completed,UPI
O003203,2023-08-17,C00158,South,Hyderabad,Consumer,Completed,Debit Card
O003204,2023-12-08,C00171,North,Lucknow,Consumer,Completed,Wallet
O003205,2025-06-08,C00558,South,Chennai,Consumer,Completed,UPI
O003206,2025-12-08,C00113,South,Hyderabad,Consumer,Completed,Debit Card
O003207,2024-12-14,C00404,North,Jaipur,Consumer,Completed,UPI
O003208,2023-06-15,C00123,West,Mumbai,Consumer,Completed,Debit Card
O003209,2024-12-05,C00387,North,Delhi,Corporate,Completed,Wallet
O003210,2023-08-09,C00096,South,Kochi,Corporate,Completed,Net Banking
O003211,2023-07-15,C00742,South,Kochi,Consumer,Completed,Credit Card
O003212,2025-05-21,C00209,South,Hyderabad,Consumer,Completed,UPI
O003213,2025-11-18,C00627,West,Surat,Consumer,Completed,Net Banking
O003214,2023-11-24,C00088,North,Lucknow,Consumer,Completed,Net Banking
O003215,2024-05-07,C00275,South,Hyderabad,Consumer,Completed,Wallet
O003216,2024-11-19,C00450,South,Chennai,Corporate,Completed,Credit Card
O003217,2025-05-07,C00177,North,Delhi,Consumer,Completed,Credit Card
O003218,2024-03-16,C00590,East,Guwahati,Consumer,Completed,Wallet
O003219,2025-12-22,C00202,East,Guwahati,Home Office,Completed,Credit Card
O003220,2023-12-26,C00082,North,Delhi,Consumer,Completed,Wallet
O003221,2023-05-11,C00290,West,Mumbai,Consumer,Completed,Debit Card
O003222,2024-06-13,C00307,East,Patna,Consumer,Completed,Credit Card
O003223,2024-09-04,C00024,North,Lucknow,Consumer,Completed,UPI
O003224,2023-03-20,C00748,North,Delhi,Consumer,Completed,Net Banking
O003225,2023-09-01,C00147,North,Chandigarh,Home Office,Completed,Wallet
O003226,2023-08-23,C00258,North,Lucknow,Consumer,Completed,UPI
O003227,2025-07-14,C00010,West,Ahmedabad,Consumer,Completed,Net Banking
O003228,2023-10-17,C00428,South,Chennai,Corporate,Completed,Wallet
O003229,2024-05-19,C00413,East,Patna,Corporate,Completed,Net Banking
O003230,2024-03-22,C00210,North,Chandigarh,Consumer,Completed,Debit Card
O003231,2023-10-08,C00047,West,Surat,Corporate,Completed,Wallet
O003232,2023-06-15,C00212,West,Surat,Corporate,Completed,Debit Card
O003233,2023-04-15,C00574,South,Hyderabad,Consumer,Returned,Net Banking
O003234,2025-12-02,C00742,South,Kochi,Consumer,Completed,Debit Card
O003235,2024-12-10,C00213,West,Surat,Consumer,Completed,UPI
O003236,2024-02-26,C00202,East,Guwahati,Home Office,Completed,Debit Card
O003237,2024-09-01,C00236,East,Patna,Consumer,Completed,Net Banking
O003238,2025-10-31,C00044,East,Kolkata,Consumer,Completed,Credit Card
O003239,2025-07-03,C00137,North,Chandigarh,Consumer,Completed,UPI
O003240,2024-05-14,C00716,North,Chandigarh,Corporate,Completed,Debit Card
O003241,2023-11-24,C00682,North,Jaipur,Consumer,Completed,Debit Card
O003242,2024-04-28,C00524,North,Jaipur,Consumer,Completed,UPI
O003243,2025-03-03,C00112,East,Kolkata,Home Office,Completed,UPI
O003244,2024-05-01,C00746,North,Chandigarh,Consumer,Completed,Net Banking
O003245,2024-05-17,C00534,East,Patna,Home Office,Completed,Debit Card
O003246,2025-09-22,C00178,East,Bhubaneswar,Home Office,Completed,Debit Card
O003247,2023-09-23,C00343,North,Lucknow,Corporate,Completed,UPI
O003248,2025-08-28,C00257,West,Mumbai,Home Office,Completed,Wallet
O003249,2024-10-18,C00174,East,Guwahati,Corporate,Completed,Wallet
O003250,2023-06-14,C00499,North,Delhi,Home Office,Completed,Debit Card
O003251,2025-05-10,C00532,South,Hyderabad,Consumer,Completed,UPI
O003252,2024-01-17,C00302,East,Guwahati,Corporate,Completed,UPI
O003253,2025-10-23,C00102,South,Hyderabad,Home Office,Completed,Net Banking
O003254,2025-02-20,C00232,North,Delhi,Consumer,Completed,UPI
O003255,2024-02-05,C00464,North,Chandigarh,Corporate,Completed,UPI
O003256,2023-12-06,C00602,East,Guwahati,Corporate,Completed,UPI
O003257,2024-09-10,C00332,West,Ahmedabad,Consumer,Completed,Net Banking
O003258,2025-05-18,C00180,East,Guwahati,Consumer,Completed,UPI
O003259,2023-05-27,C00719,South,Hyderabad,Consumer,Completed,UPI
O003260,2025-02-06,C00657,East,Patna,Corporate,Completed,Net Banking
O003261,2025-12-25,C00055,South,Hyderabad,Consumer,Completed,Wallet
O003262,2025-03-04,C00185,East,Kolkata,Corporate,Completed,Wallet
O003263,2024-04-18,C00593,West,Pune,Home Office,Completed,Wallet
O003264,2024-04-11,C00564,East,Kolkata,Consumer,Completed,Debit Card
O003265,2024-01-06,C00337,East,Bhubaneswar,Consumer,Completed,Wallet
O003266,2023-08-21,C00036,West,Surat,Consumer,Completed,Wallet
O003267,2024-04-01,C00176,West,Mumbai,Corporate,Completed,Net Banking
O003268,2023-10-25,C00124,East,Bhubaneswar,Home Office,Completed,UPI
O003269,2023-06-29,C00086,West,Mumbai,Consumer,Completed,Net Banking
O003270,2023-04-20,C00052,North,Chandigarh,Consumer,Completed,Wallet
O003271,2024-05-31,C00447,South,Kochi,Consumer,Completed,UPI
O003272,2024-10-08,C00337,East,Bhubaneswar,Consumer,Completed,Net Banking
O003273,2024-11-18,C00708,North,Chandigarh,Corporate,Completed,Debit Card
O003274,2025-04-12,C00154,North,Jaipur,Home Office,Completed,Net Banking
O003275,2025-01-20,C00663,South,Bengaluru,Consumer,Completed,Net Banking
O003276,2024-09-16,C00533,North,Lucknow,Consumer,Completed,UPI
O003277,2024-03-08,C00419,South,Chennai,Home Office,Completed,Wallet
O003278,2023-04-20,C00328,South,Kochi,Consumer,Returned,UPI
O003279,2023-08-22,C00359,West,Surat,Home Office,Completed,Debit Card
O003280,2024-01-22,C00632,North,Lucknow,Consumer,Completed,Credit Card
O003281,2025-05-13,C00603,North,Delhi,Consumer,Completed,Wallet
O003282,2023-03-17,C00543,East,Patna,Consumer,Completed,Credit Card
O003283,2025-01-01,C00232,North,Delhi,Consumer,Completed,Debit Card
O003284,2025-05-12,C00736,South,Kochi,Corporate,Completed,UPI
O003285,2023-11-10,C00447,South,Kochi,Consumer,Completed,Debit Card
O003286,2023-08-05,C00551,South,Hyderabad,Consumer,Completed,Credit Card
O003287,2024-10-22,C00059,South,Kochi,Consumer,Completed,Net Banking
O003288,2025-05-12,C00141,North,Lucknow,Home Office,Completed,Credit Card
O003289,2025-04-11,C00193,North,Jaipur,Consumer,Completed,Debit Card
O003290,2024-06-12,C00328,South,Kochi,Consumer,Completed,Debit Card
O003291,2024-10-13,C00182,West,Pune,Consumer,Completed,Credit Card
O003292,2023-01-18,C00079,East,Guwahati,Consumer,Completed,Wallet
O003293,2023-04-05,C00598,North,Delhi,Consumer,Completed,Wallet
O003294,2025-08-09,C00403,East,Guwahati,Consumer,Completed,Wallet
O003295,2023-12-27,C00104,North,Jaipur,Home Office,Completed,UPI
O003296,2025-05-07,C00404,North,Jaipur,Consumer,Completed,Credit Card
O003297,2025-08-21,C00072,South,Hyderabad,Consumer,Completed,Credit Card
O003298,2023-09-05,C00180,East,Guwahati,Consumer,Completed,Credit Card
O003299,2024-09-17,C00145,East,Patna,Consumer,Completed,Debit Card
O003300,2023-07-12,C00304,North,Delhi,Home Office,Completed,UPI
O003301,2025-04-23,C00399,East,Patna,Consumer,Completed,Debit Card
O003302,2023-01-30,C00077,South,Kochi,Home Office,Completed,Debit Card
O003303,2024-08-17,C00564,East,Kolkata,Consumer,Completed,Debit Card
O003304,2023-11-15,C00032,West,Mumbai,Consumer,Completed,Wallet
O003305,2024-09-22,C00485,East,Guwahati,Consumer,Completed,UPI
O003306,2023-08-30,C00569,West,Surat,Consumer,Completed,Net Banking
O003307,2024-07-15,C00644,South,Kochi,Consumer,Completed,Debit Card
O003308,2025-10-10,C00459,South,Chennai,Consumer,Completed,Credit Card
O003309,2025-08-15,C00188,South,Bengaluru,Consumer,Completed,Debit Card
O003310,2024-10-27,C00719,South,Hyderabad,Consumer,Completed,Wallet
O003311,2023-12-26,C00056,West,Mumbai,Consumer,Returned,Net Banking
O003312,2025-06-05,C00315,South,Bengaluru,Corporate,Completed,Credit Card
O003313,2024-12-11,C00333,East,Kolkata,Corporate,Completed,Wallet
O003314,2024-01-28,C00406,South,Chennai,Consumer,Completed,Debit Card
O003315,2023-09-17,C00694,North,Delhi,Consumer,Completed,UPI
O003316,2025-02-14,C00517,North,Jaipur,Home Office,Completed,Debit Card
O003317,2025-04-19,C00342,South,Hyderabad,Consumer,Completed,Wallet
O003318,2024-04-16,C00606,North,Delhi,Consumer,Completed,Net Banking
O003319,2024-06-05,C00254,South,Bengaluru,Consumer,Completed,Debit Card
O003320,2023-12-26,C00346,North,Delhi,Consumer,Completed,Wallet
O003321,2024-11-06,C00082,North,Delhi,Consumer,Completed,UPI
O003322,2024-12-12,C00118,East,Guwahati,Corporate,Completed,Wallet
O003323,2025-02-03,C00250,West,Mumbai,Consumer,Completed,UPI
O003324,2024-05-24,C00143,North,Lucknow,Consumer,Completed,Debit Card
O003325,2024-10-31,C00038,East,Guwahati,Consumer,Completed,Debit Card
O003326,2023-04-02,C00376,East,Guwahati,Consumer,Completed,Credit Card
O003327,2023-01-10,C00077,South,Kochi,Home Office,Completed,Debit Card
O003328,2023-10-07,C00311,East,Guwahati,Consumer,Completed,Net Banking
O003329,2025-02-11,C00316,West,Pune,Corporate,Completed,Wallet
O003330,2024-06-12,C00181,South,Hyderabad,Consumer,Completed,UPI
O003331,2025-06-06,C00662,West,Surat,Home Office,Completed,UPI
O003332,2023-06-15,C00593,West,Pune,Home Office,Completed,Debit Card
O003333,2025-07-06,C00319,South,Kochi,Consumer,Completed,Net Banking
O003334,2025-06-04,C00243,East,Patna,Home Office,Completed,Wallet
O003335,2025-05-15,C00302,East,Guwahati,Corporate,Completed,Credit Card
O003336,2024-02-23,C00139,East,Bhubaneswar,Consumer,Completed,Wallet
O003337,2025-06-09,C00542,West,Ahmedabad,Consumer,Completed,Debit Card
O003338,2024-10-25,C00440,North,Delhi,Consumer,Completed,Debit Card
O003339,2023-04-04,C00678,North,Lucknow,Consumer,Completed,Credit Card
O003340,2025-06-09,C00746,North,Chandigarh,Consumer,Completed,Credit Card
O003341,2024-11-09,C00360,West,Surat,Consumer,Completed,Debit Card
O003342,2025-10-01,C00413,East,Patna,Corporate,Completed,Wallet
O003343,2023-05-27,C00240,East,Bhubaneswar,Consumer,Completed,Wallet
O003344,2024-05-15,C00644,South,Kochi,Consumer,Completed,Debit Card
O003345,2025-11-14,C00382,East,Guwahati,Home Office,Completed,UPI
O003346,2023-10-17,C00373,West,Pune,Corporate,Completed,Wallet
O003347,2024-03-02,C00146,West,Pune,Consumer,Completed,Debit Card
O003348,2023-10-29,C00020,West,Mumbai,Home Office,Completed,Net Banking
O003349,2023-10-28,C00569,West,Surat,Consumer,Completed,Debit Card
O003350,2024-03-08,C00340,North,Delhi,Home Office,Completed,Credit Card
O003351,2024-04-21,C00724,South,Kochi,Home Office,Completed,Credit Card
O003352,2024-03-31,C00084,East,Bhubaneswar,Consumer,Completed,UPI
O003353,2025-07-07,C00552,East,Bhubaneswar,Consumer,Completed,Net Banking
O003354,2025-08-03,C00487,North,Lucknow,Corporate,Completed,Net Banking
O003355,2025-06-29,C00088,North,Lucknow,Consumer,Completed,Wallet
O003356,2025-09-27,C00224,East,Patna,Home Office,Completed,Debit Card
O003357,2024-08-10,C00046,North,Lucknow,Consumer,Completed,Credit Card
O003358,2024-12-26,C00158,South,Hyderabad,Consumer,Completed,Net Banking
O003359,2025-08-11,C00600,South,Bengaluru,Home Office,Completed,Credit Card
O003360,2023-02-16,C00164,West,Surat,Consumer,Completed,Debit Card
O003361,2023-06-30,C00500,South,Kochi,Consumer,Completed,Credit Card
O003362,2023-05-02,C00631,West,Mumbai,Consumer,Completed,Wallet
O003363,2024-07-22,C00194,West,Pune,Consumer,Completed,Wallet
O003364,2023-11-04,C00175,East,Bhubaneswar,Corporate,Completed,Debit Card
O003365,2025-05-15,C00331,West,Ahmedabad,Consumer,Completed,Credit Card
O003366,2023-09-24,C00263,East,Kolkata,Corporate,Completed,UPI
O003367,2024-06-16,C00123,West,Mumbai,Consumer,Completed,UPI
O003368,2024-05-17,C00691,North,Delhi,Consumer,Completed,UPI
O003369,2025-10-24,C00570,East,Bhubaneswar,Home Office,Completed,Wallet
O003370,2024-03-16,C00287,West,Mumbai,Consumer,Completed,UPI
O003371,2024-09-30,C00183,South,Kochi,Consumer,Completed,Net Banking
O003372,2025-11-12,C00665,South,Bengaluru,Consumer,Completed,Net Banking
O003373,2023-10-29,C00309,South,Bengaluru,Home Office,Completed,Wallet
O003374,2025-02-06,C00078,East,Guwahati,Consumer,Completed,Credit Card
O003375,2024-04-21,C00659,East,Patna,Home Office,Completed,Net Banking
O003376,2025-05-15,C00491,East,Guwahati,Consumer,Completed,Wallet
O003377,2025-12-31,C00501,West,Mumbai,Consumer,Completed,UPI
O003378,2025-12-25,C00514,North,Chandigarh,Corporate,Completed,Credit Card
O003379,2024-03-12,C00191,North,Lucknow,Home Office,Completed,Wallet
O003380,2024-11-26,C00704,East,Kolkata,Consumer,Completed,UPI
O003381,2024-01-20,C00465,West,Ahmedabad,Consumer,Completed,Credit Card
O003382,2024-04-07,C00596,South,Chennai,Consumer,Completed,Net Banking
O003383,2025-04-27,C00666,West,Surat,Consumer,Completed,Debit Card
O003384,2023-07-15,C00366,North,Chandigarh,Consumer,Returned,UPI
O003385,2025-11-01,C00684,North,Jaipur,Consumer,Completed,Net Banking
O003386,2024-10-13,C00585,West,Surat,Consumer,Completed,Credit Card
O003387,2023-09-01,C00423,North,Jaipur,Consumer,Completed,Wallet
O003388,2023-04-29,C00544,East,Kolkata,Consumer,Completed,Credit Card
O003389,2025-02-07,C00433,West,Ahmedabad,Consumer,Completed,UPI
O003390,2025-02-10,C00522,North,Chandigarh,Consumer,Completed,UPI
O003391,2024-03-27,C00450,South,Chennai,Corporate,Completed,Wallet
O003392,2023-03-26,C00611,East,Guwahati,Consumer,Cancelled,Debit Card
O003393,2025-02-27,C00499,North,Delhi,Home Office,Completed,Credit Card
O003394,2024-09-30,C00097,East,Guwahati,Consumer,Completed,UPI
O003395,2023-07-28,C00555,South,Hyderabad,Home Office,Completed,Credit Card
O003396,2024-08-27,C00167,South,Chennai,Home Office,Completed,UPI
O003397,2024-02-07,C00565,East,Kolkata,Consumer,Completed,Debit Card
O003398,2024-02-05,C00215,East,Kolkata,Consumer,Completed,Debit Card
O003399,2024-08-30,C00181,South,Hyderabad,Consumer,Completed,UPI
O003400,2023-04-08,C00561,East,Kolkata,Consumer,Completed,Debit Card
O003401,2024-10-02,C00166,East,Guwahati,Consumer,Completed,Debit Card
O003402,2024-10-28,C00666,West,Surat,Consumer,Completed,Wallet
O003403,2023-07-30,C00167,South,Chennai,Home Office,Returned,Net Banking
O003404,2025-02-18,C00301,North,Lucknow,Corporate,Completed,Wallet
O003405,2023-09-29,C00029,North,Chandigarh,Corporate,Completed,UPI
O003406,2025-04-08,C00242,West,Pune,Corporate,Completed,UPI
O003407,2025-10-19,C00137,North,Chandigarh,Consumer,Completed,Wallet
O003408,2025-02-20,C00244,North,Lucknow,Consumer,Completed,UPI
O003409,2023-01-08,C00546,West,Mumbai,Consumer,Completed,Debit Card
O003410,2025-10-05,C00332,West,Ahmedabad,Consumer,Completed,Credit Card
O003411,2023-11-20,C00433,West,Ahmedabad,Consumer,Completed,Debit Card
O003412,2024-11-26,C00467,North,Jaipur,Corporate,Completed,Wallet
O003413,2024-12-17,C00318,South,Kochi,Consumer,Completed,Debit Card
O003414,2025-11-14,C00676,South,Bengaluru,Consumer,Completed,Wallet
O003415,2023-02-28,C00187,North,Lucknow,Consumer,Completed,UPI
O003416,2025-05-07,C00501,West,Mumbai,Consumer,Completed,Net Banking
O003417,2024-11-29,C00672,East,Bhubaneswar,Consumer,Completed,Wallet
O003418,2025-10-31,C00311,East,Guwahati,Consumer,Completed,UPI
O003419,2025-03-07,C00277,East,Patna,Consumer,Completed,Credit Card
O003420,2024-03-27,C00259,South,Hyderabad,Consumer,Completed,Net Banking
O003421,2024-12-12,C00189,West,Pune,Consumer,Returned,Credit Card
O003422,2023-06-01,C00613,North,Chandigarh,Consumer,Completed,Credit Card
O003423,2023-10-10,C00115,East,Patna,Consumer,Completed,Wallet
O003424,2024-07-21,C00601,East,Bhubaneswar,Consumer,Completed,Wallet
O003425,2023-02-01,C00596,South,Chennai,Consumer,Completed,Debit Card
O003426,2025-12-03,C00179,East,Guwahati,Home Office,Cancelled,UPI
O003427,2023-09-07,C00104,North,Jaipur,Home Office,Completed,Debit Card
O003428,2024-04-22,C00211,East,Kolkata,Consumer,Completed,Debit Card
O003429,2023-07-10,C00627,West,Surat,Consumer,Completed,Credit Card
O003430,2025-03-17,C00429,North,Delhi,Consumer,Completed,Wallet
O003431,2025-04-07,C00027,South,Kochi,Consumer,Completed,Credit Card
O003432,2023-12-08,C00160,East,Guwahati,Corporate,Completed,Credit Card
O003433,2025-12-12,C00566,North,Lucknow,Home Office,Completed,Wallet
O003434,2025-11-19,C00620,North,Jaipur,Consumer,Completed,Net Banking
O003435,2025-09-20,C00343,North,Lucknow,Corporate,Completed,Debit Card
O003436,2024-03-24,C00501,West,Mumbai,Consumer,Completed,Wallet
O003437,2025-08-30,C00344,East,Kolkata,Consumer,Completed,Credit Card
O003438,2023-06-16,C00371,West,Surat,Consumer,Completed,Wallet
O003439,2025-09-27,C00640,South,Kochi,Consumer,Completed,UPI
O003440,2023-05-12,C00404,North,Jaipur,Consumer,Completed,Credit Card
O003441,2025-05-27,C00202,East,Guwahati,Home Office,Completed,UPI
O003442,2025-10-06,C00345,West,Mumbai,Consumer,Completed,Debit Card
O003443,2023-05-28,C00470,North,Chandigarh,Corporate,Completed,Net Banking
O003444,2025-12-20,C00238,East,Bhubaneswar,Corporate,Completed,Wallet
O003445,2024-01-12,C00283,East,Bhubaneswar,Home Office,Completed,UPI
O003446,2023-06-25,C00492,South,Kochi,Consumer,Completed,Debit Card
O003447,2023-10-24,C00601,East,Bhubaneswar,Consumer,Completed,Debit Card
O003448,2023-12-09,C00504,East,Patna,Consumer,Completed,UPI
O003449,2025-11-02,C00082,North,Delhi,Consumer,Completed,Debit Card
O003450,2025-12-15,C00470,North,Chandigarh,Corporate,Returned,Debit Card
O003451,2024-06-18,C00580,South,Bengaluru,Corporate,Completed,Wallet
O003452,2023-11-12,C00111,East,Patna,Consumer,Completed,Credit Card
O003453,2025-10-12,C00659,East,Patna,Home Office,Completed,Debit Card
O003454,2023-05-09,C00424,South,Chennai,Home Office,Completed,Debit Card
O003455,2025-04-17,C00436,East,Kolkata,Home Office,Completed,Wallet
O003456,2025-01-16,C00205,North,Jaipur,Corporate,Completed,Debit Card
O003457,2024-10-19,C00324,South,Kochi,Consumer,Completed,Net Banking
O003458,2025-07-18,C00136,West,Mumbai,Consumer,Completed,Credit Card
O003459,2025-03-02,C00402,West,Ahmedabad,Consumer,Completed,Debit Card
O003460,2025-03-25,C00030,South,Bengaluru,Consumer,Completed,Net Banking
O003461,2023-02-15,C00217,North,Chandigarh,Home Office,Completed,Wallet
O003462,2023-07-24,C00748,North,Delhi,Consumer,Completed,Credit Card
O003463,2024-07-21,C00644,South,Kochi,Consumer,Completed,Credit Card
O003464,2024-11-25,C00446,North,Chandigarh,Consumer,Completed,Credit Card
O003465,2025-11-30,C00061,South,Kochi,Home Office,Completed,Net Banking
O003466,2024-10-15,C00005,East,Patna,Consumer,Completed,Credit Card
O003467,2024-09-18,C00189,West,Pune,Consumer,Completed,Net Banking
O003468,2023-07-28,C00035,South,Hyderabad,Consumer,Completed,Credit Card
O003469,2023-01-06,C00052,North,Chandigarh,Consumer,Completed,Credit Card
O003470,2024-09-03,C00007,East,Bhubaneswar,Corporate,Completed,UPI
O003471,2023-04-08,C00350,East,Patna,Consumer,Completed,Net Banking
O003472,2025-07-20,C00271,North,Jaipur,Home Office,Completed,Debit Card
O003473,2025-09-17,C00269,West,Ahmedabad,Consumer,Completed,Wallet
O003474,2024-11-20,C00584,East,Guwahati,Consumer,Completed,Net Banking
O003475,2024-09-24,C00735,South,Bengaluru,Consumer,Completed,Debit Card
O003476,2025-08-15,C00495,North,Chandigarh,Home Office,Completed,Credit Card
O003477,2025-01-21,C00747,South,Hyderabad,Consumer,Completed,Debit Card
O003478,2025-09-22,C00209,South,Hyderabad,Consumer,Completed,UPI
O003479,2025-04-17,C00134,East,Patna,Consumer,Completed,Wallet
O003480,2024-06-21,C00201,North,Jaipur,Consumer,Completed,Credit Card
O003481,2024-09-10,C00351,North,Chandigarh,Consumer,Completed,Debit Card
O003482,2025-03-31,C00062,West,Mumbai,Home Office,Cancelled,Net Banking
O003483,2025-09-28,C00321,West,Surat,Consumer,Completed,UPI
O003484,2024-12-16,C00194,West,Pune,Consumer,Completed,Debit Card
O003485,2025-04-04,C00193,North,Jaipur,Consumer,Completed,Net Banking
O003486,2023-07-26,C00701,South,Bengaluru,Consumer,Completed,UPI
O003487,2023-03-22,C00097,East,Guwahati,Consumer,Completed,Debit Card
O003488,2023-03-10,C00068,North,Lucknow,Home Office,Completed,Debit Card
O003489,2024-10-04,C00167,South,Chennai,Home Office,Completed,Credit Card
O003490,2025-05-18,C00522,North,Chandigarh,Consumer,Completed,Credit Card
O003491,2025-05-27,C00175,East,Bhubaneswar,Corporate,Completed,Wallet
O003492,2025-04-14,C00525,East,Patna,Corporate,Completed,Wallet
O003493,2024-03-15,C00416,South,Kochi,Consumer,Completed,Debit Card
O003494,2023-08-07,C00372,West,Surat,Consumer,Completed,Debit Card
O003495,2023-12-04,C00172,West,Surat,Consumer,Completed,Debit Card
O003496,2025-09-09,C00024,North,Lucknow,Consumer,Completed,UPI
O003497,2024-07-02,C00272,East,Guwahati,Corporate,Completed,UPI
O003498,2023-04-16,C00577,East,Bhubaneswar,Home Office,Completed,Wallet
O003499,2023-11-11,C00510,East,Guwahati,Consumer,Completed,Net Banking
O003500,2024-04-30,C00382,East,Guwahati,Home Office,Completed,UPI
O003501,2023-10-17,C00048,West,Pune,Home Office,Completed,Credit Card
O003502,2023-06-04,C00062,West,Mumbai,Home Office,Completed,Credit Card
O003503,2025-02-12,C00385,East,Patna,Consumer,Completed,Wallet
O003504,2023-10-28,C00686,North,Delhi,Corporate,Completed,Debit Card
O003505,2025-02-12,C00397,South,Bengaluru,Consumer,Completed,UPI
O003506,2023-08-13,C00353,South,Kochi,Consumer,Completed,Debit Card
O003507,2023-06-24,C00022,West,Surat,Consumer,Completed,UPI
O003508,2024-11-23,C00144,East,Guwahati,Consumer,Completed,UPI
O003509,2024-03-19,C00729,West,Ahmedabad,Consumer,Completed,Debit Card
O003510,2023-07-24,C00206,East,Bhubaneswar,Corporate,Completed,Debit Card
O003511,2025-02-21,C00726,North,Chandigarh,Consumer,Completed,Wallet
O003512,2024-05-14,C00443,East,Kolkata,Consumer,Completed,UPI
O003513,2023-08-16,C00330,South,Bengaluru,Consumer,Completed,Net Banking
O003514,2023-01-24,C00548,East,Bhubaneswar,Consumer,Completed,Net Banking
O003515,2024-08-19,C00041,South,Kochi,Corporate,Completed,Net Banking
O003516,2025-09-16,C00456,North,Delhi,Consumer,Returned,Net Banking
O003517,2025-02-11,C00001,North,Delhi,Consumer,Completed,Net Banking
O003518,2025-09-15,C00694,North,Delhi,Consumer,Completed,Net Banking
O003519,2023-10-29,C00085,West,Pune,Consumer,Completed,UPI
O003520,2024-09-05,C00541,North,Delhi,Consumer,Completed,UPI
O003521,2024-04-08,C00697,North,Delhi,Corporate,Completed,Net Banking
O003522,2024-06-09,C00142,East,Patna,Corporate,Completed,Net Banking
O003523,2023-03-17,C00373,West,Pune,Corporate,Completed,Wallet
O003524,2023-02-11,C00713,North,Jaipur,Consumer,Completed,Wallet
O003525,2023-03-09,C00712,South,Chennai,Corporate,Completed,UPI
O003526,2025-07-11,C00101,North,Delhi,Corporate,Completed,Wallet
O003527,2023-07-24,C00680,North,Chandigarh,Home Office,Cancelled,Net Banking
O003528,2025-08-09,C00094,East,Kolkata,Consumer,Completed,Credit Card
O003529,2025-03-26,C00660,South,Bengaluru,Consumer,Completed,UPI
O003530,2023-10-15,C00325,North,Lucknow,Home Office,Completed,Wallet
O003531,2025-11-10,C00219,North,Jaipur,Home Office,Completed,Credit Card
O003532,2025-01-23,C00519,North,Delhi,Consumer,Completed,Wallet
O003533,2023-06-19,C00635,East,Patna,Corporate,Completed,Debit Card
O003534,2023-06-22,C00180,East,Guwahati,Consumer,Completed,Debit Card
O003535,2023-09-08,C00189,West,Pune,Consumer,Completed,UPI
O003536,2023-07-01,C00737,East,Patna,Consumer,Completed,Wallet
O003537,2024-11-07,C00077,South,Kochi,Home Office,Completed,Wallet
O003538,2023-01-25,C00579,West,Mumbai,Consumer,Completed,UPI
O003539,2025-09-22,C00038,East,Guwahati,Consumer,Completed,UPI
O003540,2024-09-13,C00512,South,Hyderabad,Home Office,Completed,Net Banking
O003541,2023-01-10,C00165,East,Guwahati,Corporate,Returned,Credit Card
O003542,2024-10-18,C00243,East,Patna,Home Office,Completed,Wallet
O003543,2025-07-17,C00340,North,Delhi,Home Office,Completed,UPI
O003544,2025-03-05,C00635,East,Patna,Corporate,Completed,Wallet
O003545,2025-07-20,C00698,North,Delhi,Consumer,Completed,Net Banking
O003546,2024-04-29,C00494,North,Chandigarh,Home Office,Completed,Net Banking
O003547,2025-07-13,C00702,West,Pune,Consumer,Completed,Debit Card
O003548,2024-11-27,C00599,North,Lucknow,Consumer,Completed,UPI
O003549,2024-09-13,C00310,East,Patna,Consumer,Returned,UPI
O003550,2023-07-09,C00697,North,Delhi,Corporate,Completed,Wallet
O003551,2025-01-07,C00306,East,Guwahati,Home Office,Completed,UPI
O003552,2023-08-09,C00273,West,Ahmedabad,Consumer,Completed,Net Banking
O003553,2024-09-20,C00233,South,Kochi,Consumer,Completed,Credit Card
O003554,2025-11-14,C00191,North,Lucknow,Home Office,Completed,UPI
O003555,2024-02-21,C00717,South,Bengaluru,Consumer,Completed,Wallet
O003556,2024-12-15,C00187,North,Lucknow,Consumer,Completed,Net Banking
O003557,2023-05-19,C00324,South,Kochi,Consumer,Completed,Wallet
O003558,2025-09-02,C00386,North,Jaipur,Corporate,Completed,Net Banking
O003559,2025-07-23,C00328,South,Kochi,Consumer,Completed,Credit Card
O003560,2025-04-12,C00025,North,Chandigarh,Consumer,Completed,Credit Card
O003561,2025-06-28,C00170,East,Bhubaneswar,Consumer,Completed,Net Banking
O003562,2024-05-03,C00494,North,Chandigarh,Home Office,Completed,Credit Card
O003563,2024-08-11,C00173,East,Bhubaneswar,Consumer,Completed,Credit Card
O003564,2023-04-17,C00129,East,Kolkata,Consumer,Completed,UPI
O003565,2025-04-01,C00478,South,Chennai,Consumer,Completed,Debit Card
O003566,2024-04-09,C00109,West,Mumbai,Consumer,Completed,Credit Card
O003567,2024-11-29,C00051,North,Chandigarh,Home Office,Completed,Debit Card
O003568,2023-07-05,C00449,East,Guwahati,Home Office,Completed,UPI
O003569,2023-03-09,C00467,North,Jaipur,Corporate,Completed,Debit Card
O003570,2024-08-11,C00168,South,Bengaluru,Consumer,Completed,Wallet
O003571,2025-12-01,C00028,East,Guwahati,Consumer,Completed,Debit Card
O003572,2023-09-28,C00626,North,Jaipur,Corporate,Completed,Net Banking
O003573,2025-12-21,C00031,North,Lucknow,Consumer,Completed,Credit Card
O003574,2023-09-08,C00638,North,Jaipur,Corporate,Completed,UPI
O003575,2024-10-29,C00495,North,Chandigarh,Home Office,Returned,Wallet
O003576,2025-08-24,C00550,West,Pune,Home Office,Completed,Net Banking
O003577,2024-02-20,C00043,South,Chennai,Consumer,Completed,Debit Card
O003578,2025-04-17,C00250,West,Mumbai,Consumer,Completed,Wallet
O003579,2025-03-14,C00140,West,Mumbai,Consumer,Completed,Credit Card
O003580,2024-01-10,C00296,East,Guwahati,Consumer,Completed,UPI
O003581,2023-03-26,C00004,East,Bhubaneswar,Corporate,Completed,UPI
O003582,2023-11-04,C00397,South,Bengaluru,Consumer,Completed,Wallet
O003583,2023-10-09,C00120,East,Kolkata,Corporate,Completed,UPI
O003584,2023-07-20,C00514,North,Chandigarh,Corporate,Completed,Net Banking
O003585,2024-06-01,C00045,West,Mumbai,Home Office,Completed,Net Banking
O003586,2023-04-24,C00591,East,Kolkata,Consumer,Completed,Credit Card
O003587,2024-02-18,C00303,North,Delhi,Consumer,Returned,Net Banking
O003588,2023-10-18,C00266,East,Bhubaneswar,Home Office,Completed,Debit Card
O003589,2025-07-01,C00462,South,Hyderabad,Home Office,Completed,Debit Card
O003590,2025-10-21,C00036,West,Surat,Consumer,Completed,Wallet
O003591,2025-09-16,C00126,East,Kolkata,Consumer,Completed,Credit Card
O003592,2023-04-05,C00096,South,Kochi,Corporate,Completed,Debit Card
O003593,2023-09-16,C00697,North,Delhi,Corporate,Completed,Net Banking
O003594,2023-01-08,C00599,North,Lucknow,Consumer,Completed,Wallet
O003595,2023-11-27,C00035,South,Hyderabad,Consumer,Completed,UPI
O003596,2023-06-08,C00664,West,Pune,Consumer,Completed,Net Banking
O003597,2023-06-20,C00499,North,Delhi,Home Office,Completed,Net Banking
O003598,2024-11-15,C00422,East,Bhubaneswar,Consumer,Completed,Net Banking
O003599,2024-05-02,C00154,North,Jaipur,Home Office,Completed,Wallet
O003600,2024-05-01,C00100,North,Lucknow,Consumer,Completed,Net Banking
O003601,2025-07-09,C00213,West,Surat,Consumer,Completed,Net Banking
O003602,2025-09-10,C00667,West,Surat,Corporate,Completed,Debit Card
O003603,2024-02-09,C00378,West,Pune,Home Office,Completed,Wallet
O003604,2025-10-11,C00670,North,Jaipur,Consumer,Returned,Debit Card
O003605,2025-04-11,C00481,South,Chennai,Corporate,Completed,UPI
O003606,2023-11-17,C00295,South,Bengaluru,Corporate,Completed,Debit Card
O003607,2023-09-14,C00430,East,Patna,Consumer,Completed,UPI
O003608,2023-03-04,C00385,East,Patna,Consumer,Completed,Debit Card
O003609,2025-09-16,C00588,West,Ahmedabad,Consumer,Completed,Credit Card
O003610,2025-04-10,C00119,East,Kolkata,Consumer,Completed,Credit Card
O003611,2023-09-15,C00229,West,Mumbai,Consumer,Completed,Credit Card
O003612,2025-04-24,C00505,West,Pune,Home Office,Completed,UPI
O003613,2023-07-25,C00480,South,Bengaluru,Consumer,Completed,UPI
O003614,2025-07-31,C00514,North,Chandigarh,Corporate,Completed,UPI
O003615,2024-06-13,C00622,West,Surat,Consumer,Completed,UPI
O003616,2023-01-24,C00347,West,Ahmedabad,Consumer,Completed,Credit Card
O003617,2024-03-21,C00422,East,Bhubaneswar,Consumer,Completed,Wallet
O003618,2024-05-11,C00357,West,Surat,Corporate,Returned,Net Banking
O003619,2025-09-12,C00049,North,Delhi,Home Office,Completed,UPI
O003620,2023-12-12,C00495,North,Chandigarh,Home Office,Completed,Credit Card
O003621,2025-04-04,C00636,East,Guwahati,Consumer,Completed,Wallet
O003622,2023-02-02,C00505,West,Pune,Home Office,Completed,Net Banking
O003623,2025-04-12,C00735,South,Bengaluru,Consumer,Completed,Credit Card
O003624,2025-07-13,C00523,West,Mumbai,Consumer,Completed,Debit Card
O003625,2023-04-18,C00565,East,Kolkata,Consumer,Completed,Wallet
O003626,2025-10-06,C00553,East,Patna,Consumer,Completed,Debit Card
O003627,2024-04-05,C00689,West,Surat,Consumer,Completed,Wallet
O003628,2023-02-09,C00281,South,Chennai,Home Office,Completed,Wallet
O003629,2024-01-11,C00190,West,Mumbai,Home Office,Completed,Debit Card
O003630,2025-07-24,C00117,West,Surat,Consumer,Completed,UPI
O003631,2024-03-29,C00249,West,Ahmedabad,Consumer,Completed,Debit Card
O003632,2024-05-24,C00133,West,Surat,Corporate,Completed,Credit Card
O003633,2025-05-16,C00582,South,Bengaluru,Consumer,Completed,Net Banking
O003634,2024-06-03,C00261,North,Chandigarh,Consumer,Completed,Net Banking
O003635,2023-11-19,C00241,East,Patna,Consumer,Completed,Credit Card
O003636,2024-05-24,C00073,South,Kochi,Home Office,Completed,Debit Card
O003637,2024-10-26,C00148,South,Bengaluru,Consumer,Completed,UPI
O003638,2024-07-13,C00726,North,Chandigarh,Consumer,Completed,Debit Card
O003639,2024-11-29,C00153,West,Mumbai,Consumer,Completed,Debit Card
O003640,2023-06-29,C00042,East,Guwahati,Consumer,Completed,UPI
O003641,2025-09-22,C00279,South,Hyderabad,Home Office,Completed,Debit Card
O003642,2023-02-13,C00686,North,Delhi,Corporate,Completed,Debit Card
O003643,2024-06-04,C00003,North,Lucknow,Home Office,Returned,Debit Card
O003644,2025-01-03,C00042,East,Guwahati,Consumer,Completed,Credit Card
O003645,2023-12-22,C00381,South,Hyderabad,Home Office,Completed,Wallet
O003646,2025-01-16,C00143,North,Lucknow,Consumer,Completed,UPI
O003647,2025-07-27,C00086,West,Mumbai,Consumer,Completed,Credit Card
O003648,2023-04-23,C00722,East,Guwahati,Consumer,Completed,Debit Card
O003649,2025-05-10,C00113,South,Hyderabad,Consumer,Completed,Credit Card
O003650,2025-05-15,C00675,East,Bhubaneswar,Home Office,Completed,Wallet
O003651,2023-03-19,C00264,West,Surat,Consumer,Completed,Net Banking
O003652,2023-07-16,C00445,East,Bhubaneswar,Corporate,Completed,Wallet
O003653,2023-07-21,C00433,West,Ahmedabad,Consumer,Completed,Net Banking
O003654,2023-08-23,C00010,West,Ahmedabad,Consumer,Completed,Net Banking
O003655,2025-11-06,C00042,East,Guwahati,Consumer,Completed,Wallet
O003656,2023-04-04,C00252,South,Kochi,Consumer,Completed,Credit Card
O003657,2025-02-17,C00032,West,Mumbai,Consumer,Completed,Net Banking
O003658,2023-11-17,C00224,East,Patna,Home Office,Completed,Net Banking
O003659,2024-03-07,C00079,East,Guwahati,Consumer,Completed,Credit Card
O003660,2023-02-28,C00408,East,Bhubaneswar,Consumer,Completed,Wallet
O003661,2025-01-30,C00422,East,Bhubaneswar,Consumer,Completed,Wallet
O003662,2024-02-23,C00749,North,Lucknow,Consumer,Completed,Net Banking
O003663,2024-06-23,C00245,West,Mumbai,Consumer,Completed,Net Banking
O003664,2025-07-09,C00061,South,Kochi,Home Office,Completed,Net Banking
O003665,2023-07-26,C00457,South,Hyderabad,Home Office,Completed,Debit Card
O003666,2025-01-18,C00357,West,Surat,Corporate,Completed,UPI
O003667,2025-06-17,C00506,East,Bhubaneswar,Consumer,Completed,UPI
O003668,2023-10-03,C00127,South,Chennai,Corporate,Completed,Credit Card
O003669,2024-05-06,C00109,West,Mumbai,Consumer,Completed,UPI
O003670,2025-02-14,C00628,West,Ahmedabad,Corporate,Completed,Net Banking
O003671,2023-08-09,C00253,South,Chennai,Corporate,Completed,UPI
O003672,2023-07-31,C00574,South,Hyderabad,Consumer,Completed,Debit Card
O003673,2024-08-17,C00214,North,Delhi,Corporate,Completed,Debit Card
O003674,2024-08-28,C00080,East,Guwahati,Corporate,Completed,Wallet
O003675,2024-03-03,C00071,South,Kochi,Consumer,Completed,Wallet
O003676,2025-09-06,C00260,East,Bhubaneswar,Home Office,Completed,UPI
O003677,2024-02-19,C00397,South,Bengaluru,Consumer,Completed,UPI
O003678,2023-03-03,C00714,East,Guwahati,Home Office,Completed,Wallet
O003679,2024-04-07,C00350,East,Patna,Consumer,Completed,Net Banking
O003680,2024-10-05,C00196,South,Bengaluru,Consumer,Completed,Credit Card
O003681,2023-09-18,C00271,North,Jaipur,Home Office,Completed,Debit Card
O003682,2023-03-21,C00496,North,Jaipur,Consumer,Completed,UPI
O003683,2024-01-13,C00492,South,Kochi,Consumer,Completed,UPI
O003684,2024-06-21,C00419,South,Chennai,Home Office,Completed,Wallet
O003685,2023-01-25,C00727,East,Patna,Home Office,Completed,Wallet
O003686,2023-08-24,C00635,East,Patna,Corporate,Completed,Debit Card
O003687,2025-09-22,C00161,West,Mumbai,Consumer,Completed,Net Banking
O003688,2023-06-19,C00280,South,Hyderabad,Home Office,Completed,Wallet
O003689,2024-07-31,C00022,West,Surat,Consumer,Completed,Debit Card
O003690,2023-11-02,C00224,East,Patna,Home Office,Completed,Credit Card
O003691,2025-08-03,C00508,North,Delhi,Consumer,Completed,Credit Card
O003692,2023-05-31,C00354,North,Chandigarh,Home Office,Completed,Net Banking
O003693,2023-09-07,C00263,East,Kolkata,Corporate,Completed,UPI
O003694,2023-02-20,C00426,West,Pune,Corporate,Completed,Wallet
O003695,2023-09-12,C00681,West,Surat,Corporate,Completed,Net Banking
O003696,2023-10-20,C00128,West,Mumbai,Consumer,Completed,UPI
O003697,2024-07-29,C00447,South,Kochi,Consumer,Completed,UPI
O003698,2023-08-01,C00560,East,Kolkata,Corporate,Completed,UPI
O003699,2024-04-19,C00507,West,Surat,Consumer,Completed,Wallet
O003700,2023-01-05,C00748,North,Delhi,Consumer,Completed,Net Banking
O003701,2023-01-03,C00101,North,Delhi,Corporate,Completed,Net Banking
O003702,2025-07-17,C00337,East,Bhubaneswar,Consumer,Completed,Wallet
O003703,2024-03-11,C00526,West,Pune,Corporate,Completed,Debit Card
O003704,2025-03-09,C00556,South,Bengaluru,Corporate,Completed,Credit Card
O003705,2025-07-26,C00376,East,Guwahati,Consumer,Returned,UPI
O003706,2025-07-20,C00629,North,Delhi,Home Office,Completed,Net Banking
O003707,2024-06-27,C00125,West,Mumbai,Corporate,Completed,Wallet
O003708,2025-07-10,C00720,East,Bhubaneswar,Consumer,Completed,UPI
O003709,2024-04-13,C00184,North,Jaipur,Consumer,Returned,UPI
O003710,2024-01-16,C00423,North,Jaipur,Consumer,Completed,Credit Card
O003711,2023-12-10,C00479,South,Kochi,Consumer,Completed,Wallet
O003712,2023-04-04,C00651,West,Surat,Consumer,Completed,UPI
O003713,2023-03-16,C00188,South,Bengaluru,Consumer,Cancelled,Debit Card
O003714,2024-08-27,C00746,North,Chandigarh,Consumer,Completed,Net Banking
O003715,2023-03-18,C00122,East,Kolkata,Home Office,Completed,Net Banking
O003716,2024-08-18,C00742,South,Kochi,Consumer,Completed,Wallet
O003717,2025-11-28,C00225,West,Mumbai,Consumer,Completed,UPI
O003718,2023-02-21,C00072,South,Hyderabad,Consumer,Completed,Credit Card
O003719,2025-09-11,C00653,West,Mumbai,Consumer,Completed,Credit Card
O003720,2023-03-17,C00647,North,Delhi,Consumer,Completed,UPI
O003721,2025-06-24,C00737,East,Patna,Consumer,Completed,UPI
O003722,2023-03-16,C00206,East,Bhubaneswar,Corporate,Completed,Debit Card
O003723,2024-08-09,C00303,North,Delhi,Consumer,Completed,Debit Card
O003724,2025-05-16,C00738,East,Kolkata,Consumer,Completed,Wallet
O003725,2024-09-12,C00177,North,Delhi,Consumer,Completed,Debit Card
O003726,2023-11-28,C00158,South,Hyderabad,Consumer,Returned,Credit Card
O003727,2024-04-24,C00164,West,Surat,Consumer,Completed,UPI
O003728,2024-09-29,C00622,West,Surat,Consumer,Completed,Net Banking
O003729,2024-12-13,C00539,North,Jaipur,Consumer,Completed,Net Banking
O003730,2024-04-27,C00410,South,Bengaluru,Consumer,Completed,Debit Card
O003731,2025-05-25,C00128,West,Mumbai,Consumer,Completed,Credit Card
O003732,2024-02-06,C00486,North,Chandigarh,Corporate,Completed,Debit Card
O003733,2024-05-13,C00219,North,Jaipur,Home Office,Completed,UPI
O003734,2024-06-18,C00698,North,Delhi,Consumer,Cancelled,Credit Card
O003735,2023-09-12,C00542,West,Ahmedabad,Consumer,Completed,UPI
O003736,2025-01-18,C00487,North,Lucknow,Corporate,Completed,Credit Card
O003737,2024-10-16,C00450,South,Chennai,Corporate,Completed,Wallet
O003738,2024-01-20,C00102,South,Hyderabad,Home Office,Completed,Wallet
O003739,2025-07-06,C00618,South,Hyderabad,Consumer,Completed,Debit Card
O003740,2025-01-08,C00653,West,Mumbai,Consumer,Completed,Debit Card
O003741,2023-09-28,C00470,North,Chandigarh,Corporate,Completed,Net Banking
O003742,2025-03-25,C00147,North,Chandigarh,Home Office,Completed,UPI
O003743,2024-11-05,C00076,West,Surat,Corporate,Completed,UPI
O003744,2023-06-14,C00692,North,Chandigarh,Consumer,Completed,Debit Card
O003745,2025-05-18,C00526,West,Pune,Corporate,Completed,Credit Card
O003746,2024-06-12,C00579,West,Mumbai,Consumer,Returned,UPI
O003747,2024-04-18,C00680,North,Chandigarh,Home Office,Completed,Credit Card
O003748,2024-01-31,C00031,North,Lucknow,Consumer,Completed,Wallet
O003749,2023-04-15,C00503,North,Lucknow,Consumer,Completed,Net Banking
O003750,2025-09-06,C00141,North,Lucknow,Home Office,Completed,UPI
O003751,2024-06-24,C00574,South,Hyderabad,Consumer,Completed,Net Banking
O003752,2024-05-16,C00135,West,Surat,Consumer,Completed,Debit Card
O003753,2025-05-08,C00320,East,Guwahati,Corporate,Completed,Wallet
O003754,2023-10-06,C00344,East,Kolkata,Consumer,Completed,UPI
O003755,2024-04-02,C00387,North,Delhi,Corporate,Completed,Net Banking
O003756,2024-05-03,C00219,North,Jaipur,Home Office,Completed,Wallet
O003757,2023-05-16,C00724,South,Kochi,Home Office,Completed,Credit Card
O003758,2023-10-29,C00056,West,Mumbai,Consumer,Completed,Credit Card
O003759,2024-12-04,C00009,East,Bhubaneswar,Consumer,Completed,Net Banking
O003760,2023-07-28,C00484,West,Mumbai,Consumer,Completed,Wallet
O003761,2024-06-16,C00357,West,Surat,Corporate,Completed,Credit Card
O003762,2024-10-03,C00497,East,Patna,Consumer,Completed,Wallet
O003763,2024-07-24,C00473,East,Bhubaneswar,Consumer,Completed,Wallet
O003764,2025-06-09,C00138,West,Ahmedabad,Consumer,Completed,Credit Card
O003765,2024-03-28,C00170,East,Bhubaneswar,Consumer,Completed,Wallet
O003766,2023-02-20,C00308,West,Mumbai,Consumer,Completed,Debit Card
O003767,2024-10-11,C00674,North,Delhi,Corporate,Completed,Credit Card
O003768,2025-09-13,C00086,West,Mumbai,Consumer,Completed,Wallet
O003769,2023-07-20,C00139,East,Bhubaneswar,Consumer,Completed,Credit Card
O003770,2025-08-16,C00592,West,Pune,Corporate,Completed,Net Banking
O003771,2025-03-20,C00152,East,Guwahati,Corporate,Completed,UPI
O003772,2023-01-14,C00518,South,Kochi,Consumer,Completed,Wallet
O003773,2025-09-29,C00412,South,Kochi,Home Office,Completed,Wallet
O003774,2024-02-05,C00728,West,Mumbai,Corporate,Completed,Debit Card
O003775,2023-05-19,C00397,South,Bengaluru,Consumer,Completed,Debit Card
O003776,2023-06-24,C00534,East,Patna,Home Office,Completed,Net Banking
O003777,2025-07-22,C00022,West,Surat,Consumer,Completed,Debit Card
O003778,2025-03-15,C00441,South,Bengaluru,Consumer,Completed,Credit Card
O003779,2024-02-25,C00124,East,Bhubaneswar,Home Office,Completed,Debit Card
O003780,2025-03-25,C00177,North,Delhi,Consumer,Completed,Debit Card
O003781,2023-10-13,C00158,South,Hyderabad,Consumer,Completed,Net Banking
O003782,2025-12-04,C00300,East,Bhubaneswar,Consumer,Completed,Debit Card
O003783,2024-12-15,C00386,North,Jaipur,Corporate,Completed,UPI
O003784,2024-08-27,C00677,South,Bengaluru,Corporate,Completed,UPI
O003785,2025-06-13,C00462,South,Hyderabad,Home Office,Completed,Credit Card
O003786,2025-03-21,C00129,East,Kolkata,Consumer,Completed,Debit Card
O003787,2024-12-24,C00651,West,Surat,Consumer,Completed,UPI
O003788,2025-11-17,C00290,West,Mumbai,Consumer,Completed,Credit Card
O003789,2023-09-21,C00456,North,Delhi,Consumer,Completed,UPI
O003790,2024-03-05,C00439,East,Guwahati,Corporate,Cancelled,Credit Card
O003791,2024-10-21,C00703,South,Hyderabad,Consumer,Completed,Credit Card
O003792,2024-07-10,C00534,East,Patna,Home Office,Completed,Net Banking
O003793,2024-11-08,C00624,South,Hyderabad,Consumer,Completed,Net Banking
O003794,2024-03-28,C00165,East,Guwahati,Corporate,Completed,Wallet
O003795,2025-02-28,C00179,East,Guwahati,Home Office,Completed,UPI
O003796,2024-06-04,C00174,East,Guwahati,Corporate,Completed,UPI
O003797,2025-03-08,C00532,South,Hyderabad,Consumer,Completed,UPI
O003798,2023-03-04,C00658,East,Kolkata,Consumer,Completed,UPI
O003799,2023-07-24,C00276,North,Chandigarh,Consumer,Completed,Debit Card
O003800,2023-10-20,C00283,East,Bhubaneswar,Home Office,Completed,UPI
O003801,2025-01-04,C00156,East,Bhubaneswar,Consumer,Completed,Net Banking
O003802,2025-05-01,C00009,East,Bhubaneswar,Consumer,Completed,Debit Card
O003803,2023-11-29,C00740,South,Hyderabad,Consumer,Completed,UPI
O003804,2024-10-26,C00686,North,Delhi,Corporate,Completed,Debit Card
O003805,2023-04-28,C00315,South,Bengaluru,Corporate,Completed,Credit Card
O003806,2025-01-15,C00654,South,Kochi,Consumer,Completed,Debit Card
O003807,2023-11-22,C00245,West,Mumbai,Consumer,Completed,UPI
O003808,2024-03-28,C00061,South,Kochi,Home Office,Completed,UPI
O003809,2024-05-02,C00603,North,Delhi,Consumer,Completed,Wallet
O003810,2025-11-05,C00138,West,Ahmedabad,Consumer,Completed,Net Banking
O003811,2023-05-19,C00648,North,Delhi,Corporate,Completed,Credit Card
O003812,2025-01-23,C00038,East,Guwahati,Consumer,Completed,Credit Card
O003813,2023-04-03,C00349,West,Mumbai,Corporate,Completed,Net Banking
O003814,2024-10-19,C00649,South,Kochi,Home Office,Completed,Credit Card
O003815,2025-07-08,C00164,West,Surat,Consumer,Completed,Net Banking
O003816,2024-05-27,C00710,West,Mumbai,Home Office,Completed,Net Banking
O003817,2023-01-02,C00295,South,Bengaluru,Corporate,Returned,Wallet
O003818,2025-08-09,C00156,East,Bhubaneswar,Consumer,Completed,Credit Card
O003819,2023-08-27,C00427,South,Chennai,Home Office,Completed,UPI
O003820,2025-11-18,C00658,East,Kolkata,Consumer,Completed,Wallet
O003821,2025-11-23,C00180,East,Guwahati,Consumer,Completed,UPI
O003822,2024-05-19,C00533,North,Lucknow,Consumer,Completed,Wallet
O003823,2023-09-17,C00126,East,Kolkata,Consumer,Completed,UPI
O003824,2024-03-27,C00344,East,Kolkata,Consumer,Completed,Wallet
O003825,2024-12-23,C00251,West,Ahmedabad,Consumer,Completed,UPI
O003826,2024-06-12,C00371,West,Surat,Consumer,Returned,Wallet
O003827,2023-01-18,C00096,South,Kochi,Corporate,Completed,Wallet
O003828,2024-08-31,C00713,North,Jaipur,Consumer,Completed,Debit Card
O003829,2024-07-21,C00070,North,Jaipur,Consumer,Returned,Wallet
O003830,2023-12-15,C00719,South,Hyderabad,Consumer,Completed,Net Banking
O003831,2024-12-27,C00520,North,Lucknow,Consumer,Completed,Wallet
O003832,2023-04-21,C00504,East,Patna,Consumer,Completed,Debit Card
O003833,2025-11-02,C00175,East,Bhubaneswar,Corporate,Completed,Net Banking
O003834,2025-09-03,C00273,West,Ahmedabad,Consumer,Cancelled,UPI
O003835,2025-09-28,C00345,West,Mumbai,Consumer,Completed,Net Banking
O003836,2025-08-11,C00229,West,Mumbai,Consumer,Completed,UPI
O003837,2025-10-04,C00649,South,Kochi,Home Office,Completed,Debit Card
O003838,2024-08-01,C00220,South,Chennai,Consumer,Completed,Wallet
O003839,2024-11-27,C00009,East,Bhubaneswar,Consumer,Completed,Credit Card
O003840,2024-04-04,C00680,North,Chandigarh,Home Office,Cancelled,Net Banking
O003841,2024-10-07,C00712,South,Chennai,Corporate,Completed,Debit Card
O003842,2023-09-01,C00031,North,Lucknow,Consumer,Completed,UPI
O003843,2024-01-21,C00068,North,Lucknow,Home Office,Completed,Net Banking
O003844,2023-06-03,C00053,West,Surat,Home Office,Completed,UPI
O003845,2024-05-12,C00605,East,Patna,Consumer,Completed,UPI
O003846,2023-11-01,C00034,East,Kolkata,Consumer,Completed,Net Banking
O003847,2024-09-25,C00158,South,Hyderabad,Consumer,Completed,Debit Card
O003848,2025-08-20,C00284,South,Hyderabad,Consumer,Completed,Wallet
O003849,2023-07-10,C00033,North,Chandigarh,Home Office,Completed,UPI
O003850,2025-06-15,C00099,West,Ahmedabad,Consumer,Completed,Wallet
O003851,2024-04-30,C00057,East,Bhubaneswar,Consumer,Completed,Net Banking
O003852,2024-12-23,C00695,North,Chandigarh,Home Office,Completed,Debit Card
O003853,2024-11-12,C00398,South,Kochi,Corporate,Returned,UPI
O003854,2025-10-20,C00316,West,Pune,Corporate,Completed,Credit Card
O003855,2025-09-26,C00581,East,Kolkata,Home Office,Returned,Wallet
O003856,2023-05-07,C00668,North,Lucknow,Consumer,Completed,Wallet
O003857,2023-12-31,C00036,West,Surat,Consumer,Completed,Credit Card
O003858,2025-05-18,C00194,West,Pune,Consumer,Completed,Wallet
O003859,2025-06-28,C00519,North,Delhi,Consumer,Completed,UPI
O003860,2025-07-26,C00589,North,Lucknow,Corporate,Completed,UPI
O003861,2024-11-28,C00107,West,Mumbai,Consumer,Completed,Net Banking
O003862,2025-09-01,C00204,East,Bhubaneswar,Consumer,Completed,Credit Card
O003863,2024-05-01,C00226,South,Bengaluru,Corporate,Completed,Wallet
O003864,2023-11-19,C00443,East,Kolkata,Consumer,Completed,UPI
O003865,2023-11-23,C00572,West,Surat,Consumer,Completed,Credit Card
O003866,2023-10-25,C00387,North,Delhi,Corporate,Completed,Debit Card
O003867,2024-10-25,C00051,North,Chandigarh,Home Office,Completed,UPI
O003868,2025-03-30,C00596,South,Chennai,Consumer,Completed,UPI
O003869,2023-06-12,C00341,North,Lucknow,Consumer,Completed,Debit Card
O003870,2025-10-27,C00215,East,Kolkata,Consumer,Completed,UPI
O003871,2025-05-23,C00511,West,Surat,Consumer,Completed,Debit Card
O003872,2023-12-29,C00377,West,Ahmedabad,Consumer,Completed,Net Banking
O003873,2025-10-10,C00704,East,Kolkata,Consumer,Completed,Net Banking
O003874,2025-08-16,C00222,West,Surat,Corporate,Completed,Wallet
O003875,2025-11-18,C00529,South,Hyderabad,Home Office,Completed,Credit Card
O003876,2025-11-15,C00352,West,Mumbai,Home Office,Completed,UPI
O003877,2024-11-30,C00570,East,Bhubaneswar,Home Office,Completed,UPI
O003878,2024-11-16,C00270,East,Guwahati,Home Office,Completed,Credit Card
O003879,2023-06-02,C00236,East,Patna,Consumer,Returned,Net Banking
O003880,2025-01-23,C00183,South,Kochi,Consumer,Completed,UPI
O003881,2023-12-23,C00728,West,Mumbai,Corporate,Cancelled,Wallet
O003882,2023-06-25,C00005,East,Patna,Consumer,Completed,UPI
O003883,2025-08-23,C00631,West,Mumbai,Consumer,Completed,Net Banking
O003884,2025-09-22,C00365,East,Guwahati,Corporate,Completed,UPI
O003885,2025-08-23,C00521,West,Pune,Home Office,Completed,Debit Card
O003886,2025-06-25,C00687,South,Hyderabad,Corporate,Completed,Net Banking
O003887,2023-06-20,C00733,East,Kolkata,Consumer,Completed,Wallet
O003888,2023-01-02,C00245,West,Mumbai,Consumer,Completed,Net Banking
O003889,2025-01-11,C00358,West,Mumbai,Consumer,Completed,Credit Card
O003890,2024-12-13,C00519,North,Delhi,Consumer,Completed,UPI
O003891,2023-06-17,C00077,South,Kochi,Home Office,Completed,Net Banking
O003892,2025-01-16,C00093,East,Kolkata,Consumer,Completed,Debit Card
O003893,2024-04-16,C00250,West,Mumbai,Consumer,Completed,Debit Card
O003894,2024-06-05,C00230,South,Chennai,Consumer,Completed,Debit Card
O003895,2023-12-06,C00189,West,Pune,Consumer,Completed,Credit Card
O003896,2025-06-21,C00182,West,Pune,Consumer,Completed,Debit Card
O003897,2023-07-10,C00317,West,Pune,Consumer,Cancelled,Credit Card
O003898,2025-06-28,C00344,East,Kolkata,Consumer,Completed,Wallet
O003899,2025-07-05,C00557,East,Kolkata,Home Office,Completed,Net Banking
O003900,2023-01-10,C00694,North,Delhi,Consumer,Completed,Debit Card
O003901,2023-04-06,C00564,East,Kolkata,Consumer,Completed,Debit Card
O003902,2024-07-12,C00611,East,Guwahati,Consumer,Completed,Debit Card
O003903,2025-10-27,C00587,North,Jaipur,Home Office,Completed,Debit Card
O003904,2023-02-24,C00738,East,Kolkata,Consumer,Completed,Debit Card
O003905,2024-05-13,C00443,East,Kolkata,Consumer,Returned,UPI
O003906,2023-07-19,C00532,South,Hyderabad,Consumer,Completed,UPI
O003907,2025-12-30,C00261,North,Chandigarh,Consumer,Completed,Debit Card
O003908,2024-03-31,C00046,North,Lucknow,Consumer,Completed,Credit Card
O003909,2023-04-18,C00249,West,Ahmedabad,Consumer,Completed,Wallet
O003910,2023-01-18,C00358,West,Mumbai,Consumer,Completed,Credit Card
O003911,2024-12-09,C00730,East,Patna,Consumer,Completed,Wallet
O003912,2023-12-02,C00706,West,Pune,Consumer,Completed,UPI
O003913,2024-07-31,C00193,North,Jaipur,Consumer,Completed,Net Banking
O003914,2024-09-16,C00026,North,Chandigarh,Consumer,Completed,Net Banking
O003915,2023-08-01,C00488,West,Ahmedabad,Home Office,Completed,Credit Card
O003916,2023-06-15,C00014,West,Ahmedabad,Consumer,Completed,Debit Card
O003917,2023-04-08,C00703,South,Hyderabad,Consumer,Completed,Net Banking
O003918,2025-05-26,C00033,North,Chandigarh,Home Office,Completed,Wallet
O003919,2025-12-10,C00531,North,Jaipur,Consumer,Completed,Debit Card
O003920,2023-05-22,C00169,North,Jaipur,Home Office,Completed,Credit Card
O003921,2024-03-12,C00455,East,Patna,Consumer,Completed,Debit Card
O003922,2025-06-09,C00465,West,Ahmedabad,Consumer,Completed,UPI
O003923,2024-03-03,C00540,East,Bhubaneswar,Consumer,Completed,UPI
O003924,2023-08-16,C00050,South,Chennai,Consumer,Completed,Debit Card
O003925,2024-08-26,C00352,West,Mumbai,Home Office,Completed,Net Banking
O003926,2023-09-01,C00264,West,Surat,Consumer,Completed,Credit Card
O003927,2023-05-08,C00704,East,Kolkata,Consumer,Completed,Debit Card
O003928,2024-04-20,C00229,West,Mumbai,Consumer,Completed,Net Banking
O003929,2024-09-05,C00582,South,Bengaluru,Consumer,Completed,Credit Card
O003930,2025-10-04,C00731,West,Surat,Home Office,Completed,Net Banking
O003931,2024-12-22,C00115,East,Patna,Consumer,Completed,UPI
O003932,2024-03-05,C00390,South,Kochi,Consumer,Completed,Net Banking
O003933,2023-04-08,C00597,West,Ahmedabad,Consumer,Completed,Wallet
O003934,2024-11-09,C00743,South,Bengaluru,Home Office,Completed,UPI
O003935,2023-12-05,C00089,East,Guwahati,Corporate,Completed,Wallet
O003936,2025-02-19,C00611,East,Guwahati,Consumer,Completed,Wallet
O003937,2024-07-12,C00518,South,Kochi,Consumer,Completed,Debit Card
O003938,2023-12-26,C00522,North,Chandigarh,Consumer,Completed,UPI
O003939,2024-11-03,C00608,South,Bengaluru,Corporate,Completed,Credit Card
O003940,2025-07-31,C00254,South,Bengaluru,Consumer,Completed,Credit Card
O003941,2023-11-23,C00287,West,Mumbai,Consumer,Completed,Credit Card
O003942,2025-05-25,C00122,East,Kolkata,Home Office,Completed,Net Banking
O003943,2023-03-01,C00319,South,Kochi,Consumer,Completed,Net Banking
O003944,2024-04-08,C00597,West,Ahmedabad,Consumer,Completed,Wallet
O003945,2024-04-11,C00257,West,Mumbai,Home Office,Completed,Debit Card
O003946,2025-09-10,C00422,East,Bhubaneswar,Consumer,Completed,Credit Card
O003947,2025-07-16,C00441,South,Bengaluru,Consumer,Completed,Credit Card
O003948,2024-11-26,C00705,East,Bhubaneswar,Consumer,Completed,Credit Card
O003949,2023-12-15,C00433,West,Ahmedabad,Consumer,Completed,UPI
O003950,2023-11-09,C00597,West,Ahmedabad,Consumer,Completed,Credit Card
O003951,2025-07-10,C00256,East,Guwahati,Consumer,Returned,Net Banking
O003952,2023-05-22,C00588,West,Ahmedabad,Consumer,Completed,Debit Card
O003953,2025-03-29,C00415,West,Mumbai,Consumer,Completed,Debit Card
O003954,2025-02-17,C00235,East,Kolkata,Corporate,Completed,Debit Card
O003955,2025-06-02,C00520,North,Lucknow,Consumer,Completed,UPI
O003956,2023-11-30,C00264,West,Surat,Consumer,Completed,Net Banking
O003957,2023-03-01,C00004,East,Bhubaneswar,Corporate,Completed,Credit Card
O003958,2024-06-20,C00590,East,Guwahati,Consumer,Completed,UPI
O003959,2025-09-26,C00031,North,Lucknow,Consumer,Completed,Credit Card
O003960,2023-05-02,C00318,South,Kochi,Consumer,Completed,Credit Card
O003961,2025-11-13,C00230,South,Chennai,Consumer,Completed,UPI
O003962,2025-02-08,C00581,East,Kolkata,Home Office,Completed,Wallet
O003963,2023-04-20,C00049,North,Delhi,Home Office,Completed,UPI
O003964,2023-03-20,C00701,South,Bengaluru,Consumer,Completed,Credit Card
O003965,2025-07-25,C00101,North,Delhi,Corporate,Completed,Net Banking
O003966,2023-02-13,C00413,East,Patna,Corporate,Completed,Wallet
O003967,2025-08-01,C00220,South,Chennai,Consumer,Completed,Wallet
O003968,2025-06-02,C00220,South,Chennai,Consumer,Completed,Debit Card
O003969,2024-12-24,C00332,West,Ahmedabad,Consumer,Completed,Credit Card
O003970,2023-06-19,C00750,East,Bhubaneswar,Home Office,Completed,Debit Card
O003971,2023-06-02,C00371,West,Surat,Consumer,Completed,Credit Card
O003972,2025-01-21,C00167,South,Chennai,Home Office,Completed,Wallet
O003973,2025-10-22,C00567,West,Ahmedabad,Consumer,Completed,UPI
O003974,2024-01-14,C00692,North,Chandigarh,Consumer,Completed,Debit Card
O003975,2024-08-28,C00391,South,Chennai,Home Office,Completed,Credit Card
O003976,2025-08-27,C00689,West,Surat,Consumer,Completed,UPI
O003977,2025-11-16,C00211,East,Kolkata,Consumer,Completed,Credit Card
O003978,2023-12-19,C00527,West,Ahmedabad,Consumer,Completed,Credit Card
O003979,2024-02-15,C00580,South,Bengaluru,Corporate,Completed,UPI
O003980,2023-03-21,C00540,East,Bhubaneswar,Consumer,Completed,Net Banking
O003981,2024-10-11,C00204,East,Bhubaneswar,Consumer,Completed,Credit Card
O003982,2023-11-12,C00212,West,Surat,Corporate,Completed,UPI
O003983,2024-02-22,C00121,North,Jaipur,Corporate,Completed,Debit Card
O003984,2025-08-26,C00454,North,Delhi,Home Office,Completed,Wallet
O003985,2025-06-04,C00732,East,Guwahati,Corporate,Completed,Credit Card
O003986,2025-10-07,C00379,East,Bhubaneswar,Consumer,Completed,Credit Card
O003987,2023-06-26,C00659,East,Patna,Home Office,Completed,Debit Card
O003988,2024-09-17,C00072,South,Hyderabad,Consumer,Completed,Wallet
O003989,2025-12-17,C00109,West,Mumbai,Consumer,Completed,Wallet
O003990,2023-08-09,C00286,South,Bengaluru,Consumer,Completed,Credit Card
O003991,2024-01-29,C00462,South,Hyderabad,Home Office,Returned,Credit Card
O003992,2023-07-12,C00419,South,Chennai,Home Office,Completed,Net Banking
O003993,2025-09-28,C00463,North,Jaipur,Corporate,Completed,UPI
O003994,2025-09-18,C00094,East,Kolkata,Consumer,Completed,Wallet
O003995,2023-07-08,C00262,South,Kochi,Corporate,Completed,UPI
O003996,2024-10-19,C00302,East,Guwahati,Corporate,Completed,Wallet
O003997,2025-01-23,C00393,South,Chennai,Consumer,Returned,Wallet
O003998,2025-08-30,C00674,North,Delhi,Corporate,Completed,Credit Card
O003999,2025-01-03,C00525,East,Patna,Corporate,Completed,Net Banking
O004000,2024-03-03,C00692,North,Chandigarh,Consumer,Completed,Net Banking
O004001,2025-10-28,C00194,West,Pune,Consumer,Completed,Net Banking
O004002,2023-03-05,C00349,West,Mumbai,Corporate,Completed,Net Banking
O004003,2025-08-03,C00131,West,Ahmedabad,Corporate,Completed,Net Banking
O004004,2025-03-23,C00084,East,Bhubaneswar,Consumer,Completed,Credit Card
O004005,2024-05-22,C00044,East,Kolkata,Consumer,Completed,UPI
O004006,2024-10-13,C00394,East,Guwahati,Consumer,Completed,Net Banking
O004007,2024-02-10,C00232,North,Delhi,Consumer,Completed,UPI
O004008,2025-04-11,C00668,North,Lucknow,Consumer,Completed,Debit Card
O004009,2025-12-13,C00229,West,Mumbai,Consumer,Completed,Wallet
O004010,2025-10-06,C00514,North,Chandigarh,Corporate,Completed,Credit Card
O004011,2025-02-04,C00182,West,Pune,Consumer,Completed,UPI
O004012,2024-03-09,C00154,North,Jaipur,Home Office,Completed,UPI
O004013,2024-03-15,C00029,North,Chandigarh,Corporate,Completed,Credit Card
O004014,2025-09-28,C00362,North,Jaipur,Corporate,Completed,Credit Card
O004015,2023-10-25,C00217,North,Chandigarh,Home Office,Completed,Net Banking
O004016,2024-06-28,C00565,East,Kolkata,Consumer,Completed,Credit Card
O004017,2023-03-21,C00611,East,Guwahati,Consumer,Completed,Credit Card
O004018,2025-06-24,C00181,South,Hyderabad,Consumer,Completed,UPI
O004019,2025-11-16,C00645,East,Patna,Corporate,Completed,Debit Card
O004020,2025-06-18,C00716,North,Chandigarh,Corporate,Completed,Credit Card
O004021,2025-02-15,C00577,East,Bhubaneswar,Home Office,Completed,UPI
O004022,2024-02-11,C00511,West,Surat,Consumer,Completed,UPI
O004023,2024-11-12,C00397,South,Bengaluru,Consumer,Completed,Debit Card
O004024,2023-12-26,C00559,East,Patna,Consumer,Completed,Credit Card
O004025,2025-10-20,C00063,East,Kolkata,Corporate,Returned,Debit Card
O004026,2024-07-29,C00591,East,Kolkata,Consumer,Completed,UPI
O004027,2023-07-09,C00527,West,Ahmedabad,Consumer,Completed,Credit Card
O004028,2024-03-27,C00196,South,Bengaluru,Consumer,Completed,Net Banking
O004029,2024-03-01,C00490,South,Hyderabad,Consumer,Completed,UPI
O004030,2024-10-27,C00585,West,Surat,Consumer,Completed,Debit Card
O004031,2023-03-09,C00084,East,Bhubaneswar,Consumer,Completed,Debit Card
O004032,2023-02-09,C00010,West,Ahmedabad,Consumer,Completed,Wallet
O004033,2024-07-11,C00635,East,Patna,Corporate,Completed,Net Banking
O004034,2023-03-11,C00421,North,Chandigarh,Consumer,Completed,Wallet
O004035,2024-11-08,C00193,North,Jaipur,Consumer,Completed,Debit Card
O004036,2024-06-06,C00440,North,Delhi,Consumer,Completed,Debit Card
O004037,2024-08-24,C00646,East,Patna,Consumer,Completed,Net Banking
O004038,2024-12-25,C00289,West,Surat,Consumer,Completed,UPI
O004039,2025-07-04,C00267,West,Pune,Home Office,Completed,Debit Card
O004040,2024-10-15,C00510,East,Guwahati,Consumer,Completed,Credit Card
O004041,2025-05-15,C00567,West,Ahmedabad,Consumer,Completed,UPI
O004042,2023-04-05,C00615,West,Mumbai,Consumer,Completed,UPI
O004043,2023-09-14,C00423,North,Jaipur,Consumer,Completed,Net Banking
O004044,2023-06-03,C00263,East,Kolkata,Corporate,Completed,Wallet
O004045,2024-09-09,C00118,East,Guwahati,Corporate,Completed,Credit Card
O004046,2024-10-03,C00149,South,Bengaluru,Corporate,Completed,Credit Card
O004047,2025-09-16,C00467,North,Jaipur,Corporate,Completed,Debit Card
O004048,2025-04-10,C00391,South,Chennai,Home Office,Completed,UPI
O004049,2023-10-11,C00715,East,Patna,Consumer,Completed,Net Banking
O004050,2023-07-16,C00624,South,Hyderabad,Consumer,Completed,UPI
O004051,2025-12-10,C00273,West,Ahmedabad,Consumer,Returned,Wallet
O004052,2023-09-05,C00604,South,Kochi,Corporate,Completed,Net Banking
O004053,2024-06-11,C00432,South,Kochi,Home Office,Completed,UPI
O004054,2025-10-30,C00556,South,Bengaluru,Corporate,Completed,Credit Card
O004055,2024-09-10,C00124,East,Bhubaneswar,Home Office,Completed,Wallet
O004056,2024-11-20,C00115,East,Patna,Consumer,Completed,Net Banking
O004057,2023-09-05,C00256,East,Guwahati,Consumer,Completed,Credit Card
O004058,2023-06-27,C00397,South,Bengaluru,Consumer,Completed,Credit Card
O004059,2025-04-11,C00239,North,Jaipur,Consumer,Returned,Net Banking
O004060,2025-04-23,C00034,East,Kolkata,Consumer,Completed,Credit Card
O004061,2024-03-16,C00158,South,Hyderabad,Consumer,Completed,Wallet
O004062,2023-10-01,C00718,North,Delhi,Corporate,Completed,Credit Card
O004063,2025-09-25,C00390,South,Kochi,Consumer,Completed,Net Banking
O004064,2025-06-09,C00090,East,Guwahati,Consumer,Completed,UPI
O004065,2025-11-20,C00365,East,Guwahati,Corporate,Completed,Net Banking
O004066,2025-10-04,C00270,East,Guwahati,Home Office,Completed,Net Banking
O004067,2024-08-09,C00664,West,Pune,Consumer,Completed,Credit Card
O004068,2025-05-24,C00206,East,Bhubaneswar,Corporate,Completed,Wallet
O004069,2023-11-25,C00571,West,Mumbai,Consumer,Completed,UPI
O004070,2024-02-01,C00622,West,Surat,Consumer,Completed,UPI
O004071,2024-01-16,C00599,North,Lucknow,Consumer,Completed,Credit Card
O004072,2023-04-30,C00677,South,Bengaluru,Corporate,Completed,Debit Card
O004073,2024-12-08,C00351,North,Chandigarh,Consumer,Completed,UPI
O004074,2023-03-09,C00443,East,Kolkata,Consumer,Completed,UPI
O004075,2025-06-05,C00022,West,Surat,Consumer,Completed,Net Banking
O004076,2025-01-23,C00523,West,Mumbai,Consumer,Completed,Net Banking
O004077,2023-02-20,C00076,West,Surat,Corporate,Completed,Credit Card
O004078,2025-03-29,C00719,South,Hyderabad,Consumer,Completed,Credit Card
O004079,2025-10-05,C00047,West,Surat,Corporate,Completed,Debit Card
O004080,2025-03-30,C00182,West,Pune,Consumer,Completed,Net Banking
O004081,2023-10-14,C00109,West,Mumbai,Consumer,Completed,Net Banking
O004082,2023-04-19,C00025,North,Chandigarh,Consumer,Completed,Credit Card
O004083,2024-05-29,C00186,North,Delhi,Consumer,Completed,Credit Card
O004084,2023-09-11,C00253,South,Chennai,Corporate,Completed,Debit Card
O004085,2025-01-21,C00368,North,Jaipur,Home Office,Completed,Debit Card
O004086,2025-09-24,C00510,East,Guwahati,Consumer,Completed,Wallet
O004087,2025-12-08,C00369,East,Patna,Corporate,Completed,Wallet
O004088,2023-02-03,C00231,South,Bengaluru,Consumer,Completed,Debit Card
O004089,2024-09-11,C00101,North,Delhi,Corporate,Completed,Wallet
O004090,2024-03-31,C00486,North,Chandigarh,Corporate,Completed,Credit Card
O004091,2023-10-25,C00028,East,Guwahati,Consumer,Completed,Debit Card
O004092,2024-02-23,C00327,North,Delhi,Consumer,Returned,Wallet
O004093,2024-03-13,C00289,West,Surat,Consumer,Completed,Wallet
O004094,2025-08-17,C00188,South,Bengaluru,Consumer,Completed,UPI
O004095,2024-05-02,C00540,East,Bhubaneswar,Consumer,Completed,Wallet
O004096,2025-05-11,C00037,West,Surat,Consumer,Completed,UPI
O004097,2025-03-22,C00150,East,Patna,Corporate,Completed,Wallet
O004098,2025-04-09,C00371,West,Surat,Consumer,Completed,Debit Card
O004099,2025-10-09,C00072,South,Hyderabad,Consumer,Completed,Wallet
O004100,2025-05-27,C00311,East,Guwahati,Consumer,Completed,Wallet
O004101,2023-07-02,C00538,West,Pune,Home Office,Completed,Net Banking
O004102,2025-02-19,C00606,North,Delhi,Consumer,Completed,Net Banking
O004103,2024-05-10,C00357,West,Surat,Corporate,Completed,Wallet
O004104,2024-06-10,C00187,North,Lucknow,Consumer,Completed,Wallet
O004105,2024-12-13,C00191,North,Lucknow,Home Office,Completed,Debit Card
O004106,2024-02-11,C00708,North,Chandigarh,Corporate,Completed,UPI
O004107,2023-04-20,C00600,South,Bengaluru,Home Office,Completed,Credit Card
O004108,2025-08-15,C00165,East,Guwahati,Corporate,Completed,Net Banking
O004109,2025-08-02,C00160,East,Guwahati,Corporate,Completed,Credit Card
O004110,2024-08-06,C00601,East,Bhubaneswar,Consumer,Completed,UPI
O004111,2023-07-16,C00464,North,Chandigarh,Corporate,Completed,Net Banking
O004112,2025-03-22,C00073,South,Kochi,Home Office,Completed,Credit Card
O004113,2025-04-26,C00630,South,Bengaluru,Consumer,Completed,Wallet
O004114,2024-02-09,C00211,East,Kolkata,Consumer,Completed,Debit Card
O004115,2023-07-07,C00097,East,Guwahati,Consumer,Completed,UPI
O004116,2024-02-10,C00115,East,Patna,Consumer,Completed,Debit Card
O004117,2023-08-09,C00354,North,Chandigarh,Home Office,Completed,Credit Card
O004118,2024-07-10,C00619,West,Pune,Consumer,Returned,Debit Card
O004119,2025-10-08,C00615,West,Mumbai,Consumer,Completed,Debit Card
O004120,2023-09-25,C00447,South,Kochi,Consumer,Completed,Debit Card
O004121,2023-06-29,C00568,South,Bengaluru,Consumer,Completed,Net Banking
O004122,2025-06-25,C00540,East,Bhubaneswar,Consumer,Completed,Wallet
O004123,2024-04-29,C00655,North,Lucknow,Consumer,Completed,Debit Card
O004124,2024-03-14,C00133,West,Surat,Corporate,Completed,Credit Card
O004125,2023-04-03,C00423,North,Jaipur,Consumer,Completed,Debit Card
O004126,2025-03-16,C00453,East,Patna,Consumer,Completed,Credit Card
O004127,2025-01-03,C00293,South,Bengaluru,Home Office,Completed,UPI
O004128,2024-01-18,C00250,West,Mumbai,Consumer,Completed,UPI
O004129,2023-01-11,C00034,East,Kolkata,Consumer,Completed,Wallet
O004130,2024-08-18,C00515,North,Chandigarh,Consumer,Completed,UPI
O004131,2024-03-10,C00651,West,Surat,Consumer,Completed,Wallet
O004132,2023-09-08,C00362,North,Jaipur,Corporate,Completed,UPI
O004133,2024-11-23,C00235,East,Kolkata,Corporate,Completed,Net Banking
O004134,2024-10-03,C00364,West,Ahmedabad,Consumer,Completed,Wallet
O004135,2024-03-29,C00740,South,Hyderabad,Consumer,Completed,Net Banking
O004136,2025-04-01,C00607,West,Pune,Consumer,Completed,Debit Card
O004137,2023-01-01,C00525,East,Patna,Corporate,Completed,Wallet
O004138,2023-01-24,C00657,East,Patna,Corporate,Completed,Credit Card
O004139,2024-08-25,C00135,West,Surat,Consumer,Completed,Wallet
O004140,2023-04-23,C00539,North,Jaipur,Consumer,Completed,Wallet
O004141,2024-08-27,C00649,South,Kochi,Home Office,Completed,Debit Card
O004142,2023-03-16,C00197,West,Pune,Consumer,Completed,Wallet
O004143,2024-03-31,C00053,West,Surat,Home Office,Completed,Net Banking
O004144,2023-06-07,C00263,East,Kolkata,Corporate,Completed,Credit Card
O004145,2024-02-22,C00076,West,Surat,Corporate,Completed,Debit Card
O004146,2023-02-05,C00671,West,Surat,Consumer,Completed,Credit Card
O004147,2024-03-26,C00261,North,Chandigarh,Consumer,Completed,Debit Card
O004148,2024-12-23,C00638,North,Jaipur,Corporate,Completed,Debit Card
O004149,2023-03-26,C00348,West,Surat,Consumer,Completed,UPI
O004150,2025-08-22,C00008,East,Guwahati,Consumer,Completed,Net Banking
O004151,2024-06-06,C00246,East,Guwahati,Consumer,Completed,Credit Card
O004152,2025-04-28,C00366,North,Chandigarh,Consumer,Completed,Net Banking
O004153,2025-01-28,C00288,South,Kochi,Consumer,Completed,UPI
O004154,2023-05-10,C00574,South,Hyderabad,Consumer,Completed,Credit Card
O004155,2024-03-29,C00206,East,Bhubaneswar,Corporate,Completed,Wallet
O004156,2025-10-11,C00642,East,Patna,Home Office,Completed,Debit Card
O004157,2025-05-31,C00444,North,Jaipur,Consumer,Completed,UPI
O004158,2023-02-11,C00581,East,Kolkata,Home Office,Completed,Wallet
O004159,2023-04-10,C00378,West,Pune,Home Office,Completed,Credit Card
O004160,2025-05-14,C00017,North,Chandigarh,Consumer,Completed,UPI
O004161,2023-01-28,C00605,East,Patna,Consumer,Completed,UPI
O004162,2023-06-04,C00455,East,Patna,Consumer,Completed,Wallet
O004163,2024-04-28,C00519,North,Delhi,Consumer,Completed,Wallet
O004164,2024-12-22,C00706,West,Pune,Consumer,Completed,Debit Card
O004165,2025-10-24,C00067,North,Chandigarh,Corporate,Completed,Debit Card
O004166,2025-03-26,C00345,West,Mumbai,Consumer,Completed,Wallet
O004167,2024-12-14,C00554,West,Mumbai,Consumer,Completed,Wallet
O004168,2023-02-02,C00229,West,Mumbai,Consumer,Completed,Net Banking
O004169,2025-06-01,C00511,West,Surat,Consumer,Completed,Wallet
O004170,2024-08-12,C00701,South,Bengaluru,Consumer,Completed,Debit Card
O004171,2024-02-04,C00342,South,Hyderabad,Consumer,Completed,Debit Card
O004172,2025-10-11,C00601,East,Bhubaneswar,Consumer,Returned,Debit Card
O004173,2025-02-07,C00500,South,Kochi,Consumer,Completed,Net Banking
O004174,2023-09-23,C00247,South,Chennai,Corporate,Completed,Net Banking
O004175,2025-03-03,C00349,West,Mumbai,Corporate,Completed,UPI
O004176,2024-01-24,C00409,East,Bhubaneswar,Consumer,Completed,Net Banking
O004177,2025-04-25,C00094,East,Kolkata,Consumer,Completed,Net Banking
O004178,2025-10-02,C00158,South,Hyderabad,Consumer,Completed,Debit Card
O004179,2024-01-03,C00519,North,Delhi,Consumer,Completed,Debit Card
O004180,2025-12-06,C00303,North,Delhi,Consumer,Completed,Debit Card
O004181,2024-04-11,C00681,West,Surat,Corporate,Completed,UPI
O004182,2025-11-20,C00255,East,Guwahati,Consumer,Completed,Credit Card
O004183,2024-08-13,C00444,North,Jaipur,Consumer,Completed,UPI
O004184,2023-01-14,C00213,West,Surat,Consumer,Completed,Debit Card
O004185,2024-04-08,C00155,North,Lucknow,Consumer,Completed,UPI
O004186,2024-07-29,C00461,North,Jaipur,Corporate,Completed,Debit Card
O004187,2024-02-08,C00003,North,Lucknow,Home Office,Completed,Wallet
O004188,2023-11-06,C00075,West,Pune,Consumer,Completed,UPI
O004189,2024-03-20,C00397,South,Bengaluru,Consumer,Completed,Wallet
O004190,2023-06-15,C00220,South,Chennai,Consumer,Completed,Wallet
O004191,2025-02-23,C00462,South,Hyderabad,Home Office,Completed,Debit Card
O004192,2025-08-06,C00139,East,Bhubaneswar,Consumer,Completed,Debit Card
O004193,2025-01-10,C00590,East,Guwahati,Consumer,Completed,Debit Card
O004194,2023-09-19,C00050,South,Chennai,Consumer,Completed,Wallet
O004195,2025-12-27,C00038,East,Guwahati,Consumer,Completed,Credit Card
O004196,2024-10-06,C00318,South,Kochi,Consumer,Completed,UPI
O004197,2025-08-12,C00174,East,Guwahati,Corporate,Completed,Debit Card
O004198,2024-11-19,C00201,North,Jaipur,Consumer,Completed,Net Banking
O004199,2023-11-22,C00186,North,Delhi,Consumer,Completed,Net Banking
O004200,2023-04-01,C00369,East,Patna,Corporate,Completed,Wallet
O004201,2025-07-03,C00214,North,Delhi,Corporate,Completed,Net Banking
O004202,2024-10-03,C00632,North,Lucknow,Consumer,Completed,Net Banking
O004203,2025-01-07,C00196,South,Bengaluru,Consumer,Completed,Net Banking
O004204,2023-09-20,C00020,West,Mumbai,Home Office,Completed,Debit Card
O004205,2023-06-18,C00264,West,Surat,Consumer,Completed,UPI
O004206,2023-02-01,C00062,West,Mumbai,Home Office,Completed,Wallet
O004207,2025-02-21,C00026,North,Chandigarh,Consumer,Completed,Wallet
O004208,2025-09-07,C00260,East,Bhubaneswar,Home Office,Completed,Credit Card
O004209,2024-04-10,C00107,West,Mumbai,Consumer,Completed,Net Banking
O004210,2025-08-15,C00461,North,Jaipur,Corporate,Completed,Credit Card
O004211,2024-09-11,C00720,East,Bhubaneswar,Consumer,Completed,Debit Card
O004212,2024-12-29,C00468,North,Lucknow,Consumer,Completed,UPI
O004213,2023-09-25,C00206,East,Bhubaneswar,Corporate,Completed,Wallet
O004214,2024-06-06,C00388,North,Lucknow,Home Office,Completed,Wallet
O004215,2023-09-19,C00551,South,Hyderabad,Consumer,Completed,Credit Card
O004216,2024-03-15,C00696,East,Patna,Consumer,Completed,Wallet
O004217,2024-10-20,C00366,North,Chandigarh,Consumer,Completed,Net Banking
O004218,2024-02-28,C00143,North,Lucknow,Consumer,Returned,Wallet
O004219,2024-03-23,C00283,East,Bhubaneswar,Home Office,Completed,Debit Card
O004220,2023-01-14,C00492,South,Kochi,Consumer,Completed,Debit Card
O004221,2025-04-03,C00250,West,Mumbai,Consumer,Completed,Credit Card
O004222,2023-11-28,C00091,North,Jaipur,Home Office,Completed,Wallet
O004223,2025-04-30,C00412,South,Kochi,Home Office,Completed,Credit Card
O004224,2025-05-23,C00346,North,Delhi,Consumer,Completed,Credit Card
O004225,2023-01-23,C00579,West,Mumbai,Consumer,Completed,Wallet
O004226,2023-12-07,C00401,West,Mumbai,Consumer,Completed,Wallet
O004227,2024-12-22,C00604,South,Kochi,Corporate,Completed,Net Banking
O004228,2024-12-20,C00344,East,Kolkata,Consumer,Returned,Net Banking
O004229,2024-04-26,C00252,South,Kochi,Consumer,Completed,Debit Card
O004230,2024-04-06,C00561,East,Kolkata,Consumer,Completed,Debit Card
O004231,2024-12-17,C00335,South,Bengaluru,Consumer,Completed,Credit Card
O004232,2023-08-02,C00348,West,Surat,Consumer,Completed,Net Banking
O004233,2024-11-20,C00500,South,Kochi,Consumer,Completed,Wallet
O004234,2024-03-05,C00182,West,Pune,Consumer,Completed,Debit Card
O004235,2023-07-02,C00275,South,Hyderabad,Consumer,Cancelled,Wallet
O004236,2023-02-18,C00279,South,Hyderabad,Home Office,Completed,Credit Card
O004237,2024-02-15,C00651,West,Surat,Consumer,Completed,UPI
O004238,2025-01-14,C00523,West,Mumbai,Consumer,Completed,Debit Card
O004239,2025-12-12,C00148,South,Bengaluru,Consumer,Completed,Wallet
O004240,2025-03-17,C00733,East,Kolkata,Consumer,Completed,Debit Card
O004241,2025-07-31,C00681,West,Surat,Corporate,Completed,Wallet
O004242,2023-07-03,C00502,East,Bhubaneswar,Consumer,Completed,UPI
O004243,2025-02-20,C00077,South,Kochi,Home Office,Completed,Net Banking
O004244,2025-07-14,C00631,West,Mumbai,Consumer,Completed,UPI
O004245,2023-04-03,C00214,North,Delhi,Corporate,Completed,Credit Card
O004246,2023-04-28,C00320,East,Guwahati,Corporate,Completed,Net Banking
O004247,2023-11-21,C00542,West,Ahmedabad,Consumer,Completed,Net Banking
O004248,2024-02-05,C00280,South,Hyderabad,Home Office,Completed,UPI
O004249,2023-08-25,C00024,North,Lucknow,Consumer,Completed,Net Banking
O004250,2025-10-19,C00589,North,Lucknow,Corporate,Completed,UPI
O004251,2025-05-18,C00339,South,Kochi,Consumer,Completed,Wallet
O004252,2025-05-10,C00241,East,Patna,Consumer,Completed,Credit Card
O004253,2024-12-11,C00722,East,Guwahati,Consumer,Returned,Credit Card
O004254,2024-02-03,C00172,West,Surat,Consumer,Completed,Net Banking
O004255,2025-05-18,C00421,North,Chandigarh,Consumer,Completed,Debit Card
O004256,2024-11-16,C00384,South,Kochi,Corporate,Completed,Net Banking
O004257,2023-06-10,C00470,North,Chandigarh,Corporate,Completed,Credit Card
O004258,2024-07-17,C00428,South,Chennai,Corporate,Completed,Credit Card
O004259,2024-06-02,C00186,North,Delhi,Consumer,Completed,Credit Card
O004260,2023-01-12,C00627,West,Surat,Consumer,Completed,Net Banking
O004261,2024-10-06,C00240,East,Bhubaneswar,Consumer,Completed,UPI
O004262,2025-09-14,C00589,North,Lucknow,Corporate,Completed,Wallet
O004263,2025-01-31,C00550,West,Pune,Home Office,Completed,Debit Card
O004264,2025-12-10,C00441,South,Bengaluru,Consumer,Completed,Credit Card
O004265,2025-07-28,C00343,North,Lucknow,Corporate,Returned,UPI
O004266,2024-12-21,C00554,West,Mumbai,Consumer,Completed,Debit Card
O004267,2023-03-02,C00454,North,Delhi,Home Office,Completed,Credit Card
O004268,2025-04-14,C00354,North,Chandigarh,Home Office,Completed,Wallet
O004269,2025-06-03,C00032,West,Mumbai,Consumer,Completed,Net Banking
O004270,2024-07-29,C00161,West,Mumbai,Consumer,Completed,Net Banking
O004271,2025-06-03,C00568,South,Bengaluru,Consumer,Completed,Net Banking
O004272,2024-02-07,C00016,West,Ahmedabad,Consumer,Completed,UPI
O004273,2024-08-03,C00192,East,Guwahati,Consumer,Completed,Net Banking
O004274,2023-04-02,C00209,South,Hyderabad,Consumer,Completed,UPI
O004275,2025-03-13,C00511,West,Surat,Consumer,Completed,Net Banking
O004276,2025-09-01,C00640,South,Kochi,Consumer,Completed,UPI
O004277,2025-05-24,C00712,South,Chennai,Corporate,Completed,Net Banking
O004278,2025-01-30,C00477,West,Mumbai,Consumer,Completed,Credit Card
O004279,2024-11-30,C00070,North,Jaipur,Consumer,Completed,Credit Card
O004280,2025-04-19,C00534,East,Patna,Home Office,Completed,Net Banking
O004281,2025-12-17,C00480,South,Bengaluru,Consumer,Completed,Wallet
O004282,2023-09-03,C00065,East,Kolkata,Home Office,Completed,Wallet
O004283,2023-08-13,C00029,North,Chandigarh,Corporate,Completed,Wallet
O004284,2025-12-02,C00666,West,Surat,Consumer,Returned,UPI
O004285,2025-09-29,C00539,North,Jaipur,Consumer,Completed,Debit Card
O004286,2023-09-01,C00546,West,Mumbai,Consumer,Completed,Wallet
O004287,2024-02-24,C00202,East,Guwahati,Home Office,Completed,Credit Card
O004288,2023-01-22,C00173,East,Bhubaneswar,Consumer,Completed,Net Banking
O004289,2024-03-12,C00459,South,Chennai,Consumer,Completed,UPI
O004290,2024-08-19,C00570,East,Bhubaneswar,Home Office,Completed,Credit Card
O004291,2023-08-30,C00054,East,Bhubaneswar,Consumer,Completed,Net Banking
O004292,2024-06-08,C00259,South,Hyderabad,Consumer,Completed,Wallet
O004293,2024-10-28,C00136,West,Mumbai,Consumer,Completed,Wallet
O004294,2024-10-08,C00328,South,Kochi,Consumer,Completed,UPI
O004295,2023-09-24,C00608,South,Bengaluru,Corporate,Completed,Credit Card
O004296,2023-02-13,C00354,North,Chandigarh,Home Office,Completed,Debit Card
O004297,2023-01-07,C00739,South,Bengaluru,Corporate,Completed,UPI
O004298,2024-01-04,C00723,South,Bengaluru,Consumer,Completed,Wallet
O004299,2025-01-01,C00266,East,Bhubaneswar,Home Office,Completed,UPI
O004300,2023-02-15,C00479,South,Kochi,Consumer,Completed,Wallet
O004301,2023-10-14,C00644,South,Kochi,Consumer,Completed,UPI
O004302,2024-09-08,C00632,North,Lucknow,Consumer,Completed,UPI
O004303,2024-12-10,C00025,North,Chandigarh,Consumer,Completed,Debit Card
O004304,2025-06-27,C00534,East,Patna,Home Office,Completed,Credit Card
O004305,2024-07-08,C00721,West,Pune,Consumer,Completed,Debit Card
O004306,2023-06-23,C00220,South,Chennai,Consumer,Completed,Wallet
O004307,2023-10-10,C00251,West,Ahmedabad,Consumer,Completed,Wallet
O004308,2024-12-04,C00018,West,Mumbai,Home Office,Completed,Wallet
O004309,2025-12-13,C00065,East,Kolkata,Home Office,Completed,UPI
O004310,2025-05-16,C00013,North,Delhi,Consumer,Completed,Debit Card
O004311,2025-10-24,C00255,East,Guwahati,Consumer,Completed,Wallet
O004312,2024-07-30,C00576,North,Delhi,Consumer,Completed,UPI
O004313,2025-11-11,C00530,North,Chandigarh,Consumer,Completed,Net Banking
O004314,2025-01-09,C00375,East,Guwahati,Home Office,Completed,Credit Card
O004315,2025-01-24,C00434,East,Guwahati,Home Office,Completed,Credit Card
O004316,2023-11-09,C00366,North,Chandigarh,Consumer,Completed,Net Banking
O004317,2025-10-14,C00556,South,Bengaluru,Corporate,Completed,Credit Card
O004318,2025-09-15,C00039,South,Hyderabad,Home Office,Completed,Debit Card
O004319,2024-11-08,C00020,West,Mumbai,Home Office,Completed,UPI
O004320,2025-06-12,C00667,West,Surat,Corporate,Completed,Net Banking
O004321,2025-09-27,C00692,North,Chandigarh,Consumer,Completed,Debit Card
O004322,2023-03-03,C00353,South,Kochi,Consumer,Completed,Debit Card
O004323,2023-09-11,C00606,North,Delhi,Consumer,Completed,Net Banking
O004324,2025-01-08,C00454,North,Delhi,Home Office,Completed,Debit Card
O004325,2023-08-20,C00063,East,Kolkata,Corporate,Completed,UPI
O004326,2023-04-25,C00322,South,Bengaluru,Consumer,Returned,Credit Card
O004327,2024-08-16,C00734,South,Bengaluru,Consumer,Completed,Debit Card
O004328,2025-06-10,C00185,East,Kolkata,Corporate,Returned,Credit Card
O004329,2024-02-21,C00013,North,Delhi,Consumer,Returned,Net Banking
O004330,2025-04-29,C00109,West,Mumbai,Consumer,Completed,UPI
O004331,2024-09-09,C00584,East,Guwahati,Consumer,Completed,Net Banking
O004332,2023-07-01,C00509,South,Bengaluru,Corporate,Completed,Debit Card
O004333,2023-11-21,C00546,West,Mumbai,Consumer,Completed,Net Banking
O004334,2025-02-24,C00091,North,Jaipur,Home Office,Completed,Net Banking
O004335,2023-03-15,C00507,West,Surat,Consumer,Returned,Wallet
O004336,2024-12-18,C00266,East,Bhubaneswar,Home Office,Completed,UPI
O004337,2023-08-10,C00640,South,Kochi,Consumer,Completed,Net Banking
O004338,2024-08-06,C00129,East,Kolkata,Consumer,Completed,Credit Card
O004339,2024-03-20,C00456,North,Delhi,Consumer,Completed,Credit Card
O004340,2025-07-05,C00646,East,Patna,Consumer,Completed,Wallet
O004341,2024-03-08,C00312,North,Lucknow,Consumer,Completed,Net Banking
O004342,2025-07-16,C00227,North,Delhi,Consumer,Completed,Credit Card
O004343,2023-01-17,C00712,South,Chennai,Corporate,Completed,Credit Card
O004344,2025-04-08,C00705,East,Bhubaneswar,Consumer,Completed,Net Banking
O004345,2024-09-20,C00141,North,Lucknow,Home Office,Completed,Wallet
O004346,2024-02-02,C00195,South,Kochi,Home Office,Completed,Credit Card
O004347,2025-06-24,C00182,West,Pune,Consumer,Completed,Wallet
O004348,2025-08-29,C00193,North,Jaipur,Consumer,Completed,Wallet
O004349,2023-12-12,C00186,North,Delhi,Consumer,Completed,Debit Card
O004350,2025-02-25,C00209,South,Hyderabad,Consumer,Completed,UPI
O004351,2024-10-31,C00295,South,Bengaluru,Corporate,Completed,Wallet
O004352,2024-07-25,C00003,North,Lucknow,Home Office,Completed,Wallet
O004353,2023-01-23,C00147,North,Chandigarh,Home Office,Completed,Net Banking
O004354,2025-03-10,C00431,East,Guwahati,Home Office,Cancelled,UPI
O004355,2024-01-08,C00298,West,Surat,Consumer,Completed,Credit Card
O004356,2024-06-29,C00410,South,Bengaluru,Consumer,Completed,UPI
O004357,2024-04-08,C00333,East,Kolkata,Corporate,Completed,UPI
O004358,2025-03-03,C00563,West,Surat,Consumer,Completed,Debit Card
O004359,2025-12-02,C00288,South,Kochi,Consumer,Completed,Net Banking
O004360,2025-03-28,C00153,West,Mumbai,Consumer,Completed,Net Banking
O004361,2025-10-25,C00120,East,Kolkata,Corporate,Completed,Credit Card
O004362,2025-03-21,C00467,North,Jaipur,Corporate,Completed,Wallet
O004363,2024-06-24,C00715,East,Patna,Consumer,Completed,Net Banking
O004364,2023-03-16,C00201,North,Jaipur,Consumer,Completed,Debit Card
O004365,2024-01-31,C00420,West,Ahmedabad,Home Office,Completed,Wallet
O004366,2025-06-02,C00139,East,Bhubaneswar,Consumer,Completed,Debit Card
O004367,2023-10-09,C00380,West,Mumbai,Home Office,Completed,Wallet
O004368,2024-12-12,C00094,East,Kolkata,Consumer,Completed,Debit Card
O004369,2024-10-16,C00533,North,Lucknow,Consumer,Completed,Credit Card
O004370,2024-01-16,C00438,West,Ahmedabad,Consumer,Completed,Net Banking
O004371,2024-02-24,C00736,South,Kochi,Corporate,Completed,UPI
O004372,2024-07-25,C00177,North,Delhi,Consumer,Completed,Net Banking
O004373,2023-03-25,C00734,South,Bengaluru,Consumer,Completed,UPI
O004374,2025-01-14,C00668,North,Lucknow,Consumer,Completed,Debit Card
O004375,2025-07-29,C00436,East,Kolkata,Home Office,Completed,Net Banking
O004376,2025-01-11,C00023,North,Jaipur,Home Office,Completed,Credit Card
O004377,2024-12-20,C00585,West,Surat,Consumer,Completed,Wallet
O004378,2024-02-01,C00381,South,Hyderabad,Home Office,Completed,Net Banking
O004379,2025-09-08,C00387,North,Delhi,Corporate,Completed,Net Banking
O004380,2023-06-07,C00100,North,Lucknow,Consumer,Completed,Credit Card
O004381,2023-08-11,C00639,South,Chennai,Consumer,Completed,Credit Card
O004382,2025-07-30,C00630,South,Bengaluru,Consumer,Cancelled,Credit Card
O004383,2023-03-31,C00342,South,Hyderabad,Consumer,Completed,Debit Card
O004384,2024-05-24,C00397,South,Bengaluru,Consumer,Completed,Credit Card
O004385,2024-03-29,C00012,South,Kochi,Corporate,Completed,Debit Card
O004386,2024-11-26,C00086,West,Mumbai,Consumer,Completed,UPI
O004387,2024-05-10,C00195,South,Kochi,Home Office,Completed,Credit Card
O004388,2025-07-20,C00686,North,Delhi,Corporate,Completed,Net Banking
O004389,2025-09-25,C00374,South,Kochi,Consumer,Completed,UPI
O004390,2023-05-26,C00188,South,Bengaluru,Consumer,Completed,Credit Card
O004391,2024-01-05,C00735,South,Bengaluru,Consumer,Completed,Credit Card
O004392,2023-02-04,C00430,East,Patna,Consumer,Completed,Debit Card
O004393,2023-06-17,C00337,East,Bhubaneswar,Consumer,Completed,Debit Card
O004394,2024-01-21,C00090,East,Guwahati,Consumer,Completed,UPI
O004395,2023-10-30,C00398,South,Kochi,Corporate,Completed,Debit Card
O004396,2024-11-08,C00573,North,Chandigarh,Consumer,Completed,Debit Card
O004397,2024-09-16,C00553,East,Patna,Consumer,Completed,Credit Card
O004398,2024-01-25,C00245,West,Mumbai,Consumer,Completed,Credit Card
O004399,2025-05-03,C00233,South,Kochi,Consumer,Completed,Debit Card
O004400,2024-09-11,C00378,West,Pune,Home Office,Completed,Wallet
O004401,2024-07-31,C00095,East,Patna,Consumer,Completed,Net Banking
O004402,2025-07-08,C00391,South,Chennai,Home Office,Completed,Net Banking
O004403,2023-01-22,C00748,North,Delhi,Consumer,Completed,Wallet
O004404,2023-12-14,C00158,South,Hyderabad,Consumer,Completed,Wallet
O004405,2025-08-21,C00168,South,Bengaluru,Consumer,Completed,Debit Card
O004406,2025-02-18,C00621,South,Bengaluru,Corporate,Completed,Debit Card
O004407,2023-07-13,C00245,West,Mumbai,Consumer,Completed,Credit Card
O004408,2023-03-04,C00110,North,Jaipur,Consumer,Completed,Wallet
O004409,2023-06-21,C00477,West,Mumbai,Consumer,Completed,Net Banking
O004410,2024-03-09,C00393,South,Chennai,Consumer,Completed,UPI
O004411,2025-02-28,C00053,West,Surat,Home Office,Completed,Debit Card
O004412,2023-11-02,C00717,South,Bengaluru,Consumer,Completed,Debit Card
O004413,2025-03-13,C00173,East,Bhubaneswar,Consumer,Completed,Debit Card
O004414,2025-05-21,C00177,North,Delhi,Consumer,Completed,UPI
O004415,2023-11-24,C00532,South,Hyderabad,Consumer,Completed,Net Banking
O004416,2023-05-13,C00335,South,Bengaluru,Consumer,Completed,UPI
O004417,2023-08-29,C00295,South,Bengaluru,Corporate,Completed,Credit Card
O004418,2025-06-11,C00600,South,Bengaluru,Home Office,Completed,Wallet
O004419,2023-05-18,C00476,East,Kolkata,Home Office,Completed,Net Banking
O004420,2025-04-11,C00101,North,Delhi,Corporate,Completed,Wallet
O004421,2025-08-03,C00156,East,Bhubaneswar,Consumer,Completed,Debit Card
O004422,2025-08-08,C00294,East,Guwahati,Consumer,Completed,UPI
O004423,2023-08-04,C00370,South,Kochi,Consumer,Completed,Net Banking
O004424,2024-09-18,C00183,South,Kochi,Consumer,Returned,Debit Card
O004425,2025-01-11,C00040,North,Chandigarh,Consumer,Completed,Wallet
O004426,2023-12-09,C00032,West,Mumbai,Consumer,Completed,Credit Card
O004427,2025-01-24,C00474,West,Mumbai,Consumer,Completed,Wallet
O004428,2025-07-30,C00271,North,Jaipur,Home Office,Completed,UPI
O004429,2025-10-12,C00327,North,Delhi,Consumer,Completed,Wallet
O004430,2025-05-02,C00650,South,Kochi,Consumer,Completed,UPI
O004431,2025-09-30,C00338,East,Patna,Consumer,Completed,Net Banking
O004432,2025-07-12,C00239,North,Jaipur,Consumer,Completed,Debit Card
O004433,2024-09-20,C00098,East,Patna,Home Office,Completed,Wallet
O004434,2025-08-19,C00744,South,Chennai,Consumer,Completed,Credit Card
O004435,2023-05-07,C00646,East,Patna,Consumer,Completed,Credit Card
O004436,2025-02-20,C00407,South,Chennai,Corporate,Completed,Credit Card
O004437,2024-03-07,C00569,West,Surat,Consumer,Completed,UPI
O004438,2024-05-17,C00409,East,Bhubaneswar,Consumer,Completed,Credit Card
O004439,2025-11-21,C00339,South,Kochi,Consumer,Completed,Credit Card
O004440,2024-07-20,C00087,South,Kochi,Home Office,Returned,Wallet
O004441,2023-11-19,C00543,East,Patna,Consumer,Completed,Debit Card
O004442,2023-09-08,C00312,North,Lucknow,Consumer,Completed,Wallet
O004443,2024-03-28,C00426,West,Pune,Corporate,Completed,Debit Card
O004444,2023-01-17,C00189,West,Pune,Consumer,Completed,Debit Card
O004445,2023-04-24,C00172,West,Surat,Consumer,Returned,Net Banking
O004446,2025-09-15,C00403,East,Guwahati,Consumer,Completed,Debit Card
O004447,2024-03-09,C00624,South,Hyderabad,Consumer,Completed,Wallet
O004448,2023-06-06,C00582,South,Bengaluru,Consumer,Completed,Wallet
O004449,2023-10-16,C00459,South,Chennai,Consumer,Completed,Debit Card
O004450,2025-05-05,C00300,East,Bhubaneswar,Consumer,Completed,Wallet
O004451,2023-07-25,C00080,East,Guwahati,Corporate,Completed,Net Banking
O004452,2023-01-10,C00278,West,Ahmedabad,Corporate,Completed,Credit Card
O004453,2024-07-12,C00726,North,Chandigarh,Consumer,Completed,UPI
O004454,2023-02-02,C00619,West,Pune,Consumer,Completed,Wallet
O004455,2025-08-28,C00178,East,Bhubaneswar,Home Office,Completed,Wallet
O004456,2023-11-04,C00262,South,Kochi,Corporate,Returned,Wallet
O004457,2025-05-01,C00499,North,Delhi,Home Office,Completed,Credit Card
O004458,2024-05-17,C00227,North,Delhi,Consumer,Returned,Wallet
O004459,2024-09-20,C00010,West,Ahmedabad,Consumer,Completed,UPI
O004460,2024-01-22,C00619,West,Pune,Consumer,Completed,UPI
O004461,2025-04-23,C00482,North,Lucknow,Home Office,Completed,Net Banking
O004462,2024-01-19,C00446,North,Chandigarh,Consumer,Completed,Debit Card
O004463,2025-05-02,C00590,East,Guwahati,Consumer,Completed,Wallet
O004464,2023-12-14,C00022,West,Surat,Consumer,Completed,UPI
O004465,2025-06-29,C00481,South,Chennai,Corporate,Completed,Net Banking
O004466,2023-05-08,C00632,North,Lucknow,Consumer,Completed,UPI
O004467,2025-05-04,C00588,West,Ahmedabad,Consumer,Completed,Wallet
O004468,2023-06-07,C00225,West,Mumbai,Consumer,Completed,UPI
O004469,2025-03-12,C00358,West,Mumbai,Consumer,Completed,UPI
O004470,2023-12-30,C00412,South,Kochi,Home Office,Completed,Debit Card
O004471,2025-03-28,C00171,North,Lucknow,Consumer,Completed,Debit Card
O004472,2025-06-12,C00398,South,Kochi,Corporate,Completed,Debit Card
O004473,2024-07-06,C00625,East,Bhubaneswar,Home Office,Completed,Net Banking
O004474,2025-01-06,C00049,North,Delhi,Home Office,Completed,Wallet
O004475,2023-05-18,C00153,West,Mumbai,Consumer,Completed,Debit Card
O004476,2023-08-27,C00071,South,Kochi,Consumer,Completed,Net Banking
O004477,2023-12-16,C00504,East,Patna,Consumer,Completed,UPI
O004478,2024-08-02,C00082,North,Delhi,Consumer,Completed,Wallet
O004479,2023-08-20,C00035,South,Hyderabad,Consumer,Completed,Credit Card
O004480,2025-11-17,C00378,West,Pune,Home Office,Completed,UPI
O004481,2023-08-10,C00306,East,Guwahati,Home Office,Completed,Wallet
O004482,2024-09-11,C00383,East,Bhubaneswar,Corporate,Completed,Wallet
O004483,2025-03-11,C00748,North,Delhi,Consumer,Completed,Wallet
O004484,2023-10-28,C00366,North,Chandigarh,Consumer,Completed,Debit Card
O004485,2023-07-28,C00534,East,Patna,Home Office,Completed,Debit Card
O004486,2024-01-27,C00351,North,Chandigarh,Consumer,Completed,Credit Card
O004487,2023-05-07,C00213,West,Surat,Consumer,Completed,Wallet
O004488,2023-12-16,C00425,West,Mumbai,Consumer,Completed,Debit Card
O004489,2025-03-19,C00032,West,Mumbai,Consumer,Completed,Credit Card
O004490,2023-11-20,C00467,North,Jaipur,Corporate,Completed,Debit Card
O004491,2023-11-22,C00734,South,Bengaluru,Consumer,Completed,Net Banking
O004492,2025-02-27,C00030,South,Bengaluru,Consumer,Completed,Credit Card
O004493,2025-10-07,C00074,East,Guwahati,Consumer,Completed,Wallet
O004494,2025-10-19,C00484,West,Mumbai,Consumer,Completed,UPI
O004495,2024-05-08,C00583,West,Ahmedabad,Corporate,Completed,Wallet
O004496,2025-10-06,C00667,West,Surat,Corporate,Completed,Wallet
O004497,2024-02-29,C00424,South,Chennai,Home Office,Completed,Credit Card
O004498,2024-10-15,C00688,North,Lucknow,Consumer,Completed,Net Banking
O004499,2024-01-28,C00139,East,Bhubaneswar,Consumer,Completed,Net Banking
O004500,2023-03-23,C00632,North,Lucknow,Consumer,Completed,Net Banking
O004501,2024-04-18,C00513,East,Guwahati,Corporate,Completed,Credit Card
O004502,2023-05-25,C00177,North,Delhi,Consumer,Completed,Credit Card
O004503,2024-10-14,C00463,North,Jaipur,Corporate,Completed,Net Banking
O004504,2023-01-07,C00449,East,Guwahati,Home Office,Completed,Debit Card
O004505,2024-08-01,C00358,West,Mumbai,Consumer,Completed,Debit Card
O004506,2025-07-23,C00335,South,Bengaluru,Consumer,Completed,Credit Card
O004507,2023-05-25,C00501,West,Mumbai,Consumer,Completed,Wallet
O004508,2025-01-04,C00107,West,Mumbai,Consumer,Completed,Debit Card
O004509,2025-01-05,C00269,West,Ahmedabad,Consumer,Completed,Wallet
O004510,2024-11-12,C00258,North,Lucknow,Consumer,Completed,UPI
O004511,2024-11-01,C00710,West,Mumbai,Home Office,Completed,UPI
O004512,2023-02-23,C00688,North,Lucknow,Consumer,Completed,Net Banking
O004513,2024-04-14,C00356,West,Pune,Consumer,Completed,Debit Card
O004514,2023-03-04,C00169,North,Jaipur,Home Office,Completed,Credit Card
O004515,2023-10-16,C00097,East,Guwahati,Consumer,Completed,Wallet
O004516,2025-08-12,C00547,East,Patna,Consumer,Returned,Credit Card
O004517,2024-03-19,C00023,North,Jaipur,Home Office,Completed,UPI
O004518,2025-12-13,C00440,North,Delhi,Consumer,Completed,Debit Card
O004519,2023-10-12,C00336,East,Guwahati,Consumer,Completed,UPI
O004520,2024-09-18,C00033,North,Chandigarh,Home Office,Completed,UPI
O004521,2025-12-31,C00722,East,Guwahati,Consumer,Completed,Wallet
O004522,2024-06-15,C00111,East,Patna,Consumer,Completed,UPI
O004523,2025-11-09,C00624,South,Hyderabad,Consumer,Completed,Credit Card
O004524,2024-09-15,C00326,South,Hyderabad,Consumer,Completed,Net Banking
O004525,2023-04-04,C00578,West,Ahmedabad,Consumer,Completed,Net Banking
O004526,2025-08-21,C00693,North,Chandigarh,Consumer,Completed,UPI
O004527,2024-07-30,C00545,South,Hyderabad,Consumer,Completed,Credit Card
O004528,2023-09-20,C00469,East,Bhubaneswar,Consumer,Completed,Debit Card
O004529,2024-09-17,C00403,East,Guwahati,Consumer,Completed,UPI
O004530,2023-02-12,C00508,North,Delhi,Consumer,Completed,Debit Card
O004531,2023-08-15,C00371,West,Surat,Consumer,Completed,Net Banking
O004532,2024-09-13,C00390,South,Kochi,Consumer,Completed,Credit Card
O004533,2023-09-19,C00140,West,Mumbai,Consumer,Completed,Net Banking
O004534,2023-09-25,C00238,East,Bhubaneswar,Corporate,Completed,Wallet
O004535,2025-10-14,C00115,East,Patna,Consumer,Completed,Debit Card
O004536,2023-05-11,C00519,North,Delhi,Consumer,Completed,Credit Card
O004537,2024-03-12,C00126,East,Kolkata,Consumer,Completed,Net Banking
O004538,2023-11-26,C00720,East,Bhubaneswar,Consumer,Completed,UPI
O004539,2024-06-01,C00222,West,Surat,Corporate,Completed,Wallet
O004540,2023-06-23,C00169,North,Jaipur,Home Office,Completed,UPI
O004541,2023-03-04,C00732,East,Guwahati,Corporate,Returned,UPI
O004542,2024-05-22,C00599,North,Lucknow,Consumer,Completed,Debit Card
O004543,2025-11-10,C00746,North,Chandigarh,Consumer,Completed,Wallet
O004544,2024-10-28,C00150,East,Patna,Corporate,Completed,Debit Card
O004545,2024-01-27,C00301,North,Lucknow,Corporate,Completed,UPI
O004546,2025-04-20,C00032,West,Mumbai,Consumer,Completed,Net Banking
O004547,2023-01-18,C00222,West,Surat,Corporate,Completed,UPI
O004548,2024-12-28,C00130,South,Kochi,Consumer,Completed,Debit Card
O004549,2025-01-05,C00339,South,Kochi,Consumer,Completed,Debit Card
O004550,2024-06-30,C00464,North,Chandigarh,Corporate,Completed,Wallet
O004551,2025-04-26,C00417,North,Delhi,Consumer,Completed,Wallet
O004552,2023-12-04,C00169,North,Jaipur,Home Office,Completed,Net Banking
O004553,2023-10-14,C00691,North,Delhi,Consumer,Completed,UPI
O004554,2023-09-13,C00662,West,Surat,Home Office,Completed,Wallet
O004555,2023-02-01,C00553,East,Patna,Consumer,Completed,Debit Card
O004556,2025-05-25,C00530,North,Chandigarh,Consumer,Completed,Debit Card
O004557,2023-11-02,C00378,West,Pune,Home Office,Completed,UPI
O004558,2023-08-29,C00322,South,Bengaluru,Consumer,Completed,Debit Card
O004559,2025-08-06,C00712,South,Chennai,Corporate,Completed,Net Banking
O004560,2024-05-15,C00441,South,Bengaluru,Consumer,Completed,Wallet
O004561,2025-09-15,C00254,South,Bengaluru,Consumer,Completed,Credit Card
O004562,2023-04-27,C00140,West,Mumbai,Consumer,Returned,UPI
O004563,2025-08-08,C00324,South,Kochi,Consumer,Completed,Wallet
O004564,2023-10-20,C00410,South,Bengaluru,Consumer,Completed,Wallet
O004565,2023-09-06,C00114,West,Surat,Home Office,Completed,UPI
O004566,2025-11-13,C00707,East,Kolkata,Consumer,Returned,Debit Card
O004567,2025-01-01,C00238,East,Bhubaneswar,Corporate,Completed,Credit Card
O004568,2025-08-07,C00480,South,Bengaluru,Consumer,Completed,UPI
O004569,2023-02-14,C00605,East,Patna,Consumer,Completed,Debit Card
O004570,2024-02-10,C00407,South,Chennai,Corporate,Completed,Net Banking
O004571,2024-08-29,C00540,East,Bhubaneswar,Consumer,Completed,Debit Card
O004572,2024-03-06,C00024,North,Lucknow,Consumer,Completed,Credit Card
O004573,2024-02-25,C00306,East,Guwahati,Home Office,Completed,UPI
O004574,2023-08-21,C00414,East,Bhubaneswar,Consumer,Completed,Net Banking
O004575,2023-01-24,C00378,West,Pune,Home Office,Completed,UPI
O004576,2023-03-09,C00169,North,Jaipur,Home Office,Completed,Debit Card
O004577,2024-06-26,C00580,South,Bengaluru,Corporate,Completed,Net Banking
O004578,2024-05-15,C00023,North,Jaipur,Home Office,Completed,Credit Card
O004579,2024-10-09,C00043,South,Chennai,Consumer,Completed,Debit Card
O004580,2024-07-07,C00068,North,Lucknow,Home Office,Completed,Debit Card
O004581,2024-10-06,C00546,West,Mumbai,Consumer,Completed,Credit Card
O004582,2025-04-02,C00006,West,Pune,Home Office,Completed,UPI
O004583,2024-07-06,C00062,West,Mumbai,Home Office,Completed,Credit Card
O004584,2023-10-01,C00195,South,Kochi,Home Office,Completed,Wallet
O004585,2023-04-25,C00108,East,Kolkata,Corporate,Completed,Credit Card
O004586,2025-11-06,C00321,West,Surat,Consumer,Completed,UPI
O004587,2025-07-12,C00083,West,Pune,Consumer,Completed,Debit Card
O004588,2024-01-06,C00165,East,Guwahati,Corporate,Completed,Net Banking
O004589,2024-06-02,C00609,South,Hyderabad,Consumer,Completed,Debit Card
O004590,2024-05-17,C00711,East,Guwahati,Consumer,Completed,UPI
O004591,2025-06-09,C00548,East,Bhubaneswar,Consumer,Completed,Credit Card
O004592,2025-03-10,C00549,South,Kochi,Consumer,Completed,Net Banking
O004593,2025-01-15,C00229,West,Mumbai,Consumer,Completed,Wallet
O004594,2024-12-21,C00545,South,Hyderabad,Consumer,Completed,Credit Card
O004595,2025-01-08,C00056,West,Mumbai,Consumer,Returned,Wallet
O004596,2025-06-10,C00500,South,Kochi,Consumer,Completed,Wallet
O004597,2024-03-31,C00277,East,Patna,Consumer,Completed,UPI
O004598,2025-06-20,C00303,North,Delhi,Consumer,Completed,UPI
O004599,2025-09-03,C00166,East,Guwahati,Consumer,Completed,UPI
O004600,2024-03-21,C00379,East,Bhubaneswar,Consumer,Completed,Wallet
O004601,2024-08-31,C00576,North,Delhi,Consumer,Completed,Wallet
O004602,2024-06-13,C00463,North,Jaipur,Corporate,Completed,Net Banking
O004603,2023-07-05,C00568,South,Bengaluru,Consumer,Completed,Debit Card
O004604,2024-09-19,C00268,South,Kochi,Consumer,Completed,Net Banking
O004605,2025-11-04,C00180,East,Guwahati,Consumer,Completed,Credit Card
O004606,2025-06-18,C00118,East,Guwahati,Corporate,Completed,Debit Card
O004607,2023-02-18,C00682,North,Jaipur,Consumer,Completed,Credit Card
O004608,2025-09-01,C00643,West,Pune,Consumer,Completed,Debit Card
O004609,2023-03-04,C00340,North,Delhi,Home Office,Completed,Debit Card
O004610,2023-07-23,C00740,South,Hyderabad,Consumer,Completed,UPI
O004611,2023-09-09,C00662,West,Surat,Home Office,Completed,Wallet
O004612,2023-11-28,C00492,South,Kochi,Consumer,Completed,Wallet
O004613,2024-12-31,C00746,North,Chandigarh,Consumer,Completed,Credit Card
O004614,2025-06-24,C00742,South,Kochi,Consumer,Completed,Wallet
O004615,2024-03-06,C00565,East,Kolkata,Consumer,Completed,Credit Card
O004616,2025-07-24,C00688,North,Lucknow,Consumer,Completed,Wallet
O004617,2024-03-18,C00093,East,Kolkata,Consumer,Completed,Debit Card
O004618,2023-09-03,C00127,South,Chennai,Corporate,Completed,Net Banking
O004619,2023-12-05,C00560,East,Kolkata,Corporate,Completed,Wallet
O004620,2025-02-28,C00549,South,Kochi,Consumer,Completed,Net Banking
O004621,2023-05-20,C00197,West,Pune,Consumer,Completed,UPI
O004622,2024-12-30,C00198,West,Ahmedabad,Consumer,Completed,Net Banking
O004623,2024-03-30,C00160,East,Guwahati,Corporate,Completed,UPI
O004624,2025-09-02,C00445,East,Bhubaneswar,Corporate,Completed,Credit Card
O004625,2023-08-04,C00296,East,Guwahati,Consumer,Completed,Debit Card
O004626,2023-04-16,C00096,South,Kochi,Corporate,Completed,Debit Card
O004627,2023-02-24,C00633,East,Patna,Corporate,Completed,UPI
O004628,2025-08-24,C00621,South,Bengaluru,Corporate,Completed,Net Banking
O004629,2023-06-24,C00405,South,Chennai,Home Office,Completed,Debit Card
O004630,2024-12-12,C00514,North,Chandigarh,Corporate,Completed,Net Banking
O004631,2023-03-19,C00569,West,Surat,Consumer,Completed,Wallet
O004632,2025-11-22,C00688,North,Lucknow,Consumer,Completed,Wallet
O004633,2025-12-12,C00295,South,Bengaluru,Corporate,Completed,Debit Card
O004634,2023-01-25,C00735,South,Bengaluru,Consumer,Completed,Credit Card
O004635,2023-02-19,C00379,East,Bhubaneswar,Consumer,Completed,Net Banking
O004636,2024-12-16,C00459,South,Chennai,Consumer,Completed,Wallet
O004637,2024-11-24,C00722,East,Guwahati,Consumer,Completed,Credit Card
O004638,2025-03-11,C00187,North,Lucknow,Consumer,Completed,Net Banking
O004639,2023-12-31,C00268,South,Kochi,Consumer,Returned,Credit Card
O004640,2024-07-07,C00411,North,Jaipur,Home Office,Completed,Net Banking
O004641,2023-10-27,C00750,East,Bhubaneswar,Home Office,Completed,Debit Card
O004642,2024-02-17,C00168,South,Bengaluru,Consumer,Completed,Net Banking
O004643,2025-07-08,C00260,East,Bhubaneswar,Home Office,Completed,Wallet
O004644,2025-05-09,C00594,West,Mumbai,Consumer,Completed,Debit Card
O004645,2025-12-27,C00295,South,Bengaluru,Corporate,Completed,Net Banking
O004646,2025-07-26,C00394,East,Guwahati,Consumer,Returned,Net Banking
O004647,2024-04-28,C00538,West,Pune,Home Office,Completed,Net Banking
O004648,2025-08-26,C00633,East,Patna,Corporate,Returned,Credit Card
O004649,2023-08-13,C00041,South,Kochi,Corporate,Completed,Wallet
O004650,2025-12-04,C00489,West,Surat,Consumer,Completed,Net Banking
O004651,2025-02-03,C00437,South,Chennai,Consumer,Completed,Wallet
O004652,2023-10-13,C00722,East,Guwahati,Consumer,Completed,Credit Card
O004653,2024-12-02,C00446,North,Chandigarh,Consumer,Completed,Debit Card
O004654,2025-07-26,C00184,North,Jaipur,Consumer,Completed,Debit Card
O004655,2024-04-24,C00500,South,Kochi,Consumer,Completed,Net Banking
O004656,2025-02-18,C00221,South,Bengaluru,Corporate,Completed,UPI
O004657,2024-11-14,C00244,North,Lucknow,Consumer,Completed,Net Banking
O004658,2024-11-23,C00266,East,Bhubaneswar,Home Office,Completed,Wallet
O004659,2025-06-27,C00216,South,Chennai,Corporate,Completed,UPI
O004660,2025-05-22,C00544,East,Kolkata,Consumer,Completed,UPI
O004661,2024-07-23,C00429,North,Delhi,Consumer,Completed,Wallet
O004662,2023-06-12,C00724,South,Kochi,Home Office,Completed,Debit Card
O004663,2024-02-08,C00237,South,Chennai,Home Office,Completed,Net Banking
O004664,2024-05-03,C00161,West,Mumbai,Consumer,Completed,Debit Card
O004665,2025-09-05,C00111,East,Patna,Consumer,Completed,Debit Card
O004666,2025-02-06,C00195,South,Kochi,Home Office,Completed,Net Banking
O004667,2024-09-21,C00424,South,Chennai,Home Office,Completed,Credit Card
O004668,2023-05-11,C00462,South,Hyderabad,Home Office,Completed,Wallet
O004669,2025-08-20,C00310,East,Patna,Consumer,Completed,Wallet
O004670,2023-12-19,C00462,South,Hyderabad,Home Office,Completed,Wallet
O004671,2025-12-09,C00374,South,Kochi,Consumer,Completed,UPI
O004672,2024-08-15,C00641,North,Delhi,Corporate,Completed,Net Banking
O004673,2025-07-17,C00056,West,Mumbai,Consumer,Completed,Net Banking
O004674,2025-02-16,C00446,North,Chandigarh,Consumer,Completed,Wallet
O004675,2024-04-17,C00023,North,Jaipur,Home Office,Completed,Debit Card
O004676,2025-01-28,C00147,North,Chandigarh,Home Office,Completed,Net Banking
O004677,2025-03-29,C00463,North,Jaipur,Corporate,Completed,Net Banking
O004678,2023-04-06,C00273,West,Ahmedabad,Consumer,Completed,Debit Card
O004679,2023-10-14,C00552,East,Bhubaneswar,Consumer,Completed,Wallet
O004680,2025-11-29,C00355,South,Bengaluru,Corporate,Completed,Credit Card
O004681,2023-12-08,C00012,South,Kochi,Corporate,Completed,UPI
O004682,2025-04-28,C00698,North,Delhi,Consumer,Completed,Wallet
O004683,2025-06-03,C00068,North,Lucknow,Home Office,Completed,Net Banking
O004684,2025-06-03,C00715,East,Patna,Consumer,Completed,UPI
O004685,2024-06-10,C00548,East,Bhubaneswar,Consumer,Completed,Credit Card
O004686,2024-05-04,C00550,West,Pune,Home Office,Completed,UPI
O004687,2025-11-07,C00298,West,Surat,Consumer,Completed,Debit Card
O004688,2024-12-03,C00724,South,Kochi,Home Office,Completed,Debit Card
O004689,2024-01-30,C00590,East,Guwahati,Consumer,Completed,Net Banking
O004690,2025-12-07,C00277,East,Patna,Consumer,Completed,Wallet
O004691,2024-02-14,C00705,East,Bhubaneswar,Consumer,Completed,Debit Card
O004692,2024-12-15,C00592,West,Pune,Corporate,Returned,Wallet
O004693,2025-06-14,C00248,North,Lucknow,Consumer,Completed,Debit Card
O004694,2025-03-03,C00421,North,Chandigarh,Consumer,Completed,Net Banking
O004695,2023-09-22,C00222,West,Surat,Corporate,Completed,Net Banking
O004696,2025-05-12,C00441,South,Bengaluru,Consumer,Completed,Wallet
O004697,2024-08-04,C00320,East,Guwahati,Corporate,Completed,UPI
O004698,2025-09-20,C00152,East,Guwahati,Corporate,Completed,UPI
O004699,2023-07-05,C00663,South,Bengaluru,Consumer,Completed,UPI
O004700,2023-04-30,C00317,West,Pune,Consumer,Cancelled,Credit Card
O004701,2023-01-19,C00221,South,Bengaluru,Corporate,Returned,UPI
O004702,2023-09-21,C00145,East,Patna,Consumer,Completed,UPI
O004703,2023-03-26,C00109,West,Mumbai,Consumer,Completed,Debit Card
O004704,2024-07-08,C00735,South,Bengaluru,Consumer,Completed,Net Banking
O004705,2024-11-20,C00605,East,Patna,Consumer,Completed,Debit Card
O004706,2023-03-16,C00105,West,Pune,Consumer,Completed,Debit Card
O004707,2024-05-07,C00016,West,Ahmedabad,Consumer,Completed,Net Banking
O004708,2024-10-04,C00318,South,Kochi,Consumer,Completed,UPI
O004709,2024-07-14,C00143,North,Lucknow,Consumer,Completed,Debit Card
O004710,2023-04-11,C00548,East,Bhubaneswar,Consumer,Completed,Credit Card
O004711,2024-05-20,C00622,West,Surat,Consumer,Completed,Net Banking
O004712,2023-02-20,C00033,North,Chandigarh,Home Office,Completed,Credit Card
O004713,2023-06-26,C00706,West,Pune,Consumer,Completed,UPI
O004714,2023-12-23,C00022,West,Surat,Consumer,Completed,Credit Card
O004715,2025-09-28,C00211,East,Kolkata,Consumer,Completed,Debit Card
O004716,2025-06-21,C00576,North,Delhi,Consumer,Completed,Net Banking
O004717,2024-04-06,C00156,East,Bhubaneswar,Consumer,Completed,Debit Card
O004718,2025-08-16,C00363,West,Pune,Consumer,Completed,Wallet
O004719,2024-03-20,C00038,East,Guwahati,Consumer,Completed,UPI
O004720,2023-10-12,C00699,West,Ahmedabad,Consumer,Completed,Wallet
O004721,2024-11-07,C00179,East,Guwahati,Home Office,Completed,Wallet
O004722,2023-05-24,C00587,North,Jaipur,Home Office,Completed,UPI
O004723,2023-08-13,C00134,East,Patna,Consumer,Completed,Wallet
O004724,2025-01-12,C00685,West,Ahmedabad,Consumer,Completed,Debit Card
O004725,2024-01-06,C00501,West,Mumbai,Consumer,Completed,Credit Card
O004726,2023-12-30,C00090,East,Guwahati,Consumer,Completed,Debit Card
O004727,2023-07-01,C00407,South,Chennai,Corporate,Completed,Credit Card
O004728,2025-03-17,C00548,East,Bhubaneswar,Consumer,Completed,Debit Card
O004729,2024-03-06,C00309,South,Bengaluru,Home Office,Completed,Debit Card
O004730,2023-10-29,C00596,South,Chennai,Consumer,Completed,UPI
O004731,2025-08-07,C00645,East,Patna,Corporate,Completed,Wallet
O004732,2024-05-04,C00681,West,Surat,Corporate,Completed,Wallet
O004733,2025-07-02,C00400,East,Patna,Consumer,Completed,Debit Card
O004734,2024-03-22,C00522,North,Chandigarh,Consumer,Completed,UPI
O004735,2025-05-16,C00679,South,Chennai,Consumer,Returned,Net Banking
O004736,2025-09-01,C00034,East,Kolkata,Consumer,Completed,Wallet
O004737,2024-09-24,C00223,North,Delhi,Consumer,Completed,Credit Card
O004738,2024-08-10,C00498,North,Lucknow,Consumer,Completed,Wallet
O004739,2024-08-06,C00614,North,Chandigarh,Consumer,Completed,Net Banking
O004740,2024-10-02,C00304,North,Delhi,Home Office,Completed,Net Banking
O004741,2025-03-21,C00202,East,Guwahati,Home Office,Completed,Wallet
O004742,2025-04-16,C00586,West,Ahmedabad,Consumer,Completed,Credit Card
O004743,2024-03-24,C00233,South,Kochi,Consumer,Completed,Net Banking
O004744,2024-07-11,C00032,West,Mumbai,Consumer,Completed,Credit Card
O004745,2023-09-19,C00396,West,Mumbai,Corporate,Completed,Net Banking
O004746,2025-01-24,C00613,North,Chandigarh,Consumer,Completed,UPI
O004747,2024-07-13,C00045,West,Mumbai,Home Office,Completed,Credit Card
O004748,2023-04-28,C00348,West,Surat,Consumer,Completed,UPI
O004749,2024-03-27,C00064,South,Hyderabad,Consumer,Completed,Credit Card
O004750,2025-01-10,C00405,South,Chennai,Home Office,Completed,Wallet
O004751,2023-11-09,C00181,South,Hyderabad,Consumer,Completed,Debit Card
O004752,2025-03-18,C00562,North,Delhi,Consumer,Completed,Wallet
O004753,2024-11-03,C00518,South,Kochi,Consumer,Completed,Credit Card
O004754,2024-08-25,C00123,West,Mumbai,Consumer,Completed,Net Banking
O004755,2025-11-01,C00006,West,Pune,Home Office,Completed,Wallet
O004756,2024-09-24,C00007,East,Bhubaneswar,Corporate,Completed,Wallet
O004757,2024-09-25,C00514,North,Chandigarh,Corporate,Completed,Debit Card
O004758,2023-02-03,C00529,South,Hyderabad,Home Office,Completed,Net Banking
O004759,2023-12-05,C00242,West,Pune,Corporate,Completed,Credit Card
O004760,2024-11-01,C00218,East,Kolkata,Corporate,Completed,Debit Card
O004761,2025-04-25,C00744,South,Chennai,Consumer,Completed,Debit Card
O004762,2025-08-15,C00065,East,Kolkata,Home Office,Completed,Debit Card
O004763,2024-05-29,C00131,West,Ahmedabad,Corporate,Returned,Debit Card
O004764,2025-03-02,C00141,North,Lucknow,Home Office,Completed,Wallet
O004765,2025-03-21,C00266,East,Bhubaneswar,Home Office,Completed,Wallet
O004766,2025-12-04,C00522,North,Chandigarh,Consumer,Completed,Wallet
O004767,2025-01-07,C00595,South,Chennai,Corporate,Returned,Debit Card
O004768,2025-05-04,C00565,East,Kolkata,Consumer,Completed,Wallet
O004769,2024-04-11,C00339,South,Kochi,Consumer,Completed,UPI
O004770,2023-09-06,C00673,East,Patna,Consumer,Completed,Net Banking
O004771,2023-05-20,C00458,West,Surat,Consumer,Completed,Wallet
O004772,2024-05-22,C00486,North,Chandigarh,Corporate,Completed,Credit Card
O004773,2023-11-24,C00372,West,Surat,Consumer,Completed,Credit Card
O004774,2024-05-11,C00422,East,Bhubaneswar,Consumer,Completed,UPI
O004775,2023-12-30,C00440,North,Delhi,Consumer,Completed,Wallet
O004776,2025-05-23,C00576,North,Delhi,Consumer,Completed,Wallet
O004777,2023-02-07,C00466,North,Delhi,Consumer,Completed,Debit Card
O004778,2025-03-27,C00664,West,Pune,Consumer,Completed,Wallet
O004779,2023-06-12,C00181,South,Hyderabad,Consumer,Completed,Debit Card
O004780,2024-09-24,C00284,South,Hyderabad,Consumer,Completed,Net Banking
O004781,2023-08-21,C00337,East,Bhubaneswar,Consumer,Completed,Net Banking
O004782,2024-09-15,C00172,West,Surat,Consumer,Completed,UPI
O004783,2025-07-15,C00408,East,Bhubaneswar,Consumer,Completed,Credit Card
O004784,2023-03-09,C00431,East,Guwahati,Home Office,Completed,Wallet
O004785,2023-01-20,C00613,North,Chandigarh,Consumer,Completed,UPI
O004786,2024-01-02,C00051,North,Chandigarh,Home Office,Completed,Wallet
O004787,2024-03-15,C00156,East,Bhubaneswar,Consumer,Completed,Credit Card
O004788,2024-12-18,C00080,East,Guwahati,Corporate,Completed,Credit Card
O004789,2023-06-30,C00287,West,Mumbai,Consumer,Completed,Debit Card
O004790,2024-08-17,C00463,North,Jaipur,Corporate,Completed,Credit Card
O004791,2025-03-02,C00103,South,Bengaluru,Consumer,Completed,Net Banking
O004792,2025-11-01,C00626,North,Jaipur,Corporate,Completed,Wallet
O004793,2025-04-22,C00218,East,Kolkata,Corporate,Completed,Debit Card
O004794,2024-01-22,C00567,West,Ahmedabad,Consumer,Completed,Credit Card
O004795,2023-02-02,C00556,South,Bengaluru,Corporate,Completed,UPI
O004796,2025-09-16,C00180,East,Guwahati,Consumer,Completed,UPI
O004797,2024-08-02,C00414,East,Bhubaneswar,Consumer,Completed,UPI
O004798,2024-12-02,C00237,South,Chennai,Home Office,Completed,Wallet
O004799,2024-10-17,C00274,South,Hyderabad,Corporate,Completed,Credit Card
O004800,2025-10-13,C00189,West,Pune,Consumer,Completed,UPI
O004801,2025-07-09,C00738,East,Kolkata,Consumer,Completed,Debit Card
O004802,2025-11-10,C00232,North,Delhi,Consumer,Completed,Credit Card
O004803,2025-06-23,C00505,West,Pune,Home Office,Completed,Credit Card
O004804,2023-10-09,C00314,North,Chandigarh,Corporate,Completed,Credit Card
O004805,2023-05-10,C00582,South,Bengaluru,Consumer,Completed,UPI
O004806,2023-05-30,C00712,South,Chennai,Corporate,Completed,Debit Card
O004807,2023-05-12,C00564,East,Kolkata,Consumer,Completed,Debit Card
O004808,2025-08-30,C00521,West,Pune,Home Office,Completed,Debit Card
O004809,2025-06-19,C00273,West,Ahmedabad,Consumer,Completed,UPI
O004810,2023-12-01,C00479,South,Kochi,Consumer,Completed,UPI
O004811,2024-05-19,C00378,West,Pune,Home Office,Completed,UPI
O004812,2023-07-24,C00232,North,Delhi,Consumer,Completed,Net Banking
O004813,2025-06-18,C00673,East,Patna,Consumer,Completed,Credit Card
O004814,2024-07-02,C00205,North,Jaipur,Corporate,Completed,Credit Card
O004815,2023-07-13,C00550,West,Pune,Home Office,Completed,Net Banking
O004816,2025-08-13,C00087,South,Kochi,Home Office,Completed,Debit Card
O004817,2024-12-17,C00403,East,Guwahati,Consumer,Completed,Credit Card
O004818,2025-12-25,C00551,South,Hyderabad,Consumer,Completed,Wallet
O004819,2025-10-18,C00077,South,Kochi,Home Office,Completed,Credit Card
O004820,2024-11-26,C00642,East,Patna,Home Office,Completed,Wallet
O004821,2024-05-12,C00700,East,Patna,Home Office,Completed,Wallet
O004822,2024-09-23,C00578,West,Ahmedabad,Consumer,Completed,Wallet
O004823,2024-04-21,C00668,North,Lucknow,Consumer,Completed,Debit Card
O004824,2023-09-26,C00743,South,Bengaluru,Home Office,Completed,Net Banking
O004825,2025-04-09,C00102,South,Hyderabad,Home Office,Returned,Debit Card
O004826,2024-04-07,C00668,North,Lucknow,Consumer,Completed,UPI
O004827,2023-08-02,C00716,North,Chandigarh,Corporate,Completed,UPI
O004828,2023-08-27,C00430,East,Patna,Consumer,Completed,Net Banking
O004829,2024-02-06,C00322,South,Bengaluru,Consumer,Completed,Net Banking
O004830,2024-03-09,C00210,North,Chandigarh,Consumer,Completed,Net Banking
O004831,2024-01-08,C00738,East,Kolkata,Consumer,Completed,Debit Card
O004832,2023-08-29,C00726,North,Chandigarh,Consumer,Completed,Debit Card
O004833,2023-10-29,C00048,West,Pune,Home Office,Completed,Debit Card
O004834,2024-08-23,C00550,West,Pune,Home Office,Completed,Debit Card
O004835,2024-01-03,C00291,North,Delhi,Consumer,Completed,UPI
O004836,2023-11-27,C00429,North,Delhi,Consumer,Completed,Debit Card
O004837,2025-03-04,C00043,South,Chennai,Consumer,Completed,Net Banking
O004838,2023-12-22,C00582,South,Bengaluru,Consumer,Completed,Wallet
O004839,2025-12-17,C00116,South,Kochi,Consumer,Completed,Debit Card
O004840,2023-06-04,C00473,East,Bhubaneswar,Consumer,Completed,Credit Card
O004841,2023-04-10,C00664,West,Pune,Consumer,Completed,Credit Card
O004842,2024-06-16,C00152,East,Guwahati,Corporate,Completed,Wallet
O004843,2023-07-07,C00306,East,Guwahati,Home Office,Completed,Credit Card
O004844,2025-09-06,C00170,East,Bhubaneswar,Consumer,Completed,Debit Card
O004845,2024-02-26,C00500,South,Kochi,Consumer,Returned,Net Banking
O004846,2023-01-28,C00334,South,Chennai,Consumer,Completed,UPI
O004847,2023-02-24,C00017,North,Chandigarh,Consumer,Completed,Credit Card
O004848,2025-07-02,C00268,South,Kochi,Consumer,Completed,Net Banking
O004849,2023-03-17,C00718,North,Delhi,Corporate,Completed,Debit Card
O004850,2025-06-15,C00318,South,Kochi,Consumer,Completed,Credit Card
O004851,2024-10-14,C00357,West,Surat,Corporate,Completed,UPI
O004852,2024-06-04,C00157,South,Hyderabad,Consumer,Completed,Wallet
O004853,2025-05-01,C00563,West,Surat,Consumer,Returned,Credit Card
O004854,2023-05-04,C00468,North,Lucknow,Consumer,Completed,Wallet
O004855,2024-08-27,C00224,East,Patna,Home Office,Completed,Net Banking
O004856,2025-02-18,C00596,South,Chennai,Consumer,Completed,Debit Card
O004857,2023-12-02,C00535,East,Kolkata,Home Office,Completed,Credit Card
O004858,2024-06-11,C00611,East,Guwahati,Consumer,Completed,Net Banking
O004859,2023-12-14,C00457,South,Hyderabad,Home Office,Completed,Debit Card
O004860,2025-01-24,C00096,South,Kochi,Corporate,Completed,Wallet
O004861,2024-07-13,C00524,North,Jaipur,Consumer,Completed,Net Banking
O004862,2025-10-28,C00157,South,Hyderabad,Consumer,Completed,Wallet
O004863,2025-08-18,C00160,East,Guwahati,Corporate,Completed,Net Banking
O004864,2025-06-27,C00113,South,Hyderabad,Consumer,Completed,UPI
O004865,2023-03-24,C00630,South,Bengaluru,Consumer,Completed,Wallet
O004866,2023-07-31,C00445,East,Bhubaneswar,Corporate,Completed,Credit Card
O004867,2023-04-25,C00260,East,Bhubaneswar,Home Office,Completed,Wallet
O004868,2025-04-19,C00420,West,Ahmedabad,Home Office,Returned,Wallet
O004869,2025-05-08,C00225,West,Mumbai,Consumer,Completed,Net Banking
O004870,2023-02-05,C00348,West,Surat,Consumer,Completed,Wallet
O004871,2024-08-18,C00499,North,Delhi,Home Office,Completed,Debit Card
O004872,2024-08-08,C00478,South,Chennai,Consumer,Completed,UPI
O004873,2025-10-24,C00588,West,Ahmedabad,Consumer,Completed,Debit Card
O004874,2024-05-07,C00008,East,Guwahati,Consumer,Completed,Net Banking
O004875,2025-07-17,C00334,South,Chennai,Consumer,Completed,Net Banking
O004876,2025-01-12,C00687,South,Hyderabad,Corporate,Completed,Wallet
O004877,2024-12-23,C00191,North,Lucknow,Home Office,Completed,Wallet
O004878,2024-08-17,C00254,South,Bengaluru,Consumer,Completed,UPI
O004879,2023-06-18,C00137,North,Chandigarh,Consumer,Completed,Net Banking
O004880,2023-12-25,C00740,South,Hyderabad,Consumer,Completed,Wallet
O004881,2025-03-24,C00662,West,Surat,Home Office,Completed,Wallet
O004882,2023-04-19,C00041,South,Kochi,Corporate,Completed,Debit Card
O004883,2024-07-05,C00227,North,Delhi,Consumer,Completed,UPI
O004884,2024-12-02,C00066,West,Surat,Home Office,Completed,Credit Card
O004885,2024-11-28,C00094,East,Kolkata,Consumer,Cancelled,Net Banking
O004886,2025-02-07,C00311,East,Guwahati,Consumer,Completed,Debit Card
O004887,2023-09-25,C00171,North,Lucknow,Consumer,Completed,Debit Card
O004888,2023-10-16,C00569,West,Surat,Consumer,Completed,UPI
O004889,2023-05-22,C00586,West,Ahmedabad,Consumer,Completed,Wallet
O004890,2024-01-03,C00471,North,Chandigarh,Consumer,Completed,Credit Card
O004891,2024-03-23,C00539,North,Jaipur,Consumer,Completed,UPI
O004892,2025-09-12,C00325,North,Lucknow,Home Office,Completed,Credit Card
O004893,2024-02-19,C00528,East,Kolkata,Consumer,Completed,Debit Card
O004894,2024-05-26,C00104,North,Jaipur,Home Office,Completed,Credit Card
O004895,2023-02-02,C00187,North,Lucknow,Consumer,Completed,Wallet
O004896,2023-04-09,C00160,East,Guwahati,Corporate,Completed,Net Banking
O004897,2025-09-21,C00299,East,Kolkata,Home Office,Completed,Net Banking
O004898,2025-07-20,C00289,West,Surat,Consumer,Completed,Net Banking
O004899,2025-02-12,C00345,West,Mumbai,Consumer,Completed,UPI
O004900,2024-03-02,C00621,South,Bengaluru,Corporate,Returned,Debit Card
O004901,2024-05-27,C00399,East,Patna,Consumer,Completed,UPI
O004902,2023-04-14,C00674,North,Delhi,Corporate,Completed,Debit Card
O004903,2024-02-25,C00414,East,Bhubaneswar,Consumer,Completed,Credit Card
O004904,2024-01-29,C00099,West,Ahmedabad,Consumer,Completed,Debit Card
O004905,2023-05-24,C00226,South,Bengaluru,Corporate,Completed,UPI
O004906,2025-08-09,C00682,North,Jaipur,Consumer,Completed,Credit Card
O004907,2025-05-15,C00204,East,Bhubaneswar,Consumer,Completed,Debit Card
O004908,2023-09-10,C00190,West,Mumbai,Home Office,Completed,Credit Card
O004909,2023-08-08,C00166,East,Guwahati,Consumer,Completed,Debit Card
O004910,2023-10-06,C00749,North,Lucknow,Consumer,Completed,Wallet
O004911,2024-11-01,C00524,North,Jaipur,Consumer,Completed,Net Banking
O004912,2025-08-04,C00280,South,Hyderabad,Home Office,Completed,Wallet
O004913,2023-06-23,C00281,South,Chennai,Home Office,Completed,Debit Card
O004914,2025-01-03,C00466,North,Delhi,Consumer,Completed,Wallet
O004915,2024-07-19,C00724,South,Kochi,Home Office,Completed,Debit Card
O004916,2024-09-03,C00282,North,Jaipur,Consumer,Completed,Wallet
O004917,2023-01-13,C00194,West,Pune,Consumer,Completed,Debit Card
O004918,2023-11-16,C00267,West,Pune,Home Office,Completed,Wallet
O004919,2024-12-10,C00465,West,Ahmedabad,Consumer,Completed,Net Banking
O004920,2025-09-30,C00475,North,Chandigarh,Consumer,Completed,UPI
O004921,2023-09-20,C00385,East,Patna,Consumer,Completed,Net Banking
O004922,2025-09-17,C00517,North,Jaipur,Home Office,Completed,Net Banking
O004923,2023-03-29,C00166,East,Guwahati,Consumer,Completed,UPI
O004924,2025-09-25,C00601,East,Bhubaneswar,Consumer,Completed,Debit Card
O004925,2024-12-17,C00520,North,Lucknow,Consumer,Completed,Credit Card
O004926,2023-09-15,C00016,West,Ahmedabad,Consumer,Completed,UPI
O004927,2024-12-28,C00443,East,Kolkata,Consumer,Completed,Net Banking
O004928,2023-08-13,C00533,North,Lucknow,Consumer,Completed,Net Banking
O004929,2025-04-29,C00466,North,Delhi,Consumer,Completed,Credit Card
O004930,2025-05-11,C00573,North,Chandigarh,Consumer,Completed,Debit Card
O004931,2023-09-02,C00500,South,Kochi,Consumer,Completed,Wallet
O004932,2024-11-15,C00031,North,Lucknow,Consumer,Completed,Wallet
O004933,2023-11-01,C00381,South,Hyderabad,Home Office,Completed,Net Banking
O004934,2025-07-12,C00342,South,Hyderabad,Consumer,Completed,Wallet
O004935,2025-09-22,C00156,East,Bhubaneswar,Consumer,Completed,Wallet
O004936,2025-04-16,C00652,West,Ahmedabad,Home Office,Completed,Debit Card
O004937,2023-11-28,C00136,West,Mumbai,Consumer,Completed,Credit Card
O004938,2024-12-12,C00274,South,Hyderabad,Corporate,Completed,UPI
O004939,2023-08-15,C00014,West,Ahmedabad,Consumer,Completed,Wallet
O004940,2025-10-25,C00354,North,Chandigarh,Home Office,Completed,UPI
O004941,2025-05-10,C00386,North,Jaipur,Corporate,Completed,Credit Card
O004942,2024-12-23,C00169,North,Jaipur,Home Office,Completed,UPI
O004943,2023-01-04,C00161,West,Mumbai,Consumer,Completed,Credit Card
O004944,2025-08-18,C00646,East,Patna,Consumer,Completed,Wallet
O004945,2023-12-23,C00280,South,Hyderabad,Home Office,Completed,Credit Card
O004946,2024-11-30,C00224,East,Patna,Home Office,Completed,Net Banking
O004947,2024-11-05,C00301,North,Lucknow,Corporate,Returned,UPI
O004948,2023-07-30,C00296,East,Guwahati,Consumer,Completed,UPI
O004949,2025-08-13,C00631,West,Mumbai,Consumer,Completed,Net Banking
O004950,2025-05-18,C00404,North,Jaipur,Consumer,Completed,Wallet
O004951,2024-09-14,C00220,South,Chennai,Consumer,Completed,Debit Card
O004952,2025-11-21,C00014,West,Ahmedabad,Consumer,Completed,Wallet
O004953,2023-04-11,C00239,North,Jaipur,Consumer,Completed,UPI
O004954,2024-04-05,C00051,North,Chandigarh,Home Office,Completed,UPI
O004955,2024-02-16,C00605,East,Patna,Consumer,Completed,Net Banking
O004956,2024-11-06,C00231,South,Bengaluru,Consumer,Completed,Credit Card
O004957,2023-04-22,C00540,East,Bhubaneswar,Consumer,Completed,Net Banking
O004958,2023-05-18,C00324,South,Kochi,Consumer,Completed,Credit Card
O004959,2024-08-04,C00455,East,Patna,Consumer,Completed,Credit Card
O004960,2025-10-31,C00167,South,Chennai,Home Office,Completed,Debit Card
O004961,2023-09-05,C00679,South,Chennai,Consumer,Completed,Debit Card
O004962,2023-07-02,C00122,East,Kolkata,Home Office,Completed,Debit Card
O004963,2025-06-21,C00235,East,Kolkata,Corporate,Completed,Credit Card
O004964,2023-10-02,C00272,East,Guwahati,Corporate,Completed,Wallet
O004965,2023-02-18,C00085,West,Pune,Consumer,Returned,Debit Card
O004966,2024-01-24,C00327,North,Delhi,Consumer,Completed,Net Banking
O004967,2025-09-10,C00535,East,Kolkata,Home Office,Returned,Wallet
O004968,2025-06-13,C00038,East,Guwahati,Consumer,Completed,UPI
O004969,2023-07-05,C00239,North,Jaipur,Consumer,Completed,Wallet
O004970,2024-01-20,C00146,West,Pune,Consumer,Completed,Debit Card
O004971,2024-01-21,C00674,North,Delhi,Corporate,Completed,Debit Card
O004972,2023-06-28,C00505,West,Pune,Home Office,Completed,UPI
O004973,2024-11-01,C00194,West,Pune,Consumer,Completed,Credit Card
O004974,2023-03-01,C00521,West,Pune,Home Office,Completed,Wallet
O004975,2023-07-25,C00259,South,Hyderabad,Consumer,Completed,Net Banking
O004976,2024-03-26,C00001,North,Delhi,Consumer,Completed,Net Banking
O004977,2024-04-02,C00497,East,Patna,Consumer,Completed,Net Banking
O004978,2025-01-10,C00312,North,Lucknow,Consumer,Completed,Wallet
O004979,2023-01-06,C00109,West,Mumbai,Consumer,Completed,Debit Card
O004980,2024-02-01,C00215,East,Kolkata,Consumer,Completed,Net Banking
O004981,2024-02-17,C00083,West,Pune,Consumer,Completed,Wallet
O004982,2024-11-30,C00294,East,Guwahati,Consumer,Completed,Credit Card
O004983,2023-04-13,C00382,East,Guwahati,Home Office,Completed,Credit Card
O004984,2024-11-07,C00359,West,Surat,Home Office,Completed,Net Banking
O004985,2025-05-09,C00588,West,Ahmedabad,Consumer,Completed,Wallet
O004986,2023-04-10,C00065,East,Kolkata,Home Office,Completed,UPI
O004987,2024-08-24,C00148,South,Bengaluru,Consumer,Completed,Net Banking
O004988,2023-01-27,C00172,West,Surat,Consumer,Completed,UPI
O004989,2023-03-13,C00313,South,Hyderabad,Consumer,Completed,Net Banking
O004990,2024-04-19,C00387,North,Delhi,Corporate,Completed,Wallet
O004991,2024-04-20,C00132,North,Delhi,Consumer,Completed,UPI
O004992,2025-12-23,C00300,East,Bhubaneswar,Consumer,Completed,Credit Card
O004993,2023-08-12,C00039,South,Hyderabad,Home Office,Completed,Wallet
O004994,2024-06-02,C00077,South,Kochi,Home Office,Completed,UPI
O004995,2023-03-27,C00177,North,Delhi,Consumer,Completed,UPI
O004996,2024-08-24,C00119,East,Kolkata,Consumer,Completed,Credit Card
O004997,2024-10-04,C00463,North,Jaipur,Corporate,Completed,Credit Card
O004998,2024-05-20,C00655,North,Lucknow,Consumer,Completed,Net Banking
O004999,2025-05-31,C00381,South,Hyderabad,Home Office,Completed,Wallet
O005000,2024-10-17,C00197,West,Pune,Consumer,Completed,Net Banking
O005001,2024-03-22,C00595,South,Chennai,Corporate,Completed,UPI
O005002,2025-12-17,C00566,North,Lucknow,Home Office,Completed,Wallet
O005003,2024-02-23,C00708,North,Chandigarh,Corporate,Completed,Credit Card
O005004,2025-02-27,C00669,West,Pune,Home Office,Completed,Debit Card
O005005,2023-06-13,C00591,East,Kolkata,Consumer,Completed,UPI
O005006,2025-08-20,C00380,West,Mumbai,Home Office,Completed,Net Banking
O005007,2025-10-07,C00417,North,Delhi,Consumer,Completed,Wallet
O005008,2023-10-04,C00447,South,Kochi,Consumer,Completed,Wallet
O005009,2024-01-16,C00571,West,Mumbai,Consumer,Completed,UPI
O005010,2025-02-13,C00242,West,Pune,Corporate,Completed,Credit Card
O005011,2024-06-29,C00585,West,Surat,Consumer,Completed,Net Banking
O005012,2023-05-12,C00079,East,Guwahati,Consumer,Completed,Net Banking
O005013,2025-09-03,C00690,South,Chennai,Consumer,Completed,Credit Card
O005014,2024-12-28,C00032,West,Mumbai,Consumer,Completed,Wallet
O005015,2025-12-25,C00171,North,Lucknow,Consumer,Completed,Wallet
O005016,2023-04-10,C00361,East,Patna,Consumer,Completed,UPI
O005017,2023-08-18,C00491,East,Guwahati,Consumer,Completed,Credit Card
O005018,2024-12-06,C00679,South,Chennai,Consumer,Completed,UPI
O005019,2025-01-24,C00557,East,Kolkata,Home Office,Completed,Wallet
O005020,2023-01-19,C00259,South,Hyderabad,Consumer,Completed,Debit Card
O005021,2025-06-07,C00651,West,Surat,Consumer,Completed,Debit Card
O005022,2025-11-08,C00567,West,Ahmedabad,Consumer,Completed,Credit Card
O005023,2024-05-15,C00344,East,Kolkata,Consumer,Returned,Debit Card
O005024,2024-10-19,C00288,South,Kochi,Consumer,Completed,Wallet
O005025,2023-10-01,C00320,East,Guwahati,Corporate,Completed,Debit Card
O005026,2023-10-25,C00695,North,Chandigarh,Home Office,Completed,Wallet
O005027,2025-02-12,C00322,South,Bengaluru,Consumer,Completed,Credit Card
O005028,2024-03-17,C00731,West,Surat,Home Office,Completed,Debit Card
O005029,2025-08-19,C00282,North,Jaipur,Consumer,Completed,Wallet
O005030,2023-07-16,C00534,East,Patna,Home Office,Completed,Credit Card
O005031,2024-01-02,C00491,East,Guwahati,Consumer,Completed,Credit Card
O005032,2024-04-01,C00159,South,Chennai,Consumer,Completed,Net Banking
O005033,2024-01-15,C00160,East,Guwahati,Corporate,Completed,UPI
O005034,2025-10-24,C00509,South,Bengaluru,Corporate,Completed,Wallet
O005035,2023-12-03,C00225,West,Mumbai,Consumer,Completed,UPI
O005036,2024-06-19,C00088,North,Lucknow,Consumer,Completed,Credit Card
O005037,2025-10-31,C00050,South,Chennai,Consumer,Completed,Wallet
O005038,2023-01-19,C00291,North,Delhi,Consumer,Completed,Wallet
O005039,2025-02-17,C00659,East,Patna,Home Office,Completed,Wallet
O005040,2025-06-13,C00654,South,Kochi,Consumer,Completed,Debit Card
O005041,2023-05-03,C00048,West,Pune,Home Office,Completed,Debit Card
O005042,2025-03-01,C00026,North,Chandigarh,Consumer,Completed,Net Banking
O005043,2023-04-14,C00114,West,Surat,Home Office,Completed,Credit Card
O005044,2023-02-11,C00095,East,Patna,Consumer,Completed,Wallet
O005045,2024-08-15,C00409,East,Bhubaneswar,Consumer,Completed,Net Banking
O005046,2024-03-04,C00741,East,Kolkata,Home Office,Completed,Wallet
O005047,2024-08-24,C00737,East,Patna,Consumer,Completed,Net Banking
O005048,2023-11-08,C00248,North,Lucknow,Consumer,Completed,Wallet
O005049,2024-08-04,C00475,North,Chandigarh,Consumer,Completed,Credit Card
O005050,2024-06-04,C00687,South,Hyderabad,Corporate,Completed,UPI
O005051,2023-05-06,C00487,North,Lucknow,Corporate,Completed,Net Banking
O005052,2025-06-02,C00273,West,Ahmedabad,Consumer,Completed,Debit Card
O005053,2025-01-13,C00598,North,Delhi,Consumer,Completed,Net Banking
O005054,2025-02-13,C00513,East,Guwahati,Corporate,Completed,UPI
O005055,2023-01-04,C00555,South,Hyderabad,Home Office,Completed,Net Banking
O005056,2023-03-31,C00048,West,Pune,Home Office,Completed,UPI
O005057,2024-08-29,C00202,East,Guwahati,Home Office,Completed,Debit Card
O005058,2024-11-18,C00094,East,Kolkata,Consumer,Completed,Net Banking
O005059,2023-10-02,C00408,East,Bhubaneswar,Consumer,Completed,Credit Card
O005060,2023-10-30,C00298,West,Surat,Consumer,Completed,Debit Card
O005061,2023-01-29,C00068,North,Lucknow,Home Office,Completed,Net Banking
O005062,2023-12-18,C00120,East,Kolkata,Corporate,Completed,UPI
O005063,2025-05-21,C00198,West,Ahmedabad,Consumer,Completed,Credit Card
O005064,2024-03-31,C00219,North,Jaipur,Home Office,Completed,Net Banking
O005065,2024-10-10,C00596,South,Chennai,Consumer,Completed,Wallet
O005066,2023-12-06,C00198,West,Ahmedabad,Consumer,Completed,Wallet
O005067,2023-05-28,C00309,South,Bengaluru,Home Office,Completed,Wallet
O005068,2024-12-26,C00731,West,Surat,Home Office,Completed,UPI
O005069,2023-11-20,C00632,North,Lucknow,Consumer,Completed,Debit Card
O005070,2023-04-27,C00453,East,Patna,Consumer,Completed,Wallet
O005071,2023-05-10,C00182,West,Pune,Consumer,Completed,Credit Card
O005072,2023-12-12,C00707,East,Kolkata,Consumer,Completed,Credit Card
O005073,2024-05-05,C00648,North,Delhi,Corporate,Completed,Credit Card
O005074,2025-09-13,C00587,North,Jaipur,Home Office,Completed,Debit Card
O005075,2023-11-13,C00282,North,Jaipur,Consumer,Completed,UPI
O005076,2024-08-11,C00341,North,Lucknow,Consumer,Completed,UPI
O005077,2025-11-21,C00601,East,Bhubaneswar,Consumer,Completed,Debit Card
O005078,2025-11-12,C00184,North,Jaipur,Consumer,Completed,Credit Card
O005079,2023-08-03,C00261,North,Chandigarh,Consumer,Completed,Debit Card
O005080,2025-08-21,C00547,East,Patna,Consumer,Completed,UPI
O005081,2025-09-19,C00259,South,Hyderabad,Consumer,Completed,Wallet
O005082,2024-07-21,C00153,West,Mumbai,Consumer,Completed,Debit Card
O005083,2025-02-13,C00148,South,Bengaluru,Consumer,Completed,Credit Card
O005084,2025-03-17,C00370,South,Kochi,Consumer,Completed,Net Banking
O005085,2024-06-23,C00441,South,Bengaluru,Consumer,Completed,UPI
O005086,2024-01-31,C00341,North,Lucknow,Consumer,Completed,Credit Card
O005087,2024-12-29,C00144,East,Guwahati,Consumer,Completed,Debit Card
O005088,2023-08-28,C00464,North,Chandigarh,Corporate,Completed,Debit Card
O005089,2025-09-16,C00520,North,Lucknow,Consumer,Completed,UPI
O005090,2024-03-20,C00679,South,Chennai,Consumer,Completed,UPI
O005091,2025-07-30,C00437,South,Chennai,Consumer,Completed,UPI
O005092,2024-05-23,C00292,West,Mumbai,Corporate,Completed,Credit Card
O005093,2025-11-21,C00411,North,Jaipur,Home Office,Completed,Debit Card
O005094,2024-05-07,C00178,East,Bhubaneswar,Home Office,Completed,UPI
O005095,2025-12-04,C00377,West,Ahmedabad,Consumer,Returned,Credit Card
O005096,2024-08-17,C00214,North,Delhi,Corporate,Completed,Wallet
O005097,2025-09-28,C00671,West,Surat,Consumer,Completed,Net Banking
O005098,2025-08-06,C00288,South,Kochi,Consumer,Completed,UPI
O005099,2025-05-04,C00599,North,Lucknow,Consumer,Completed,Net Banking
O005100,2024-11-19,C00047,West,Surat,Corporate,Completed,Credit Card
O005101,2024-05-28,C00176,West,Mumbai,Corporate,Completed,Net Banking
O005102,2023-07-17,C00150,East,Patna,Corporate,Completed,Debit Card
O005103,2025-05-29,C00509,South,Bengaluru,Corporate,Completed,Credit Card
O005104,2023-08-02,C00200,West,Mumbai,Home Office,Completed,UPI
O005105,2025-05-19,C00555,South,Hyderabad,Home Office,Completed,Credit Card
O005106,2024-09-23,C00273,West,Ahmedabad,Consumer,Completed,Wallet
O005107,2025-05-09,C00367,East,Kolkata,Consumer,Completed,Net Banking
O005108,2024-11-02,C00263,East,Kolkata,Corporate,Completed,Net Banking
O005109,2025-12-29,C00684,North,Jaipur,Consumer,Completed,Wallet
O005110,2024-08-21,C00033,North,Chandigarh,Home Office,Completed,Wallet
O005111,2024-11-16,C00640,South,Kochi,Consumer,Completed,Wallet
O005112,2024-10-19,C00518,South,Kochi,Consumer,Completed,UPI
O005113,2025-06-10,C00662,West,Surat,Home Office,Completed,Debit Card
O005114,2024-09-17,C00494,North,Chandigarh,Home Office,Completed,UPI
O005115,2025-06-29,C00647,North,Delhi,Consumer,Completed,UPI
O005116,2023-04-15,C00045,West,Mumbai,Home Office,Completed,Wallet
O005117,2025-09-22,C00245,West,Mumbai,Consumer,Completed,Credit Card
O005118,2025-10-27,C00491,East,Guwahati,Consumer,Completed,Debit Card
O005119,2025-09-21,C00226,South,Bengaluru,Corporate,Completed,UPI
O005120,2025-09-10,C00728,West,Mumbai,Corporate,Completed,Debit Card
O005121,2024-07-18,C00486,North,Chandigarh,Corporate,Completed,Net Banking
O005122,2024-05-13,C00569,West,Surat,Consumer,Completed,Wallet
O005123,2023-10-20,C00007,East,Bhubaneswar,Corporate,Completed,Net Banking
O005124,2023-09-04,C00288,South,Kochi,Consumer,Completed,UPI
O005125,2025-08-31,C00405,South,Chennai,Home Office,Completed,UPI
O005126,2023-11-20,C00407,South,Chennai,Corporate,Completed,UPI
O005127,2025-04-17,C00396,West,Mumbai,Corporate,Completed,UPI
O005128,2025-06-15,C00280,South,Hyderabad,Home Office,Completed,Net Banking
O005129,2023-07-30,C00209,South,Hyderabad,Consumer,Completed,UPI
O005130,2025-04-20,C00295,South,Bengaluru,Corporate,Completed,Wallet
O005131,2023-02-18,C00470,North,Chandigarh,Corporate,Completed,Net Banking
O005132,2025-08-03,C00131,West,Ahmedabad,Corporate,Completed,Net Banking
O005133,2023-03-12,C00137,North,Chandigarh,Consumer,Completed,UPI
O005134,2025-03-22,C00047,West,Surat,Corporate,Cancelled,Debit Card
O005135,2025-05-12,C00437,South,Chennai,Consumer,Completed,UPI
O005136,2024-08-02,C00646,East,Patna,Consumer,Completed,Credit Card
O005137,2023-04-02,C00180,East,Guwahati,Consumer,Completed,UPI
O005138,2024-10-17,C00743,South,Bengaluru,Home Office,Completed,Net Banking
O005139,2024-04-08,C00369,East,Patna,Corporate,Completed,UPI
O005140,2025-06-03,C00335,South,Bengaluru,Consumer,Completed,Debit Card
O005141,2023-01-09,C00071,South,Kochi,Consumer,Completed,Credit Card
O005142,2023-08-22,C00686,North,Delhi,Corporate,Completed,Credit Card
O005143,2023-12-08,C00165,East,Guwahati,Corporate,Completed,Debit Card
O005144,2025-07-16,C00225,West,Mumbai,Consumer,Completed,Net Banking
O005145,2025-02-27,C00444,North,Jaipur,Consumer,Completed,Net Banking
O005146,2023-08-14,C00425,West,Mumbai,Consumer,Completed,Debit Card
O005147,2025-01-18,C00238,East,Bhubaneswar,Corporate,Completed,Net Banking
O005148,2024-06-30,C00311,East,Guwahati,Consumer,Completed,Wallet
O005149,2025-06-07,C00025,North,Chandigarh,Consumer,Completed,Credit Card
O005150,2025-03-28,C00149,South,Bengaluru,Corporate,Completed,Credit Card
O005151,2024-11-16,C00541,North,Delhi,Consumer,Completed,Debit Card
O005152,2023-06-04,C00199,West,Mumbai,Corporate,Completed,UPI
O005153,2023-12-20,C00354,North,Chandigarh,Home Office,Completed,UPI
O005154,2023-05-16,C00626,North,Jaipur,Corporate,Completed,Debit Card
O005155,2025-05-03,C00199,West,Mumbai,Corporate,Completed,Net Banking
O005156,2024-11-17,C00379,East,Bhubaneswar,Consumer,Completed,Net Banking
O005157,2023-03-22,C00212,West,Surat,Corporate,Completed,Debit Card
O005158,2025-12-17,C00368,North,Jaipur,Home Office,Completed,Wallet
O005159,2024-05-29,C00650,South,Kochi,Consumer,Completed,Wallet
O005160,2023-09-02,C00435,North,Lucknow,Consumer,Completed,Credit Card
O005161,2023-01-17,C00264,West,Surat,Consumer,Completed,Wallet
O005162,2023-01-25,C00566,North,Lucknow,Home Office,Completed,UPI
O005163,2023-09-05,C00311,East,Guwahati,Consumer,Completed,UPI
O005164,2024-11-27,C00337,East,Bhubaneswar,Consumer,Completed,Wallet
O005165,2023-03-19,C00376,East,Guwahati,Consumer,Returned,UPI
O005166,2025-04-21,C00261,North,Chandigarh,Consumer,Completed,UPI
O005167,2023-11-26,C00730,East,Patna,Consumer,Completed,Wallet
O005168,2024-01-25,C00196,South,Bengaluru,Consumer,Completed,Debit Card
O005169,2025-11-08,C00520,North,Lucknow,Consumer,Completed,Wallet
O005170,2023-11-01,C00215,East,Kolkata,Consumer,Completed,Net Banking
O005171,2025-01-26,C00679,South,Chennai,Consumer,Completed,UPI
O005172,2025-05-09,C00256,East,Guwahati,Consumer,Completed,Wallet
O005173,2023-07-17,C00129,East,Kolkata,Consumer,Completed,Debit Card
O005174,2023-04-28,C00120,East,Kolkata,Corporate,Completed,Net Banking
O005175,2024-08-18,C00312,North,Lucknow,Consumer,Completed,Credit Card
O005176,2024-10-23,C00574,South,Hyderabad,Consumer,Completed,UPI
O005177,2025-08-24,C00477,West,Mumbai,Consumer,Cancelled,Credit Card
O005178,2025-04-26,C00243,East,Patna,Home Office,Completed,Debit Card
O005179,2025-01-13,C00325,North,Lucknow,Home Office,Completed,UPI
O005180,2024-10-23,C00022,West,Surat,Consumer,Completed,Credit Card
O005181,2025-08-28,C00355,South,Bengaluru,Corporate,Completed,Wallet
O005182,2023-12-19,C00053,West,Surat,Home Office,Completed,Credit Card
O005183,2025-01-28,C00188,South,Bengaluru,Consumer,Completed,Net Banking
O005184,2023-12-01,C00282,North,Jaipur,Consumer,Completed,Net Banking
O005185,2024-11-28,C00467,North,Jaipur,Corporate,Completed,Wallet
O005186,2024-12-06,C00506,East,Bhubaneswar,Consumer,Completed,Wallet
O005187,2023-02-06,C00726,North,Chandigarh,Consumer,Completed,UPI
O005188,2025-05-11,C00298,West,Surat,Consumer,Completed,UPI
O005189,2023-10-01,C00178,East,Bhubaneswar,Home Office,Completed,Credit Card
O005190,2024-07-22,C00271,North,Jaipur,Home Office,Completed,Credit Card
O005191,2023-05-30,C00135,West,Surat,Consumer,Completed,UPI
O005192,2025-12-18,C00636,East,Guwahati,Consumer,Completed,Wallet
O005193,2023-04-13,C00567,West,Ahmedabad,Consumer,Completed,Credit Card
O005194,2023-04-16,C00100,North,Lucknow,Consumer,Completed,UPI
O005195,2024-04-16,C00436,East,Kolkata,Home Office,Completed,Net Banking
O005196,2023-02-06,C00604,South,Kochi,Corporate,Completed,Debit Card
O005197,2024-03-30,C00037,West,Surat,Consumer,Completed,Credit Card
O005198,2023-09-30,C00417,North,Delhi,Consumer,Completed,Credit Card
O005199,2023-10-02,C00493,North,Chandigarh,Corporate,Completed,Credit Card
O005200,2025-07-22,C00432,South,Kochi,Home Office,Completed,UPI
O005201,2025-12-03,C00472,South,Bengaluru,Home Office,Completed,Credit Card
O005202,2025-02-14,C00740,South,Hyderabad,Consumer,Completed,Wallet
O005203,2025-09-28,C00501,West,Mumbai,Consumer,Completed,UPI
O005204,2024-08-07,C00328,South,Kochi,Consumer,Completed,Wallet
O005205,2024-05-20,C00476,East,Kolkata,Home Office,Completed,Net Banking
O005206,2025-08-30,C00113,South,Hyderabad,Consumer,Completed,Credit Card
O005207,2023-12-30,C00166,East,Guwahati,Consumer,Completed,Debit Card
O005208,2025-04-14,C00568,South,Bengaluru,Consumer,Completed,Net Banking
O005209,2024-08-16,C00302,East,Guwahati,Corporate,Returned,Wallet
O005210,2023-05-20,C00158,South,Hyderabad,Consumer,Completed,Net Banking
O005211,2023-06-10,C00538,West,Pune,Home Office,Completed,Debit Card
O005212,2023-10-04,C00412,South,Kochi,Home Office,Completed,Debit Card
O005213,2023-04-16,C00495,North,Chandigarh,Home Office,Completed,Net Banking
O005214,2025-05-15,C00041,South,Kochi,Corporate,Completed,Wallet
O005215,2025-02-15,C00623,East,Bhubaneswar,Corporate,Completed,Net Banking
O005216,2025-08-09,C00746,North,Chandigarh,Consumer,Completed,Credit Card
O005217,2023-02-11,C00537,North,Jaipur,Consumer,Completed,UPI
O005218,2023-07-19,C00479,South,Kochi,Consumer,Completed,Wallet
O005219,2023-04-29,C00054,East,Bhubaneswar,Consumer,Completed,Debit Card
O005220,2024-11-27,C00476,East,Kolkata,Home Office,Completed,Wallet
O005221,2025-03-25,C00160,East,Guwahati,Corporate,Completed,UPI
O005222,2025-11-13,C00401,West,Mumbai,Consumer,Completed,Net Banking
O005223,2024-01-11,C00361,East,Patna,Consumer,Completed,Debit Card
O005224,2025-03-18,C00221,South,Bengaluru,Corporate,Completed,Debit Card
O005225,2025-11-23,C00528,East,Kolkata,Consumer,Completed,UPI
O005226,2025-08-09,C00009,East,Bhubaneswar,Consumer,Completed,Credit Card
O005227,2024-06-08,C00554,West,Mumbai,Consumer,Completed,Net Banking
O005228,2025-08-06,C00691,North,Delhi,Consumer,Completed,Net Banking
O005229,2024-03-11,C00549,South,Kochi,Consumer,Completed,Net Banking
O005230,2024-11-16,C00674,North,Delhi,Corporate,Completed,Wallet
O005231,2023-07-08,C00702,West,Pune,Consumer,Completed,Credit Card
O005232,2025-11-10,C00712,South,Chennai,Corporate,Completed,UPI
O005233,2025-09-12,C00684,North,Jaipur,Consumer,Cancelled,Net Banking
O005234,2024-07-13,C00481,South,Chennai,Corporate,Completed,Net Banking
O005235,2023-09-03,C00279,South,Hyderabad,Home Office,Completed,Credit Card
O005236,2023-04-14,C00046,North,Lucknow,Consumer,Completed,Wallet
O005237,2025-01-31,C00265,East,Guwahati,Consumer,Completed,Net Banking
O005238,2025-09-29,C00264,West,Surat,Consumer,Completed,Wallet
O005239,2023-07-11,C00262,South,Kochi,Corporate,Completed,Wallet
O005240,2024-09-01,C00547,East,Patna,Consumer,Completed,UPI
O005241,2024-01-11,C00570,East,Bhubaneswar,Home Office,Completed,Wallet
O005242,2024-02-24,C00150,East,Patna,Corporate,Completed,Net Banking
O005243,2023-12-27,C00365,East,Guwahati,Corporate,Completed,UPI
O005244,2024-11-20,C00666,West,Surat,Consumer,Cancelled,Net Banking
O005245,2024-02-16,C00085,West,Pune,Consumer,Completed,UPI
O005246,2025-01-04,C00246,East,Guwahati,Consumer,Completed,UPI
O005247,2024-09-07,C00220,South,Chennai,Consumer,Completed,Credit Card
O005248,2025-09-02,C00513,East,Guwahati,Corporate,Cancelled,Debit Card
O005249,2023-11-24,C00499,North,Delhi,Home Office,Completed,Net Banking
O005250,2025-08-18,C00357,West,Surat,Corporate,Completed,UPI
O005251,2025-08-29,C00397,South,Bengaluru,Consumer,Completed,Wallet
O005252,2025-02-25,C00401,West,Mumbai,Consumer,Completed,Wallet
O005253,2024-01-10,C00305,West,Surat,Consumer,Completed,UPI
O005254,2024-03-10,C00030,South,Bengaluru,Consumer,Completed,Net Banking
O005255,2024-08-11,C00463,North,Jaipur,Corporate,Completed,Credit Card
O005256,2023-05-19,C00027,South,Kochi,Consumer,Completed,Wallet
O005257,2024-12-24,C00495,North,Chandigarh,Home Office,Completed,Debit Card
O005258,2025-01-10,C00412,South,Kochi,Home Office,Completed,Net Banking
O005259,2024-02-04,C00168,South,Bengaluru,Consumer,Completed,Wallet
O005260,2023-12-30,C00006,West,Pune,Home Office,Completed,Wallet
O005261,2025-10-16,C00723,South,Bengaluru,Consumer,Completed,Wallet
O005262,2025-04-19,C00245,West,Mumbai,Consumer,Completed,Debit Card
O005263,2025-10-18,C00575,West,Ahmedabad,Home Office,Completed,Credit Card
O005264,2025-11-30,C00494,North,Chandigarh,Home Office,Completed,Wallet
O005265,2024-12-24,C00659,East,Patna,Home Office,Completed,Debit Card
O005266,2024-12-19,C00677,South,Bengaluru,Corporate,Completed,Net Banking
O005267,2025-09-23,C00270,East,Guwahati,Home Office,Completed,UPI
O005268,2024-03-10,C00656,North,Lucknow,Consumer,Completed,Net Banking
O005269,2025-02-10,C00478,South,Chennai,Consumer,Completed,Net Banking
O005270,2024-11-07,C00496,North,Jaipur,Consumer,Completed,Debit Card
O005271,2025-04-16,C00641,North,Delhi,Corporate,Completed,Net Banking
O005272,2023-12-15,C00167,South,Chennai,Home Office,Completed,Net Banking
O005273,2024-05-16,C00343,North,Lucknow,Corporate,Completed,Credit Card
O005274,2023-08-25,C00251,West,Ahmedabad,Consumer,Completed,Net Banking
O005275,2023-09-25,C00126,East,Kolkata,Consumer,Completed,Credit Card
O005276,2023-06-05,C00616,North,Delhi,Corporate,Completed,Credit Card
O005277,2025-04-19,C00562,North,Delhi,Consumer,Completed,Debit Card
O005278,2023-08-24,C00365,East,Guwahati,Corporate,Completed,Credit Card
O005279,2025-03-07,C00473,East,Bhubaneswar,Consumer,Completed,Wallet
O005280,2025-12-15,C00662,West,Surat,Home Office,Completed,Debit Card
O005281,2025-01-11,C00575,West,Ahmedabad,Home Office,Completed,Debit Card
O005282,2024-06-21,C00649,South,Kochi,Home Office,Completed,Net Banking
O005283,2023-05-13,C00249,West,Ahmedabad,Consumer,Completed,Net Banking
O005284,2024-07-22,C00635,East,Patna,Corporate,Completed,Credit Card
O005285,2025-11-05,C00712,South,Chennai,Corporate,Completed,UPI
O005286,2023-06-16,C00714,East,Guwahati,Home Office,Completed,Wallet
O005287,2024-03-28,C00565,East,Kolkata,Consumer,Completed,UPI
O005288,2023-05-03,C00132,North,Delhi,Consumer,Completed,UPI
O005289,2025-06-16,C00211,East,Kolkata,Consumer,Completed,UPI
O005290,2024-10-22,C00499,North,Delhi,Home Office,Completed,Net Banking
O005291,2023-07-31,C00012,South,Kochi,Corporate,Completed,Debit Card
O005292,2024-04-29,C00669,West,Pune,Home Office,Completed,Debit Card
O005293,2025-08-25,C00189,West,Pune,Consumer,Completed,Wallet
O005294,2023-02-11,C00125,West,Mumbai,Corporate,Cancelled,UPI
O005295,2025-04-06,C00656,North,Lucknow,Consumer,Completed,Wallet
O005296,2023-10-27,C00125,West,Mumbai,Corporate,Completed,Credit Card
O005297,2025-11-21,C00197,West,Pune,Consumer,Completed,Net Banking
O005298,2025-10-27,C00724,South,Kochi,Home Office,Completed,UPI
O005299,2025-06-27,C00605,East,Patna,Consumer,Completed,UPI
O005300,2023-06-17,C00346,North,Delhi,Consumer,Completed,Credit Card
O005301,2023-10-30,C00325,North,Lucknow,Home Office,Completed,Net Banking
O005302,2024-05-01,C00746,North,Chandigarh,Consumer,Completed,Debit Card
O005303,2025-05-21,C00531,North,Jaipur,Consumer,Completed,Wallet
O005304,2025-06-24,C00510,East,Guwahati,Consumer,Completed,UPI
O005305,2025-07-31,C00683,North,Chandigarh,Consumer,Returned,Net Banking
O005306,2024-11-05,C00075,West,Pune,Consumer,Completed,Debit Card
O005307,2025-09-04,C00500,South,Kochi,Consumer,Completed,Debit Card
O005308,2023-03-10,C00409,East,Bhubaneswar,Consumer,Completed,UPI
O005309,2025-04-17,C00068,North,Lucknow,Home Office,Completed,UPI
O005310,2024-10-12,C00180,East,Guwahati,Consumer,Completed,Credit Card
O005311,2025-09-17,C00685,West,Ahmedabad,Consumer,Completed,Wallet
O005312,2023-11-15,C00575,West,Ahmedabad,Home Office,Returned,UPI
O005313,2024-04-01,C00650,South,Kochi,Consumer,Completed,Credit Card
O005314,2023-03-14,C00170,East,Bhubaneswar,Consumer,Completed,Wallet
O005315,2024-02-23,C00344,East,Kolkata,Consumer,Completed,Credit Card
O005316,2025-03-19,C00328,South,Kochi,Consumer,Completed,Net Banking
O005317,2025-08-30,C00573,North,Chandigarh,Consumer,Cancelled,Credit Card
O005318,2024-10-31,C00561,East,Kolkata,Consumer,Completed,Net Banking
O005319,2025-09-12,C00015,East,Guwahati,Consumer,Completed,Wallet
O005320,2025-10-25,C00205,North,Jaipur,Corporate,Completed,Credit Card
O005321,2024-12-02,C00560,East,Kolkata,Corporate,Completed,UPI
O005322,2023-02-03,C00201,North,Jaipur,Consumer,Completed,Debit Card
O005323,2024-05-16,C00121,North,Jaipur,Corporate,Completed,UPI
O005324,2025-05-26,C00318,South,Kochi,Consumer,Completed,Net Banking
O005325,2023-07-02,C00307,East,Patna,Consumer,Completed,Net Banking
O005326,2024-12-30,C00389,North,Delhi,Consumer,Completed,Debit Card
O005327,2023-03-11,C00003,North,Lucknow,Home Office,Completed,Wallet
O005328,2023-03-18,C00157,South,Hyderabad,Consumer,Completed,Debit Card
O005329,2025-11-02,C00708,North,Chandigarh,Corporate,Completed,UPI
O005330,2025-09-19,C00269,West,Ahmedabad,Consumer,Completed,UPI
O005331,2024-08-30,C00023,North,Jaipur,Home Office,Completed,Wallet
O005332,2025-04-13,C00714,East,Guwahati,Home Office,Completed,UPI
O005333,2023-03-13,C00502,East,Bhubaneswar,Consumer,Completed,Wallet
O005334,2023-02-07,C00563,West,Surat,Consumer,Returned,Wallet
O005335,2025-05-04,C00057,East,Bhubaneswar,Consumer,Completed,Wallet
O005336,2025-02-10,C00062,West,Mumbai,Home Office,Completed,Wallet
O005337,2025-07-06,C00099,West,Ahmedabad,Consumer,Completed,Wallet
O005338,2025-10-23,C00609,South,Hyderabad,Consumer,Completed,Wallet
O005339,2023-08-11,C00407,South,Chennai,Corporate,Completed,Debit Card
O005340,2024-10-28,C00744,South,Chennai,Consumer,Completed,Credit Card
O005341,2023-08-17,C00396,West,Mumbai,Corporate,Completed,Credit Card
O005342,2025-06-22,C00354,North,Chandigarh,Home Office,Completed,Credit Card
O005343,2024-12-27,C00247,South,Chennai,Corporate,Completed,Net Banking
O005344,2023-09-03,C00404,North,Jaipur,Consumer,Completed,Net Banking
O005345,2023-07-12,C00714,East,Guwahati,Home Office,Completed,Debit Card
O005346,2025-07-06,C00059,South,Kochi,Consumer,Completed,Debit Card
O005347,2024-06-21,C00483,South,Bengaluru,Consumer,Completed,Wallet
O005348,2023-10-21,C00650,South,Kochi,Consumer,Completed,Wallet
O005349,2023-08-23,C00508,North,Delhi,Consumer,Completed,Wallet
O005350,2025-09-20,C00622,West,Surat,Consumer,Completed,Net Banking
O005351,2024-05-19,C00639,South,Chennai,Consumer,Completed,Credit Card
O005352,2025-08-31,C00325,North,Lucknow,Home Office,Completed,UPI
O005353,2024-09-28,C00079,East,Guwahati,Consumer,Completed,UPI
O005354,2023-12-15,C00326,South,Hyderabad,Consumer,Completed,Debit Card
O005355,2024-12-24,C00437,South,Chennai,Consumer,Completed,Net Banking
O005356,2023-11-09,C00164,West,Surat,Consumer,Completed,Debit Card
O005357,2024-07-13,C00312,North,Lucknow,Consumer,Completed,Debit Card
O005358,2025-04-03,C00388,North,Lucknow,Home Office,Completed,Wallet
O005359,2023-12-19,C00352,West,Mumbai,Home Office,Completed,Credit Card
O005360,2024-03-09,C00281,South,Chennai,Home Office,Completed,Net Banking
O005361,2025-08-20,C00040,North,Chandigarh,Consumer,Completed,Net Banking
O005362,2023-09-14,C00076,West,Surat,Corporate,Completed,Debit Card
O005363,2025-06-08,C00463,North,Jaipur,Corporate,Completed,Debit Card
O005364,2025-02-27,C00251,West,Ahmedabad,Consumer,Completed,Wallet
O005365,2023-11-06,C00179,East,Guwahati,Home Office,Completed,Net Banking
O005366,2025-04-17,C00100,North,Lucknow,Consumer,Completed,Debit Card
O005367,2024-04-15,C00547,East,Patna,Consumer,Completed,Wallet
O005368,2024-03-04,C00711,East,Guwahati,Consumer,Completed,Credit Card
O005369,2023-08-08,C00064,South,Hyderabad,Consumer,Completed,Credit Card
O005370,2025-12-29,C00595,South,Chennai,Corporate,Completed,UPI
O005371,2025-11-14,C00223,North,Delhi,Consumer,Completed,Credit Card
O005372,2024-05-26,C00322,South,Bengaluru,Consumer,Completed,Wallet
O005373,2024-03-30,C00548,East,Bhubaneswar,Consumer,Completed,Debit Card
O005374,2024-02-02,C00716,North,Chandigarh,Corporate,Completed,Credit Card
O005375,2025-09-18,C00664,West,Pune,Consumer,Completed,UPI
O005376,2024-10-12,C00538,West,Pune,Home Office,Completed,Net Banking
O005377,2024-12-24,C00630,South,Bengaluru,Consumer,Completed,Credit Card
O005378,2023-10-21,C00749,North,Lucknow,Consumer,Completed,Credit Card
O005379,2024-11-20,C00103,South,Bengaluru,Consumer,Completed,Net Banking
O005380,2023-07-23,C00171,North,Lucknow,Consumer,Completed,Debit Card
O005381,2023-03-09,C00693,North,Chandigarh,Consumer,Completed,Wallet
O005382,2025-10-13,C00588,West,Ahmedabad,Consumer,Completed,Debit Card
O005383,2023-04-12,C00596,South,Chennai,Consumer,Completed,UPI
O005384,2024-08-18,C00315,South,Bengaluru,Corporate,Completed,Credit Card
O005385,2023-04-21,C00265,East,Guwahati,Consumer,Returned,Credit Card
O005386,2023-02-06,C00464,North,Chandigarh,Corporate,Completed,Credit Card
O005387,2023-02-23,C00418,North,Lucknow,Consumer,Completed,Net Banking
O005388,2023-01-15,C00642,East,Patna,Home Office,Returned,Wallet
O005389,2024-10-30,C00705,East,Bhubaneswar,Consumer,Completed,Wallet
O005390,2023-08-29,C00638,North,Jaipur,Corporate,Completed,Credit Card
O005391,2025-07-17,C00220,South,Chennai,Consumer,Completed,UPI
O005392,2024-08-30,C00262,South,Kochi,Corporate,Completed,Debit Card
O005393,2025-09-29,C00074,East,Guwahati,Consumer,Completed,Debit Card
O005394,2025-01-09,C00304,North,Delhi,Home Office,Completed,Wallet
O005395,2023-12-22,C00157,South,Hyderabad,Consumer,Completed,Credit Card
O005396,2025-09-06,C00088,North,Lucknow,Consumer,Completed,Debit Card
O005397,2024-05-14,C00327,North,Delhi,Consumer,Completed,Net Banking
O005398,2023-03-06,C00476,East,Kolkata,Home Office,Completed,Credit Card
O005399,2023-07-14,C00594,West,Mumbai,Consumer,Completed,Wallet
O005400,2025-10-21,C00193,North,Jaipur,Consumer,Completed,Debit Card
O005401,2025-05-11,C00202,East,Guwahati,Home Office,Completed,Net Banking
O005402,2023-03-05,C00716,North,Chandigarh,Corporate,Completed,Credit Card
O005403,2024-10-31,C00336,East,Guwahati,Consumer,Completed,Net Banking
O005404,2023-04-22,C00145,East,Patna,Consumer,Completed,Credit Card
O005405,2025-03-02,C00546,West,Mumbai,Consumer,Completed,Net Banking
O005406,2023-07-13,C00158,South,Hyderabad,Consumer,Completed,Credit Card
O005407,2023-08-04,C00510,East,Guwahati,Consumer,Completed,UPI
O005408,2024-08-27,C00106,North,Jaipur,Corporate,Completed,Debit Card
O005409,2023-08-14,C00749,North,Lucknow,Consumer,Completed,Wallet
O005410,2023-01-24,C00196,South,Bengaluru,Consumer,Completed,Net Banking
O005411,2025-06-22,C00144,East,Guwahati,Consumer,Completed,Debit Card
O005412,2025-01-25,C00458,West,Surat,Consumer,Completed,Credit Card
O005413,2024-06-24,C00378,West,Pune,Home Office,Completed,Credit Card
O005414,2025-12-15,C00170,East,Bhubaneswar,Consumer,Completed,Credit Card
O005415,2025-01-20,C00429,North,Delhi,Consumer,Completed,Debit Card
O005416,2025-08-22,C00150,East,Patna,Corporate,Completed,Net Banking
O005417,2025-10-07,C00446,North,Chandigarh,Consumer,Completed,Wallet
O005418,2025-12-09,C00376,East,Guwahati,Consumer,Completed,UPI
O005419,2024-10-11,C00480,South,Bengaluru,Consumer,Completed,Net Banking
O005420,2025-06-19,C00085,West,Pune,Consumer,Completed,Net Banking
O005421,2023-06-02,C00489,West,Surat,Consumer,Completed,UPI
O005422,2025-04-19,C00674,North,Delhi,Corporate,Completed,Debit Card
O005423,2023-04-20,C00485,East,Guwahati,Consumer,Completed,UPI
O005424,2023-09-08,C00705,East,Bhubaneswar,Consumer,Completed,UPI
O005425,2025-08-03,C00408,East,Bhubaneswar,Consumer,Completed,UPI
O005426,2023-08-21,C00003,North,Lucknow,Home Office,Completed,Credit Card
O005427,2023-07-05,C00370,South,Kochi,Consumer,Completed,Credit Card
O005428,2023-03-02,C00684,North,Jaipur,Consumer,Returned,UPI
O005429,2023-03-04,C00613,North,Chandigarh,Consumer,Completed,Debit Card
O005430,2024-08-18,C00549,South,Kochi,Consumer,Completed,Wallet
O005431,2023-11-01,C00587,North,Jaipur,Home Office,Completed,UPI
O005432,2023-09-08,C00128,West,Mumbai,Consumer,Cancelled,Debit Card
O005433,2025-03-21,C00395,West,Mumbai,Consumer,Completed,UPI
O005434,2025-05-21,C00682,North,Jaipur,Consumer,Completed,Wallet
O005435,2024-06-19,C00341,North,Lucknow,Consumer,Completed,Wallet
O005436,2024-12-13,C00253,South,Chennai,Corporate,Completed,Net Banking
O005437,2025-03-11,C00711,East,Guwahati,Consumer,Completed,Debit Card
O005438,2025-05-19,C00704,East,Kolkata,Consumer,Completed,UPI
O005439,2025-06-06,C00577,East,Bhubaneswar,Home Office,Completed,Debit Card
O005440,2024-08-12,C00152,East,Guwahati,Corporate,Completed,UPI
O005441,2024-04-03,C00718,North,Delhi,Corporate,Completed,Credit Card
O005442,2023-08-04,C00633,East,Patna,Corporate,Completed,Net Banking
O005443,2025-05-27,C00503,North,Lucknow,Consumer,Completed,UPI
O005444,2023-08-17,C00410,South,Bengaluru,Consumer,Completed,UPI
O005445,2024-10-22,C00194,West,Pune,Consumer,Returned,Debit Card
O005446,2024-04-01,C00029,North,Chandigarh,Corporate,Completed,Wallet
O005447,2025-08-18,C00343,North,Lucknow,Corporate,Completed,UPI
O005448,2025-05-23,C00192,East,Guwahati,Consumer,Completed,Credit Card
O005449,2023-06-06,C00745,North,Chandigarh,Consumer,Completed,UPI
O005450,2024-06-04,C00621,South,Bengaluru,Corporate,Completed,Net Banking
O005451,2025-07-05,C00071,South,Kochi,Consumer,Completed,Credit Card
O005452,2023-02-13,C00166,East,Guwahati,Consumer,Completed,UPI
O005453,2024-12-18,C00709,West,Pune,Corporate,Completed,Net Banking
O005454,2025-10-31,C00129,East,Kolkata,Consumer,Completed,Credit Card
O005455,2024-08-12,C00607,West,Pune,Consumer,Completed,Wallet
O005456,2024-12-10,C00256,East,Guwahati,Consumer,Completed,Net Banking
O005457,2025-11-16,C00664,West,Pune,Consumer,Completed,Wallet
O005458,2024-02-17,C00631,West,Mumbai,Consumer,Completed,UPI
O005459,2025-07-31,C00096,South,Kochi,Corporate,Completed,Credit Card
O005460,2024-05-09,C00193,North,Jaipur,Consumer,Completed,Credit Card
O005461,2025-11-29,C00469,East,Bhubaneswar,Consumer,Completed,Debit Card
O005462,2023-12-24,C00309,South,Bengaluru,Home Office,Completed,Net Banking
O005463,2024-06-04,C00624,South,Hyderabad,Consumer,Completed,Debit Card
O005464,2023-11-06,C00315,South,Bengaluru,Corporate,Completed,Debit Card
O005465,2023-08-18,C00039,South,Hyderabad,Home Office,Completed,Wallet
O005466,2024-08-11,C00634,South,Hyderabad,Home Office,Completed,Debit Card
O005467,2023-10-06,C00578,West,Ahmedabad,Consumer,Completed,UPI
O005468,2025-01-15,C00146,West,Pune,Consumer,Completed,Net Banking
O005469,2025-10-09,C00012,South,Kochi,Corporate,Returned,Credit Card
O005470,2025-07-31,C00114,West,Surat,Home Office,Completed,UPI
O005471,2025-05-14,C00221,South,Bengaluru,Corporate,Completed,UPI
O005472,2023-05-31,C00300,East,Bhubaneswar,Consumer,Completed,Net Banking
O005473,2024-11-03,C00581,East,Kolkata,Home Office,Completed,Debit Card
O005474,2025-04-09,C00657,East,Patna,Corporate,Completed,UPI
O005475,2023-12-16,C00035,South,Hyderabad,Consumer,Completed,UPI
O005476,2025-09-18,C00095,East,Patna,Consumer,Completed,UPI
O005477,2024-09-15,C00697,North,Delhi,Corporate,Completed,Net Banking
O005478,2023-01-25,C00495,North,Chandigarh,Home Office,Returned,Credit Card
O005479,2023-08-17,C00360,West,Surat,Consumer,Completed,Credit Card
O005480,2025-02-08,C00449,East,Guwahati,Home Office,Completed,Credit Card
O005481,2025-07-03,C00721,West,Pune,Consumer,Completed,Net Banking
O005482,2024-09-09,C00413,East,Patna,Corporate,Completed,Credit Card
O005483,2023-01-07,C00207,North,Jaipur,Consumer,Completed,Net Banking
O005484,2024-04-18,C00112,East,Kolkata,Home Office,Completed,Debit Card
O005485,2024-06-29,C00682,North,Jaipur,Consumer,Completed,Debit Card
O005486,2023-03-05,C00261,North,Chandigarh,Consumer,Completed,UPI
O005487,2024-10-19,C00012,South,Kochi,Corporate,Completed,Wallet
O005488,2024-01-02,C00137,North,Chandigarh,Consumer,Completed,Credit Card
O005489,2025-12-31,C00486,North,Chandigarh,Corporate,Completed,Debit Card
O005490,2025-11-21,C00136,West,Mumbai,Consumer,Completed,Debit Card
O005491,2024-04-25,C00302,East,Guwahati,Corporate,Completed,Net Banking
O005492,2025-04-21,C00256,East,Guwahati,Consumer,Completed,Net Banking
O005493,2024-03-12,C00261,North,Chandigarh,Consumer,Completed,Net Banking
O005494,2023-07-11,C00336,East,Guwahati,Consumer,Returned,UPI
O005495,2024-01-25,C00110,North,Jaipur,Consumer,Completed,Wallet
O005496,2023-06-08,C00519,North,Delhi,Consumer,Completed,Net Banking
O005497,2023-07-19,C00693,North,Chandigarh,Consumer,Completed,Debit Card
O005498,2025-11-25,C00362,North,Jaipur,Corporate,Completed,Debit Card
O005499,2025-07-08,C00481,South,Chennai,Corporate,Completed,Debit Card
O005500,2024-10-19,C00702,West,Pune,Consumer,Completed,Wallet
O005501,2023-02-19,C00425,West,Mumbai,Consumer,Completed,Net Banking
O005502,2023-09-03,C00222,West,Surat,Corporate,Completed,UPI
O005503,2024-12-08,C00580,South,Bengaluru,Corporate,Completed,Debit Card
O005504,2023-01-23,C00316,West,Pune,Corporate,Completed,Wallet
O005505,2024-06-22,C00570,East,Bhubaneswar,Home Office,Completed,Net Banking
O005506,2023-06-12,C00072,South,Hyderabad,Consumer,Completed,Debit Card
O005507,2023-04-24,C00706,West,Pune,Consumer,Completed,Debit Card
O005508,2025-05-09,C00203,West,Ahmedabad,Corporate,Returned,UPI
O005509,2023-08-28,C00198,West,Ahmedabad,Consumer,Completed,Wallet
O005510,2024-05-12,C00721,West,Pune,Consumer,Returned,Debit Card
O005511,2023-06-10,C00676,South,Bengaluru,Consumer,Completed,Wallet
O005512,2023-04-17,C00506,East,Bhubaneswar,Consumer,Completed,Debit Card
O005513,2024-07-10,C00006,West,Pune,Home Office,Completed,Debit Card
O005514,2023-03-18,C00012,South,Kochi,Corporate,Completed,Debit Card
O005515,2024-05-30,C00515,North,Chandigarh,Consumer,Completed,Wallet
O005516,2025-06-21,C00575,West,Ahmedabad,Home Office,Completed,Wallet
O005517,2023-10-18,C00453,East,Patna,Consumer,Completed,UPI
O005518,2023-07-02,C00444,North,Jaipur,Consumer,Completed,Debit Card
O005519,2023-05-03,C00539,North,Jaipur,Consumer,Completed,Debit Card
O005520,2024-05-07,C00142,East,Patna,Corporate,Completed,UPI
O005521,2025-10-15,C00408,East,Bhubaneswar,Consumer,Completed,Net Banking
O005522,2025-03-04,C00223,North,Delhi,Consumer,Completed,Credit Card
O005523,2023-11-17,C00345,West,Mumbai,Consumer,Completed,Net Banking
O005524,2025-11-10,C00441,South,Bengaluru,Consumer,Completed,Debit Card
O005525,2025-10-31,C00257,West,Mumbai,Home Office,Completed,Credit Card
O005526,2025-11-07,C00397,South,Bengaluru,Consumer,Completed,Debit Card
O005527,2025-10-06,C00646,East,Patna,Consumer,Completed,Debit Card
O005528,2025-12-21,C00536,South,Bengaluru,Consumer,Completed,Wallet
O005529,2024-06-06,C00297,North,Chandigarh,Consumer,Completed,Debit Card
O005530,2025-10-27,C00110,North,Jaipur,Consumer,Completed,Net Banking
O005531,2025-05-06,C00526,West,Pune,Corporate,Completed,Debit Card
O005532,2024-05-23,C00593,West,Pune,Home Office,Completed,UPI
O005533,2025-07-19,C00363,West,Pune,Consumer,Completed,Net Banking
O005534,2024-09-19,C00688,North,Lucknow,Consumer,Completed,Net Banking
O005535,2023-04-28,C00574,South,Hyderabad,Consumer,Completed,Debit Card
O005536,2023-12-02,C00703,South,Hyderabad,Consumer,Completed,Wallet
O005537,2024-03-07,C00215,East,Kolkata,Consumer,Completed,UPI
O005538,2025-12-23,C00386,North,Jaipur,Corporate,Completed,Wallet
O005539,2025-05-01,C00566,North,Lucknow,Home Office,Completed,Net Banking
O005540,2025-09-12,C00121,North,Jaipur,Corporate,Cancelled,UPI
O005541,2023-10-04,C00681,West,Surat,Corporate,Cancelled,Wallet
O005542,2024-10-18,C00004,East,Bhubaneswar,Corporate,Completed,Debit Card
O005543,2024-07-05,C00345,West,Mumbai,Consumer,Completed,Net Banking
O005544,2025-03-10,C00320,East,Guwahati,Corporate,Completed,Credit Card
O005545,2023-01-07,C00021,South,Kochi,Consumer,Returned,Debit Card
O005546,2024-03-17,C00319,South,Kochi,Consumer,Completed,Wallet
O005547,2023-10-20,C00479,South,Kochi,Consumer,Completed,Wallet
O005548,2024-07-12,C00274,South,Hyderabad,Corporate,Completed,Net Banking
O005549,2023-02-16,C00365,East,Guwahati,Corporate,Completed,Wallet
O005550,2023-03-05,C00117,West,Surat,Consumer,Completed,Wallet
O005551,2023-12-20,C00001,North,Delhi,Consumer,Completed,UPI
O005552,2023-04-26,C00557,East,Kolkata,Home Office,Completed,Net Banking
O005553,2025-12-12,C00688,North,Lucknow,Consumer,Completed,UPI
O005554,2023-08-17,C00198,West,Ahmedabad,Consumer,Completed,Debit Card
O005555,2023-02-14,C00014,West,Ahmedabad,Consumer,Completed,UPI
O005556,2023-07-22,C00588,West,Ahmedabad,Consumer,Completed,Net Banking
O005557,2025-12-21,C00467,North,Jaipur,Corporate,Completed,UPI
O005558,2025-12-08,C00369,East,Patna,Corporate,Completed,Wallet
O005559,2023-02-07,C00018,West,Mumbai,Home Office,Completed,Credit Card
O005560,2023-12-31,C00506,East,Bhubaneswar,Consumer,Completed,Wallet
O005561,2024-12-22,C00443,East,Kolkata,Consumer,Completed,Credit Card
O005562,2025-08-04,C00606,North,Delhi,Consumer,Completed,Credit Card
O005563,2023-02-26,C00392,West,Surat,Home Office,Completed,Debit Card
O005564,2025-02-27,C00649,South,Kochi,Home Office,Completed,Credit Card
O005565,2024-03-01,C00239,North,Jaipur,Consumer,Completed,Debit Card
O005566,2023-11-22,C00650,South,Kochi,Consumer,Completed,Debit Card
O005567,2023-04-20,C00545,South,Hyderabad,Consumer,Completed,Net Banking
O005568,2025-08-30,C00383,East,Bhubaneswar,Corporate,Completed,UPI
O005569,2025-04-01,C00198,West,Ahmedabad,Consumer,Completed,Debit Card
O005570,2024-02-10,C00279,South,Hyderabad,Home Office,Completed,Debit Card
O005571,2024-09-17,C00466,North,Delhi,Consumer,Completed,Net Banking
O005572,2025-08-02,C00110,North,Jaipur,Consumer,Completed,Wallet
O005573,2024-07-03,C00391,South,Chennai,Home Office,Completed,Credit Card
O005574,2025-11-03,C00439,East,Guwahati,Corporate,Completed,UPI
O005575,2025-06-26,C00028,East,Guwahati,Consumer,Completed,Wallet
O005576,2025-02-11,C00531,North,Jaipur,Consumer,Returned,UPI
O005577,2024-10-10,C00706,West,Pune,Consumer,Completed,UPI
O005578,2025-07-31,C00321,West,Surat,Consumer,Completed,Credit Card
O005579,2025-07-23,C00022,West,Surat,Consumer,Completed,Net Banking
O005580,2025-12-19,C00119,East,Kolkata,Consumer,Completed,Debit Card
O005581,2025-11-12,C00725,East,Bhubaneswar,Consumer,Completed,UPI
O005582,2024-03-24,C00463,North,Jaipur,Corporate,Completed,Net Banking
O005583,2024-07-17,C00169,North,Jaipur,Home Office,Completed,UPI
O005584,2025-10-20,C00122,East,Kolkata,Home Office,Completed,UPI
O005585,2023-06-20,C00228,South,Chennai,Home Office,Completed,Credit Card
O005586,2025-04-27,C00215,East,Kolkata,Consumer,Completed,Wallet
O005587,2023-11-20,C00348,West,Surat,Consumer,Completed,Net Banking
O005588,2023-04-19,C00222,West,Surat,Corporate,Completed,Debit Card
O005589,2024-05-26,C00168,South,Bengaluru,Consumer,Completed,Net Banking
O005590,2023-06-20,C00512,South,Hyderabad,Home Office,Completed,UPI
O005591,2024-09-12,C00417,North,Delhi,Consumer,Completed,Credit Card
O005592,2023-05-24,C00334,South,Chennai,Consumer,Completed,Net Banking
O005593,2023-04-30,C00074,East,Guwahati,Consumer,Completed,Debit Card
O005594,2025-10-09,C00221,South,Bengaluru,Corporate,Completed,Debit Card
O005595,2025-03-31,C00312,North,Lucknow,Consumer,Completed,Wallet
O005596,2025-04-29,C00017,North,Chandigarh,Consumer,Completed,UPI
O005597,2025-11-27,C00227,North,Delhi,Consumer,Completed,UPI
O005598,2025-02-22,C00433,West,Ahmedabad,Consumer,Returned,UPI
O005599,2025-10-19,C00080,East,Guwahati,Corporate,Completed,Wallet
O005600,2025-02-20,C00461,North,Jaipur,Corporate,Completed,Debit Card
O005601,2024-07-25,C00418,North,Lucknow,Consumer,Completed,Net Banking
O005602,2025-10-08,C00018,West,Mumbai,Home Office,Completed,Wallet
O005603,2025-04-30,C00090,East,Guwahati,Consumer,Completed,UPI
O005604,2024-08-23,C00193,North,Jaipur,Consumer,Completed,Wallet
O005605,2023-08-27,C00568,South,Bengaluru,Consumer,Completed,Net Banking
O005606,2025-02-21,C00404,North,Jaipur,Consumer,Completed,Wallet
O005607,2023-06-09,C00600,South,Bengaluru,Home Office,Completed,Credit Card
O005608,2025-08-15,C00130,South,Kochi,Consumer,Completed,Debit Card
O005609,2024-05-30,C00553,East,Patna,Consumer,Completed,UPI
O005610,2023-03-01,C00434,East,Guwahati,Home Office,Completed,UPI
O005611,2023-01-13,C00050,South,Chennai,Consumer,Completed,Debit Card
O005612,2024-01-02,C00256,East,Guwahati,Consumer,Returned,Wallet
O005613,2025-05-26,C00601,East,Bhubaneswar,Consumer,Completed,Credit Card
O005614,2023-12-29,C00566,North,Lucknow,Home Office,Completed,Wallet
O005615,2023-11-06,C00617,East,Kolkata,Consumer,Completed,Wallet
O005616,2025-09-20,C00111,East,Patna,Consumer,Completed,Debit Card
O005617,2023-04-22,C00356,West,Pune,Consumer,Completed,Wallet
O005618,2024-07-02,C00647,North,Delhi,Consumer,Completed,Wallet
O005619,2023-03-01,C00112,East,Kolkata,Home Office,Completed,Net Banking
O005620,2023-09-22,C00427,South,Chennai,Home Office,Completed,UPI
O005621,2023-03-20,C00662,West,Surat,Home Office,Completed,UPI
O005622,2025-04-06,C00466,North,Delhi,Consumer,Completed,Net Banking
O005623,2023-05-08,C00650,South,Kochi,Consumer,Completed,Debit Card
O005624,2023-08-05,C00686,North,Delhi,Corporate,Completed,UPI
O005625,2025-06-11,C00016,West,Ahmedabad,Consumer,Completed,Debit Card
O005626,2025-03-23,C00106,North,Jaipur,Corporate,Completed,Net Banking
O005627,2025-11-17,C00650,South,Kochi,Consumer,Completed,Wallet
O005628,2023-02-10,C00475,North,Chandigarh,Consumer,Completed,Wallet
O005629,2025-08-06,C00229,West,Mumbai,Consumer,Completed,UPI
O005630,2024-02-14,C00048,West,Pune,Home Office,Completed,UPI
O005631,2023-01-10,C00363,West,Pune,Consumer,Completed,Debit Card
O005632,2024-05-08,C00010,West,Ahmedabad,Consumer,Completed,UPI
O005633,2024-07-20,C00074,East,Guwahati,Consumer,Completed,Net Banking
O005634,2023-01-03,C00250,West,Mumbai,Consumer,Completed,UPI
O005635,2025-02-25,C00658,East,Kolkata,Consumer,Completed,Net Banking
O005636,2025-02-02,C00054,East,Bhubaneswar,Consumer,Completed,UPI
O005637,2024-10-06,C00648,North,Delhi,Corporate,Completed,Credit Card
O005638,2025-07-21,C00700,East,Patna,Home Office,Completed,UPI
O005639,2023-04-08,C00533,North,Lucknow,Consumer,Completed,UPI
O005640,2024-11-02,C00560,East,Kolkata,Corporate,Completed,Debit Card
O005641,2023-01-06,C00649,South,Kochi,Home Office,Completed,UPI
O005642,2025-01-28,C00125,West,Mumbai,Corporate,Returned,Debit Card
O005643,2023-04-25,C00230,South,Chennai,Consumer,Completed,UPI
O005644,2023-07-08,C00426,West,Pune,Corporate,Completed,UPI
O005645,2025-01-10,C00480,South,Bengaluru,Consumer,Returned,UPI
O005646,2025-12-22,C00638,North,Jaipur,Corporate,Completed,UPI
O005647,2025-10-05,C00704,East,Kolkata,Consumer,Completed,Debit Card
O005648,2023-05-19,C00604,South,Kochi,Corporate,Completed,Credit Card
O005649,2024-03-18,C00682,North,Jaipur,Consumer,Completed,Net Banking
O005650,2024-06-27,C00665,South,Bengaluru,Consumer,Completed,Credit Card
O005651,2023-03-28,C00311,East,Guwahati,Consumer,Completed,Wallet
O005652,2023-04-10,C00060,West,Surat,Corporate,Completed,Net Banking
O005653,2023-04-03,C00347,West,Ahmedabad,Consumer,Completed,UPI
O005654,2024-02-21,C00610,South,Hyderabad,Home Office,Completed,Debit Card
O005655,2023-05-23,C00521,West,Pune,Home Office,Completed,Credit Card
O005656,2025-06-01,C00028,East,Guwahati,Consumer,Returned,Credit Card
O005657,2023-06-22,C00625,East,Bhubaneswar,Home Office,Completed,Wallet
O005658,2024-07-27,C00124,East,Bhubaneswar,Home Office,Completed,Debit Card
O005659,2023-03-06,C00267,West,Pune,Home Office,Completed,Credit Card
O005660,2023-08-09,C00174,East,Guwahati,Corporate,Completed,Credit Card
O005661,2024-05-06,C00126,East,Kolkata,Consumer,Completed,Credit Card
O005662,2024-03-30,C00582,South,Bengaluru,Consumer,Completed,Wallet
O005663,2025-03-02,C00557,East,Kolkata,Home Office,Completed,Credit Card
O005664,2025-10-12,C00112,East,Kolkata,Home Office,Completed,Wallet
O005665,2025-06-10,C00628,West,Ahmedabad,Corporate,Completed,UPI
O005666,2023-11-25,C00271,North,Jaipur,Home Office,Completed,UPI
O005667,2024-12-31,C00133,West,Surat,Corporate,Cancelled,Wallet
O005668,2025-12-12,C00273,West,Ahmedabad,Consumer,Completed,Net Banking
O005669,2023-04-14,C00364,West,Ahmedabad,Consumer,Completed,Net Banking
O005670,2023-10-11,C00521,West,Pune,Home Office,Completed,Net Banking
O005671,2024-01-21,C00469,East,Bhubaneswar,Consumer,Completed,Credit Card
O005672,2025-11-01,C00685,West,Ahmedabad,Consumer,Completed,Net Banking
O005673,2025-10-29,C00523,West,Mumbai,Consumer,Completed,Credit Card
O005674,2025-01-26,C00010,West,Ahmedabad,Consumer,Completed,Wallet
O005675,2023-02-17,C00721,West,Pune,Consumer,Completed,Wallet
O005676,2023-10-02,C00077,South,Kochi,Home Office,Completed,Net Banking
O005677,2025-06-25,C00565,East,Kolkata,Consumer,Completed,Wallet
O005678,2024-03-10,C00225,West,Mumbai,Consumer,Completed,Debit Card
O005679,2024-06-13,C00069,South,Chennai,Home Office,Completed,Wallet
O005680,2023-04-02,C00535,East,Kolkata,Home Office,Completed,Debit Card
O005681,2025-02-11,C00157,South,Hyderabad,Consumer,Completed,UPI
O005682,2025-10-29,C00079,East,Guwahati,Consumer,Completed,Wallet
O005683,2025-09-02,C00118,East,Guwahati,Corporate,Completed,Wallet
O005684,2023-01-18,C00210,North,Chandigarh,Consumer,Completed,Debit Card
O005685,2024-05-08,C00260,East,Bhubaneswar,Home Office,Completed,Wallet
O005686,2025-12-16,C00663,South,Bengaluru,Consumer,Completed,UPI
O005687,2024-04-26,C00056,West,Mumbai,Consumer,Completed,Credit Card
O005688,2023-09-02,C00722,East,Guwahati,Consumer,Completed,Wallet
O005689,2024-07-18,C00324,South,Kochi,Consumer,Completed,Credit Card
O005690,2023-03-21,C00735,South,Bengaluru,Consumer,Completed,Net Banking
O005691,2023-10-04,C00433,West,Ahmedabad,Consumer,Completed,Net Banking
O005692,2024-06-02,C00188,South,Bengaluru,Consumer,Completed,Net Banking
O005693,2023-10-12,C00383,East,Bhubaneswar,Corporate,Completed,Net Banking
O005694,2024-12-03,C00267,West,Pune,Home Office,Completed,Net Banking
O005695,2025-07-19,C00352,West,Mumbai,Home Office,Completed,Net Banking
O005696,2023-11-28,C00634,South,Hyderabad,Home Office,Completed,Net Banking
O005697,2023-02-18,C00705,East,Bhubaneswar,Consumer,Returned,Credit Card
O005698,2025-11-24,C00290,West,Mumbai,Consumer,Completed,Wallet
O005699,2025-12-12,C00034,East,Kolkata,Consumer,Completed,Wallet
O005700,2025-12-10,C00135,West,Surat,Consumer,Completed,Wallet
O005701,2025-05-12,C00605,East,Patna,Consumer,Completed,UPI
O005702,2023-05-04,C00432,South,Kochi,Home Office,Completed,Wallet
O005703,2023-04-17,C00631,West,Mumbai,Consumer,Completed,Debit Card
O005704,2023-11-26,C00567,West,Ahmedabad,Consumer,Completed,Net Banking
O005705,2023-03-06,C00662,West,Surat,Home Office,Completed,Net Banking
O005706,2024-08-07,C00587,North,Jaipur,Home Office,Completed,Wallet
O005707,2023-03-16,C00435,North,Lucknow,Consumer,Completed,Net Banking
O005708,2025-03-14,C00362,North,Jaipur,Corporate,Completed,Debit Card
O005709,2024-11-26,C00625,East,Bhubaneswar,Home Office,Completed,Debit Card
O005710,2023-11-17,C00475,North,Chandigarh,Consumer,Completed,Net Banking
O005711,2024-02-09,C00498,North,Lucknow,Consumer,Completed,UPI
O005712,2025-04-23,C00179,East,Guwahati,Home Office,Completed,Wallet
O005713,2025-04-07,C00716,North,Chandigarh,Corporate,Completed,Debit Card
O005714,2023-01-02,C00299,East,Kolkata,Home Office,Completed,Credit Card
O005715,2023-10-30,C00088,North,Lucknow,Consumer,Cancelled,Debit Card
O005716,2023-05-05,C00744,South,Chennai,Consumer,Returned,Debit Card
O005717,2023-06-12,C00724,South,Kochi,Home Office,Completed,Debit Card
O005718,2024-12-22,C00136,West,Mumbai,Consumer,Completed,Net Banking
O005719,2024-12-04,C00448,North,Delhi,Consumer,Completed,Wallet
O005720,2024-01-19,C00069,South,Chennai,Home Office,Completed,Debit Card
O005721,2023-12-02,C00323,North,Lucknow,Home Office,Returned,Credit Card
O005722,2023-10-02,C00342,South,Hyderabad,Consumer,Completed,Credit Card
O005723,2024-09-25,C00451,West,Mumbai,Home Office,Completed,Net Banking
O005724,2024-08-01,C00330,South,Bengaluru,Consumer,Completed,Credit Card
O005725,2024-06-20,C00339,South,Kochi,Consumer,Completed,Net Banking
O005726,2023-11-04,C00531,North,Jaipur,Consumer,Completed,UPI
O005727,2023-02-14,C00540,East,Bhubaneswar,Consumer,Completed,Debit Card
O005728,2023-12-22,C00472,South,Bengaluru,Home Office,Completed,Credit Card
O005729,2025-10-26,C00591,East,Kolkata,Consumer,Completed,UPI
O005730,2024-01-04,C00239,North,Jaipur,Consumer,Completed,Debit Card
O005731,2025-08-19,C00444,North,Jaipur,Consumer,Completed,Wallet
O005732,2024-06-18,C00470,North,Chandigarh,Corporate,Completed,Net Banking
O005733,2024-12-18,C00002,North,Jaipur,Consumer,Completed,Credit Card
O005734,2023-05-26,C00112,East,Kolkata,Home Office,Completed,Wallet
O005735,2024-07-05,C00130,South,Kochi,Consumer,Completed,UPI
O005736,2023-11-16,C00723,South,Bengaluru,Consumer,Completed,Wallet
O005737,2023-06-11,C00040,North,Chandigarh,Consumer,Completed,Wallet
O005738,2025-10-31,C00636,East,Guwahati,Consumer,Completed,UPI
O005739,2025-06-28,C00030,South,Bengaluru,Consumer,Completed,UPI
O005740,2025-04-03,C00448,North,Delhi,Consumer,Completed,Credit Card
O005741,2023-09-24,C00484,West,Mumbai,Consumer,Completed,Net Banking
O005742,2025-12-11,C00043,South,Chennai,Consumer,Completed,Credit Card
O005743,2025-06-22,C00372,West,Surat,Consumer,Completed,Credit Card
O005744,2025-06-09,C00070,North,Jaipur,Consumer,Completed,Debit Card
O005745,2024-07-21,C00518,South,Kochi,Consumer,Completed,Wallet
O005746,2024-04-04,C00325,North,Lucknow,Home Office,Completed,Credit Card
O005747,2023-02-06,C00205,North,Jaipur,Corporate,Completed,Debit Card
O005748,2024-10-04,C00146,West,Pune,Consumer,Completed,Net Banking
O005749,2023-07-22,C00694,North,Delhi,Consumer,Completed,Credit Card
O005750,2023-05-25,C00674,North,Delhi,Corporate,Completed,Debit Card
O005751,2025-10-10,C00313,South,Hyderabad,Consumer,Completed,Net Banking
O005752,2025-02-16,C00486,North,Chandigarh,Corporate,Completed,UPI
O005753,2023-02-11,C00121,North,Jaipur,Corporate,Completed,Wallet
O005754,2024-12-31,C00424,South,Chennai,Home Office,Completed,Debit Card
O005755,2024-04-10,C00443,East,Kolkata,Consumer,Completed,Credit Card
O005756,2023-07-15,C00502,East,Bhubaneswar,Consumer,Completed,Net Banking
O005757,2024-03-02,C00241,East,Patna,Consumer,Completed,Credit Card
O005758,2025-10-16,C00168,South,Bengaluru,Consumer,Completed,Net Banking
O005759,2025-11-21,C00313,South,Hyderabad,Consumer,Completed,Debit Card
O005760,2024-02-27,C00155,North,Lucknow,Consumer,Completed,Net Banking
O005761,2024-01-30,C00169,North,Jaipur,Home Office,Completed,Wallet
O005762,2024-07-02,C00551,South,Hyderabad,Consumer,Completed,Debit Card
O005763,2025-02-26,C00030,South,Bengaluru,Consumer,Completed,Debit Card
O005764,2023-01-13,C00714,East,Guwahati,Home Office,Completed,UPI
O005765,2024-12-27,C00186,North,Delhi,Consumer,Completed,UPI
O005766,2024-10-18,C00302,East,Guwahati,Corporate,Completed,UPI
O005767,2025-12-24,C00629,North,Delhi,Home Office,Completed,Debit Card
O005768,2025-02-03,C00199,West,Mumbai,Corporate,Completed,Net Banking
O005769,2025-04-04,C00013,North,Delhi,Consumer,Completed,Debit Card
O005770,2023-04-22,C00166,East,Guwahati,Consumer,Completed,UPI
O005771,2024-01-15,C00457,South,Hyderabad,Home Office,Completed,Debit Card
O005772,2025-08-03,C00619,West,Pune,Consumer,Completed,Net Banking
O005773,2025-01-12,C00152,East,Guwahati,Corporate,Completed,Net Banking
O005774,2025-09-09,C00484,West,Mumbai,Consumer,Completed,Credit Card
O005775,2024-05-09,C00147,North,Chandigarh,Home Office,Completed,Net Banking
O005776,2024-01-16,C00007,East,Bhubaneswar,Corporate,Completed,Net Banking
O005777,2023-07-20,C00581,East,Kolkata,Home Office,Completed,Credit Card
O005778,2023-01-26,C00387,North,Delhi,Corporate,Completed,Credit Card
O005779,2023-01-01,C00075,West,Pune,Consumer,Completed,UPI
O005780,2025-02-12,C00460,South,Bengaluru,Consumer,Completed,UPI
O005781,2025-06-03,C00167,South,Chennai,Home Office,Completed,Net Banking
O005782,2025-07-30,C00593,West,Pune,Home Office,Completed,UPI
O005783,2025-07-31,C00737,East,Patna,Consumer,Completed,Wallet
O005784,2025-06-01,C00654,South,Kochi,Consumer,Completed,Net Banking
O005785,2023-03-08,C00348,West,Surat,Consumer,Completed,Debit Card
O005786,2025-05-10,C00033,North,Chandigarh,Home Office,Completed,UPI
O005787,2025-11-16,C00183,South,Kochi,Consumer,Completed,Wallet
O005788,2025-10-30,C00623,East,Bhubaneswar,Corporate,Completed,Wallet
O005789,2025-03-13,C00163,West,Mumbai,Consumer,Completed,Wallet
O005790,2024-01-19,C00287,West,Mumbai,Consumer,Completed,Debit Card
O005791,2024-06-11,C00273,West,Ahmedabad,Consumer,Completed,Credit Card
O005792,2024-03-18,C00719,South,Hyderabad,Consumer,Completed,UPI
O005793,2023-05-15,C00571,West,Mumbai,Consumer,Completed,UPI
O005794,2023-11-23,C00626,North,Jaipur,Corporate,Completed,UPI
O005795,2024-05-06,C00727,East,Patna,Home Office,Completed,Wallet
O005796,2024-07-24,C00623,East,Bhubaneswar,Corporate,Completed,UPI
O005797,2025-02-04,C00458,West,Surat,Consumer,Completed,Credit Card
O005798,2023-08-30,C00058,West,Surat,Consumer,Completed,Credit Card
O005799,2025-02-19,C00677,South,Bengaluru,Corporate,Completed,Debit Card
O005800,2025-06-04,C00077,South,Kochi,Home Office,Completed,Wallet
O005801,2023-05-13,C00256,East,Guwahati,Consumer,Completed,Debit Card
O005802,2023-11-15,C00711,East,Guwahati,Consumer,Completed,Wallet
O005803,2023-04-22,C00539,North,Jaipur,Consumer,Completed,UPI
O005804,2025-05-15,C00322,South,Bengaluru,Consumer,Completed,UPI
O005805,2025-05-28,C00122,East,Kolkata,Home Office,Completed,Net Banking
O005806,2023-11-08,C00527,West,Ahmedabad,Consumer,Completed,Wallet
O005807,2024-12-06,C00733,East,Kolkata,Consumer,Completed,Wallet
O005808,2024-10-22,C00110,North,Jaipur,Consumer,Completed,Wallet
O005809,2025-04-27,C00546,West,Mumbai,Consumer,Completed,Net Banking
O005810,2023-12-31,C00718,North,Delhi,Corporate,Completed,Wallet
O005811,2024-12-10,C00524,North,Jaipur,Consumer,Completed,Credit Card
O005812,2024-03-10,C00706,West,Pune,Consumer,Completed,Credit Card
O005813,2025-06-26,C00305,West,Surat,Consumer,Completed,Credit Card
O005814,2025-05-15,C00529,South,Hyderabad,Home Office,Completed,Debit Card
O005815,2024-06-24,C00111,East,Patna,Consumer,Completed,Credit Card
O005816,2023-07-07,C00285,West,Pune,Consumer,Completed,Debit Card
O005817,2024-11-25,C00723,South,Bengaluru,Consumer,Completed,Credit Card
O005818,2025-01-12,C00658,East,Kolkata,Consumer,Completed,Credit Card
O005819,2025-10-10,C00615,West,Mumbai,Consumer,Completed,Credit Card
O005820,2024-03-27,C00600,South,Bengaluru,Home Office,Completed,UPI
O005821,2024-02-23,C00560,East,Kolkata,Corporate,Completed,Net Banking
O005822,2024-10-29,C00358,West,Mumbai,Consumer,Completed,Debit Card
O005823,2025-11-27,C00693,North,Chandigarh,Consumer,Completed,Wallet
O005824,2025-02-15,C00438,West,Ahmedabad,Consumer,Completed,Credit Card
O005825,2024-01-23,C00696,East,Patna,Consumer,Completed,Debit Card
O005826,2025-11-03,C00296,East,Guwahati,Consumer,Completed,UPI
O005827,2025-04-17,C00503,North,Lucknow,Consumer,Completed,UPI
O005828,2024-03-16,C00173,East,Bhubaneswar,Consumer,Completed,Net Banking
O005829,2025-09-03,C00297,North,Chandigarh,Consumer,Completed,Net Banking
O005830,2023-07-03,C00120,East,Kolkata,Corporate,Completed,Wallet
O005831,2025-08-25,C00228,South,Chennai,Home Office,Completed,Debit Card
O005832,2024-05-23,C00469,East,Bhubaneswar,Consumer,Completed,UPI
O005833,2023-12-27,C00023,North,Jaipur,Home Office,Completed,Debit Card
O005834,2025-07-16,C00013,North,Delhi,Consumer,Completed,Net Banking
O005835,2024-07-06,C00120,East,Kolkata,Corporate,Completed,Credit Card
O005836,2023-11-10,C00488,West,Ahmedabad,Home Office,Returned,Net Banking
O005837,2024-06-09,C00465,West,Ahmedabad,Consumer,Completed,Net Banking
O005838,2023-09-07,C00481,South,Chennai,Corporate,Completed,Net Banking
O005839,2023-04-01,C00411,North,Jaipur,Home Office,Completed,UPI
O005840,2023-03-17,C00523,West,Mumbai,Consumer,Completed,Net Banking
O005841,2023-10-26,C00581,East,Kolkata,Home Office,Completed,Credit Card
O005842,2025-05-13,C00576,North,Delhi,Consumer,Completed,Net Banking
O005843,2023-12-27,C00692,North,Chandigarh,Consumer,Completed,UPI
O005844,2023-10-15,C00141,North,Lucknow,Home Office,Completed,UPI
O005845,2025-11-19,C00701,South,Bengaluru,Consumer,Completed,Credit Card
O005846,2025-03-30,C00602,East,Guwahati,Corporate,Completed,UPI
O005847,2025-11-05,C00487,North,Lucknow,Corporate,Returned,Net Banking
O005848,2023-10-03,C00203,West,Ahmedabad,Corporate,Completed,Credit Card
O005849,2023-05-29,C00537,North,Jaipur,Consumer,Completed,Debit Card
O005850,2024-04-22,C00386,North,Jaipur,Corporate,Completed,Net Banking
O005851,2025-09-26,C00733,East,Kolkata,Consumer,Completed,Debit Card
O005852,2023-12-28,C00586,West,Ahmedabad,Consumer,Completed,Wallet
O005853,2025-08-25,C00056,West,Mumbai,Consumer,Completed,Credit Card
O005854,2023-08-03,C00639,South,Chennai,Consumer,Returned,Net Banking
O005855,2024-09-25,C00342,South,Hyderabad,Consumer,Completed,Credit Card
O005856,2023-08-07,C00456,North,Delhi,Consumer,Completed,UPI
O005857,2024-09-23,C00040,North,Chandigarh,Consumer,Completed,Debit Card
O005858,2025-12-13,C00264,West,Surat,Consumer,Completed,UPI
O005859,2025-02-19,C00725,East,Bhubaneswar,Consumer,Completed,Net Banking
O005860,2023-07-03,C00518,South,Kochi,Consumer,Completed,UPI
O005861,2023-03-29,C00725,East,Bhubaneswar,Consumer,Completed,Wallet
O005862,2024-01-06,C00260,East,Bhubaneswar,Home Office,Completed,Wallet
O005863,2023-02-06,C00322,South,Bengaluru,Consumer,Completed,Credit Card
O005864,2023-03-03,C00378,West,Pune,Home Office,Completed,Debit Card
O005865,2023-01-11,C00290,West,Mumbai,Consumer,Completed,Wallet
O005866,2025-03-04,C00526,West,Pune,Corporate,Completed,UPI
O005867,2025-08-11,C00669,West,Pune,Home Office,Completed,Debit Card
O005868,2025-01-16,C00712,South,Chennai,Corporate,Completed,UPI
O005869,2025-06-07,C00592,West,Pune,Corporate,Completed,Debit Card
O005870,2024-04-13,C00155,North,Lucknow,Consumer,Completed,Net Banking
O005871,2024-01-19,C00552,East,Bhubaneswar,Consumer,Completed,Debit Card
O005872,2024-07-11,C00162,West,Ahmedabad,Corporate,Completed,Debit Card
O005873,2023-06-02,C00014,West,Ahmedabad,Consumer,Completed,Wallet
O005874,2025-03-21,C00095,East,Patna,Consumer,Completed,Wallet
O005875,2023-11-03,C00255,East,Guwahati,Consumer,Completed,Credit Card
O005876,2024-11-23,C00001,North,Delhi,Consumer,Completed,Net Banking
O005877,2024-04-06,C00540,East,Bhubaneswar,Consumer,Completed,Credit Card
O005878,2024-03-29,C00482,North,Lucknow,Home Office,Completed,UPI
O005879,2023-02-26,C00425,West,Mumbai,Consumer,Completed,UPI
O005880,2023-07-09,C00081,West,Pune,Corporate,Completed,Net Banking
O005881,2025-01-12,C00112,East,Kolkata,Home Office,Completed,Wallet
O005882,2024-06-07,C00581,East,Kolkata,Home Office,Completed,Debit Card
O005883,2025-03-06,C00459,South,Chennai,Consumer,Completed,Wallet
O005884,2023-02-13,C00486,North,Chandigarh,Corporate,Completed,Debit Card
O005885,2023-08-04,C00532,South,Hyderabad,Consumer,Completed,UPI
O005886,2023-08-18,C00615,West,Mumbai,Consumer,Completed,Wallet
O005887,2023-11-27,C00144,East,Guwahati,Consumer,Completed,UPI
O005888,2024-07-28,C00256,East,Guwahati,Consumer,Completed,Credit Card
O005889,2025-11-21,C00538,West,Pune,Home Office,Completed,Wallet
O005890,2025-10-19,C00347,West,Ahmedabad,Consumer,Completed,Debit Card
O005891,2024-04-10,C00090,East,Guwahati,Consumer,Completed,Debit Card
O005892,2024-08-19,C00683,North,Chandigarh,Consumer,Completed,Wallet
O005893,2025-06-15,C00612,East,Guwahati,Corporate,Completed,Wallet
O005894,2023-04-15,C00180,East,Guwahati,Consumer,Completed,Net Banking
O005895,2024-12-17,C00693,North,Chandigarh,Consumer,Completed,Debit Card
O005896,2023-10-04,C00703,South,Hyderabad,Consumer,Completed,Wallet
O005897,2023-11-23,C00640,South,Kochi,Consumer,Completed,Net Banking
O005898,2024-08-31,C00659,East,Patna,Home Office,Completed,UPI
O005899,2025-06-19,C00619,West,Pune,Consumer,Completed,UPI
O005900,2023-12-09,C00247,South,Chennai,Corporate,Completed,UPI
O005901,2024-01-21,C00632,North,Lucknow,Consumer,Completed,Credit Card
O005902,2023-02-27,C00566,North,Lucknow,Home Office,Completed,UPI
O005903,2023-07-17,C00227,North,Delhi,Consumer,Returned,UPI
O005904,2024-12-19,C00230,South,Chennai,Consumer,Completed,UPI
O005905,2023-02-23,C00572,West,Surat,Consumer,Returned,Net Banking
O005906,2024-12-25,C00711,East,Guwahati,Consumer,Completed,Net Banking
O005907,2024-08-06,C00112,East,Kolkata,Home Office,Completed,Net Banking
O005908,2025-02-09,C00270,East,Guwahati,Home Office,Completed,Credit Card
O005909,2024-11-08,C00426,West,Pune,Corporate,Completed,Credit Card
O005910,2023-11-14,C00026,North,Chandigarh,Consumer,Completed,Credit Card
O005911,2025-11-19,C00173,East,Bhubaneswar,Consumer,Completed,UPI
O005912,2024-05-28,C00151,West,Ahmedabad,Consumer,Completed,Debit Card
O005913,2023-10-16,C00590,East,Guwahati,Consumer,Completed,Wallet
O005914,2025-04-18,C00656,North,Lucknow,Consumer,Completed,UPI
O005915,2025-12-19,C00724,South,Kochi,Home Office,Completed,Wallet
O005916,2023-03-29,C00067,North,Chandigarh,Corporate,Completed,UPI
O005917,2024-04-05,C00637,East,Kolkata,Home Office,Completed,Net Banking
O005918,2025-08-30,C00090,East,Guwahati,Consumer,Completed,UPI
O005919,2023-09-09,C00253,South,Chennai,Corporate,Completed,Wallet
O005920,2025-07-27,C00249,West,Ahmedabad,Consumer,Completed,Debit Card
O005921,2024-12-14,C00537,North,Jaipur,Consumer,Completed,Wallet
O005922,2024-09-17,C00377,West,Ahmedabad,Consumer,Completed,Debit Card
O005923,2025-02-02,C00735,South,Bengaluru,Consumer,Completed,Net Banking
O005924,2023-12-01,C00558,South,Chennai,Consumer,Completed,Debit Card
O005925,2024-04-12,C00276,North,Chandigarh,Consumer,Completed,UPI
O005926,2023-03-24,C00001,North,Delhi,Consumer,Completed,UPI
O005927,2024-06-27,C00041,South,Kochi,Corporate,Completed,Net Banking
O005928,2025-03-24,C00118,East,Guwahati,Corporate,Completed,Wallet
O005929,2025-06-28,C00076,West,Surat,Corporate,Completed,Net Banking
O005930,2023-03-10,C00472,South,Bengaluru,Home Office,Completed,Debit Card
O005931,2024-01-17,C00063,East,Kolkata,Corporate,Completed,Net Banking
O005932,2024-05-25,C00226,South,Bengaluru,Corporate,Completed,Debit Card
O005933,2024-01-30,C00613,North,Chandigarh,Consumer,Completed,Net Banking
O005934,2023-09-02,C00067,North,Chandigarh,Corporate,Completed,Debit Card
O005935,2025-08-02,C00648,North,Delhi,Corporate,Completed,Credit Card
O005936,2024-06-06,C00123,West,Mumbai,Consumer,Completed,Debit Card
O005937,2024-10-01,C00194,West,Pune,Consumer,Completed,Net Banking
O005938,2024-09-17,C00342,South,Hyderabad,Consumer,Completed,Net Banking
O005939,2025-11-14,C00303,North,Delhi,Consumer,Completed,Wallet
O005940,2025-12-06,C00256,East,Guwahati,Consumer,Completed,UPI
O005941,2025-04-08,C00012,South,Kochi,Corporate,Completed,UPI
O005942,2024-06-25,C00598,North,Delhi,Consumer,Completed,Debit Card
O005943,2024-08-05,C00707,East,Kolkata,Consumer,Completed,Credit Card
O005944,2024-06-21,C00716,North,Chandigarh,Corporate,Completed,Credit Card
O005945,2025-06-07,C00193,North,Jaipur,Consumer,Completed,Credit Card
O005946,2025-07-13,C00717,South,Bengaluru,Consumer,Completed,Debit Card
O005947,2023-01-14,C00123,West,Mumbai,Consumer,Completed,Credit Card
O005948,2024-07-21,C00325,North,Lucknow,Home Office,Completed,Debit Card
O005949,2024-01-14,C00209,South,Hyderabad,Consumer,Completed,UPI
O005950,2024-02-21,C00229,West,Mumbai,Consumer,Completed,Net Banking
O005951,2023-07-31,C00199,West,Mumbai,Corporate,Completed,Credit Card
O005952,2025-01-17,C00729,West,Ahmedabad,Consumer,Completed,Credit Card
O005953,2025-03-25,C00347,West,Ahmedabad,Consumer,Completed,Debit Card
O005954,2023-05-29,C00198,West,Ahmedabad,Consumer,Completed,Wallet
O005955,2023-01-30,C00105,West,Pune,Consumer,Completed,Wallet
O005956,2023-05-26,C00451,West,Mumbai,Home Office,Completed,UPI
O005957,2025-05-04,C00026,North,Chandigarh,Consumer,Completed,Net Banking
O005958,2024-03-29,C00697,North,Delhi,Corporate,Completed,UPI
O005959,2023-11-14,C00695,North,Chandigarh,Home Office,Completed,Net Banking
O005960,2025-11-23,C00670,North,Jaipur,Consumer,Completed,Wallet
O005961,2025-04-28,C00411,North,Jaipur,Home Office,Completed,Credit Card
O005962,2024-04-18,C00452,South,Kochi,Consumer,Completed,UPI
O005963,2023-06-23,C00333,East,Kolkata,Corporate,Returned,Wallet
O005964,2023-01-02,C00479,South,Kochi,Consumer,Completed,Credit Card
O005965,2023-03-18,C00149,South,Bengaluru,Corporate,Completed,Credit Card
O005966,2025-07-07,C00274,South,Hyderabad,Corporate,Returned,Credit Card
O005967,2023-09-24,C00442,North,Jaipur,Corporate,Completed,Credit Card
O005968,2024-11-10,C00148,South,Bengaluru,Consumer,Completed,Net Banking
O005969,2024-08-20,C00203,West,Ahmedabad,Corporate,Completed,Credit Card
O005970,2025-04-30,C00526,West,Pune,Corporate,Completed,Net Banking
O005971,2025-01-30,C00240,East,Bhubaneswar,Consumer,Completed,Debit Card
O005972,2024-12-25,C00169,North,Jaipur,Home Office,Completed,Wallet
O005973,2025-01-11,C00306,East,Guwahati,Home Office,Completed,Credit Card
O005974,2025-04-27,C00115,East,Patna,Consumer,Returned,Wallet
O005975,2024-01-28,C00333,East,Kolkata,Corporate,Completed,Credit Card
O005976,2024-01-25,C00516,South,Bengaluru,Consumer,Completed,Debit Card
O005977,2023-01-09,C00541,North,Delhi,Consumer,Completed,UPI
O005978,2023-11-15,C00021,South,Kochi,Consumer,Completed,Wallet
O005979,2023-05-27,C00097,East,Guwahati,Consumer,Completed,Credit Card
O005980,2024-08-20,C00707,East,Kolkata,Consumer,Completed,UPI
O005981,2024-09-14,C00437,South,Chennai,Consumer,Completed,Net Banking
O005982,2023-01-20,C00185,East,Kolkata,Corporate,Completed,Wallet
O005983,2025-04-26,C00725,East,Bhubaneswar,Consumer,Completed,Net Banking
O005984,2025-10-25,C00256,East,Guwahati,Consumer,Completed,Wallet
O005985,2024-09-14,C00190,West,Mumbai,Home Office,Completed,Wallet
O005986,2024-08-18,C00119,East,Kolkata,Consumer,Completed,Net Banking
O005987,2025-02-03,C00659,East,Patna,Home Office,Completed,Wallet
O005988,2025-02-13,C00019,West,Pune,Consumer,Completed,UPI
O005989,2025-10-11,C00392,West,Surat,Home Office,Completed,Debit Card
O005990,2025-09-07,C00230,South,Chennai,Consumer,Completed,Debit Card
O005991,2023-08-26,C00394,East,Guwahati,Consumer,Completed,Net Banking
O005992,2025-02-16,C00472,South,Bengaluru,Home Office,Completed,Debit Card
O005993,2024-02-01,C00140,West,Mumbai,Consumer,Completed,Wallet
O005994,2025-08-06,C00263,East,Kolkata,Corporate,Completed,Net Banking
O005995,2025-07-13,C00045,West,Mumbai,Home Office,Completed,Debit Card
O005996,2025-03-16,C00151,West,Ahmedabad,Consumer,Completed,UPI
O005997,2025-02-02,C00367,East,Kolkata,Consumer,Completed,Debit Card
O005998,2025-06-10,C00080,East,Guwahati,Corporate,Completed,UPI
O005999,2025-11-18,C00745,North,Chandigarh,Consumer,Completed,Net Banking
O006000,2024-04-01,C00232,North,Delhi,Consumer,Completed,Wallet
O006001,2024-05-08,C00207,North,Jaipur,Consumer,Completed,Wallet
O006002,2024-03-02,C00029,North,Chandigarh,Corporate,Completed,UPI
O006003,2023-12-01,C00136,West,Mumbai,Consumer,Completed,Debit Card
O006004,2025-06-19,C00636,East,Guwahati,Consumer,Completed,Debit Card
O006005,2025-04-01,C00443,East,Kolkata,Consumer,Completed,Net Banking
O006006,2023-09-26,C00037,West,Surat,Consumer,Completed,Credit Card
O006007,2025-06-24,C00614,North,Chandigarh,Consumer,Completed,UPI
O006008,2024-08-06,C00469,East,Bhubaneswar,Consumer,Completed,Net Banking
O006009,2025-09-23,C00518,South,Kochi,Consumer,Completed,Credit Card
O006010,2023-09-29,C00112,East,Kolkata,Home Office,Completed,Net Banking
O006011,2023-06-12,C00100,North,Lucknow,Consumer,Completed,UPI
O006012,2023-09-28,C00463,North,Jaipur,Corporate,Completed,UPI
O006013,2023-12-01,C00423,North,Jaipur,Consumer,Completed,Wallet
O006014,2023-10-11,C00423,North,Jaipur,Consumer,Completed,UPI
O006015,2024-04-27,C00306,East,Guwahati,Home Office,Completed,Net Banking
O006016,2025-11-02,C00251,West,Ahmedabad,Consumer,Completed,Credit Card
O006017,2023-06-11,C00171,North,Lucknow,Consumer,Completed,Debit Card
O006018,2023-04-19,C00241,East,Patna,Consumer,Completed,Net Banking
O006019,2023-04-20,C00064,South,Hyderabad,Consumer,Completed,Net Banking
O006020,2025-04-23,C00286,South,Bengaluru,Consumer,Completed,Credit Card
O006021,2025-08-31,C00268,South,Kochi,Consumer,Completed,UPI
O006022,2024-05-18,C00563,West,Surat,Consumer,Completed,Net Banking
O006023,2023-12-11,C00611,East,Guwahati,Consumer,Completed,Net Banking
O006024,2025-01-03,C00254,South,Bengaluru,Consumer,Completed,Wallet
O006025,2024-03-17,C00075,West,Pune,Consumer,Completed,Net Banking
O006026,2025-09-06,C00413,East,Patna,Corporate,Completed,Credit Card
O006027,2023-07-08,C00047,West,Surat,Corporate,Completed,Net Banking
O006028,2025-06-19,C00152,East,Guwahati,Corporate,Completed,Credit Card
O006029,2024-04-08,C00394,East,Guwahati,Consumer,Completed,Credit Card
O006030,2023-10-19,C00522,North,Chandigarh,Consumer,Completed,Wallet
O006031,2024-06-01,C00154,North,Jaipur,Home Office,Completed,Wallet
O006032,2025-09-23,C00679,South,Chennai,Consumer,Completed,Credit Card
O006033,2024-06-09,C00134,East,Patna,Consumer,Completed,UPI
O006034,2023-03-06,C00389,North,Delhi,Consumer,Completed,Wallet
O006035,2023-12-01,C00689,West,Surat,Consumer,Completed,Net Banking
O006036,2024-10-20,C00360,West,Surat,Consumer,Completed,Net Banking
O006037,2023-03-22,C00509,South,Bengaluru,Corporate,Completed,Credit Card
O006038,2024-01-21,C00197,West,Pune,Consumer,Completed,Debit Card
O006039,2023-01-30,C00015,East,Guwahati,Consumer,Completed,Debit Card
O006040,2023-10-25,C00095,East,Patna,Consumer,Completed,Wallet
O006041,2024-02-09,C00634,South,Hyderabad,Home Office,Completed,Debit Card
O006042,2023-11-13,C00079,East,Guwahati,Consumer,Completed,Net Banking
O006043,2025-02-13,C00233,South,Kochi,Consumer,Completed,Credit Card
O006044,2025-01-15,C00017,North,Chandigarh,Consumer,Completed,Credit Card
O006045,2023-06-09,C00363,West,Pune,Consumer,Completed,Net Banking
O006046,2024-05-18,C00137,North,Chandigarh,Consumer,Completed,Debit Card
O006047,2025-05-26,C00381,South,Hyderabad,Home Office,Completed,Net Banking
O006048,2023-05-11,C00546,West,Mumbai,Consumer,Completed,Wallet
O006049,2024-07-28,C00725,East,Bhubaneswar,Consumer,Completed,Debit Card
O006050,2023-04-17,C00741,East,Kolkata,Home Office,Completed,Wallet
O006051,2023-12-21,C00237,South,Chennai,Home Office,Completed,Credit Card
O006052,2024-11-26,C00275,South,Hyderabad,Consumer,Completed,Net Banking
O006053,2023-01-05,C00115,East,Patna,Consumer,Returned,Wallet
O006054,2024-08-04,C00123,West,Mumbai,Consumer,Completed,UPI
O006055,2025-08-06,C00547,East,Patna,Consumer,Completed,UPI
O006056,2025-02-05,C00001,North,Delhi,Consumer,Completed,UPI
O006057,2024-12-09,C00230,South,Chennai,Consumer,Completed,Net Banking
O006058,2023-08-11,C00313,South,Hyderabad,Consumer,Completed,Wallet
O006059,2025-07-19,C00230,South,Chennai,Consumer,Completed,UPI
O006060,2024-04-20,C00315,South,Bengaluru,Corporate,Completed,Credit Card
O006061,2024-05-27,C00479,South,Kochi,Consumer,Completed,UPI
O006062,2024-10-18,C00322,South,Bengaluru,Consumer,Completed,Credit Card
O006063,2023-08-09,C00453,East,Patna,Consumer,Completed,Net Banking
O006064,2024-05-12,C00543,East,Patna,Consumer,Completed,Wallet
O006065,2023-02-25,C00070,North,Jaipur,Consumer,Completed,Credit Card
O006066,2023-11-22,C00321,West,Surat,Consumer,Completed,Net Banking
O006067,2023-10-30,C00208,North,Delhi,Corporate,Completed,Credit Card
O006068,2024-05-12,C00309,South,Bengaluru,Home Office,Completed,Debit Card
O006069,2023-06-12,C00162,West,Ahmedabad,Corporate,Completed,Wallet
O006070,2023-01-31,C00175,East,Bhubaneswar,Corporate,Completed,Wallet
O006071,2024-05-11,C00246,East,Guwahati,Consumer,Completed,Wallet
O006072,2025-06-04,C00071,South,Kochi,Consumer,Completed,Net Banking
O006073,2023-02-06,C00183,South,Kochi,Consumer,Completed,Net Banking
O006074,2025-08-15,C00466,North,Delhi,Consumer,Completed,UPI
O006075,2025-12-30,C00267,West,Pune,Home Office,Completed,Credit Card
O006076,2023-03-12,C00187,North,Lucknow,Consumer,Completed,Debit Card
O006077,2025-03-30,C00567,West,Ahmedabad,Consumer,Completed,Wallet
O006078,2023-02-12,C00512,South,Hyderabad,Home Office,Completed,Net Banking
O006079,2024-01-25,C00186,North,Delhi,Consumer,Completed,Debit Card
O006080,2023-01-27,C00357,West,Surat,Corporate,Completed,Wallet
O006081,2023-01-01,C00372,West,Surat,Consumer,Completed,Net Banking
O006082,2025-09-27,C00363,West,Pune,Consumer,Completed,Debit Card
O006083,2023-09-14,C00209,South,Hyderabad,Consumer,Completed,Net Banking
O006084,2024-07-16,C00677,South,Bengaluru,Corporate,Cancelled,Debit Card
O006085,2024-01-10,C00492,South,Kochi,Consumer,Completed,UPI
O006086,2024-05-22,C00129,East,Kolkata,Consumer,Completed,Credit Card
O006087,2023-01-24,C00157,South,Hyderabad,Consumer,Completed,Wallet
O006088,2024-03-29,C00676,South,Bengaluru,Consumer,Completed,UPI
O006089,2023-05-02,C00290,West,Mumbai,Consumer,Completed,Debit Card
O006090,2024-03-07,C00003,North,Lucknow,Home Office,Completed,UPI
O006091,2025-03-25,C00275,South,Hyderabad,Consumer,Completed,Debit Card
O006092,2024-07-29,C00071,South,Kochi,Consumer,Completed,Net Banking
O006093,2025-07-19,C00152,East,Guwahati,Corporate,Completed,Debit Card
O006094,2023-09-08,C00040,North,Chandigarh,Consumer,Completed,UPI
O006095,2025-10-28,C00123,West,Mumbai,Consumer,Completed,UPI
O006096,2025-07-23,C00572,West,Surat,Consumer,Completed,Net Banking
O006097,2025-05-27,C00467,North,Jaipur,Corporate,Completed,Net Banking
O006098,2023-02-13,C00244,North,Lucknow,Consumer,Completed,Debit Card
O006099,2024-07-26,C00619,West,Pune,Consumer,Completed,Wallet
O006100,2024-03-21,C00193,North,Jaipur,Consumer,Completed,Net Banking
O006101,2024-10-06,C00063,East,Kolkata,Corporate,Completed,Credit Card
O006102,2024-02-01,C00618,South,Hyderabad,Consumer,Completed,Wallet
O006103,2023-12-23,C00464,North,Chandigarh,Corporate,Completed,Net Banking
O006104,2024-12-16,C00701,South,Bengaluru,Consumer,Completed,Wallet
O006105,2025-06-08,C00291,North,Delhi,Consumer,Completed,Debit Card
O006106,2023-06-15,C00266,East,Bhubaneswar,Home Office,Completed,Credit Card
O006107,2023-04-18,C00104,North,Jaipur,Home Office,Completed,UPI
O006108,2025-08-30,C00297,North,Chandigarh,Consumer,Completed,UPI
O006109,2023-04-19,C00246,East,Guwahati,Consumer,Completed,UPI
O006110,2025-11-21,C00643,West,Pune,Consumer,Completed,UPI
O006111,2025-03-25,C00515,North,Chandigarh,Consumer,Completed,Net Banking
O006112,2025-11-23,C00686,North,Delhi,Corporate,Completed,Net Banking
O006113,2025-05-01,C00077,South,Kochi,Home Office,Returned,Net Banking
O006114,2025-09-18,C00388,North,Lucknow,Home Office,Completed,UPI
O006115,2025-07-14,C00561,East,Kolkata,Consumer,Completed,Net Banking
O006116,2024-09-21,C00745,North,Chandigarh,Consumer,Completed,Wallet
O006117,2024-09-28,C00153,West,Mumbai,Consumer,Completed,Net Banking
O006118,2024-08-20,C00069,South,Chennai,Home Office,Completed,Wallet
O006119,2025-10-03,C00452,South,Kochi,Consumer,Completed,Net Banking
O006120,2023-03-11,C00532,South,Hyderabad,Consumer,Completed,Credit Card
O006121,2025-09-10,C00336,East,Guwahati,Consumer,Completed,Wallet
O006122,2024-12-23,C00123,West,Mumbai,Consumer,Returned,UPI
O006123,2025-02-17,C00367,East,Kolkata,Consumer,Completed,Debit Card
O006124,2025-09-25,C00010,West,Ahmedabad,Consumer,Completed,Wallet
O006125,2024-12-06,C00681,West,Surat,Corporate,Completed,Net Banking
O006126,2023-09-15,C00432,South,Kochi,Home Office,Returned,Net Banking
O006127,2024-01-15,C00553,East,Patna,Consumer,Completed,Net Banking
O006128,2025-03-25,C00344,East,Kolkata,Consumer,Completed,UPI
O006129,2025-12-31,C00573,North,Chandigarh,Consumer,Completed,Credit Card
O006130,2024-07-15,C00749,North,Lucknow,Consumer,Completed,Wallet
O006131,2025-10-18,C00715,East,Patna,Consumer,Completed,Debit Card
O006132,2025-09-24,C00439,East,Guwahati,Corporate,Completed,Net Banking
O006133,2025-08-07,C00122,East,Kolkata,Home Office,Completed,Debit Card
O006134,2024-05-09,C00302,East,Guwahati,Corporate,Completed,Credit Card
O006135,2024-02-16,C00191,North,Lucknow,Home Office,Completed,Wallet
O006136,2025-09-16,C00479,South,Kochi,Consumer,Completed,Wallet
O006137,2024-11-18,C00238,East,Bhubaneswar,Corporate,Completed,Wallet
O006138,2024-10-01,C00737,East,Patna,Consumer,Completed,Credit Card
O006139,2024-04-02,C00409,East,Bhubaneswar,Consumer,Completed,UPI
O006140,2023-09-25,C00670,North,Jaipur,Consumer,Completed,Net Banking
O006141,2024-04-01,C00400,East,Patna,Consumer,Completed,Net Banking
O006142,2024-05-31,C00235,East,Kolkata,Corporate,Returned,Credit Card
O006143,2023-09-22,C00227,North,Delhi,Consumer,Completed,Debit Card
O006144,2023-08-24,C00650,South,Kochi,Consumer,Completed,UPI
O006145,2025-08-02,C00561,East,Kolkata,Consumer,Completed,Wallet
O006146,2024-08-31,C00283,East,Bhubaneswar,Home Office,Completed,Debit Card
O006147,2023-01-15,C00419,South,Chennai,Home Office,Completed,Debit Card
O006148,2025-12-14,C00123,West,Mumbai,Consumer,Completed,Credit Card
O006149,2024-02-07,C00275,South,Hyderabad,Consumer,Completed,Credit Card
O006150,2024-06-08,C00256,East,Guwahati,Consumer,Completed,Wallet
O006151,2023-09-01,C00373,West,Pune,Corporate,Completed,Debit Card
O006152,2024-05-23,C00443,East,Kolkata,Consumer,Completed,Debit Card
O006153,2024-09-29,C00641,North,Delhi,Corporate,Completed,Wallet
O006154,2023-08-12,C00154,North,Jaipur,Home Office,Completed,Net Banking
O006155,2024-03-31,C00499,North,Delhi,Home Office,Completed,Wallet
O006156,2025-11-03,C00419,South,Chennai,Home Office,Completed,Credit Card
O006157,2025-07-28,C00283,East,Bhubaneswar,Home Office,Completed,UPI
O006158,2024-10-20,C00690,South,Chennai,Consumer,Completed,Wallet
O006159,2023-01-10,C00665,South,Bengaluru,Consumer,Completed,Debit Card
O006160,2023-01-29,C00452,South,Kochi,Consumer,Completed,Wallet
O006161,2023-11-24,C00077,South,Kochi,Home Office,Completed,UPI
O006162,2025-03-07,C00148,South,Bengaluru,Consumer,Completed,Wallet
O006163,2024-05-16,C00280,South,Hyderabad,Home Office,Completed,Debit Card
O006164,2025-07-16,C00075,West,Pune,Consumer,Completed,Credit Card
O006165,2025-04-27,C00200,West,Mumbai,Home Office,Completed,Wallet
O006166,2023-02-22,C00185,East,Kolkata,Corporate,Completed,UPI
O006167,2023-01-15,C00355,South,Bengaluru,Corporate,Completed,Wallet
O006168,2023-11-11,C00550,West,Pune,Home Office,Completed,Credit Card
O006169,2023-04-15,C00045,West,Mumbai,Home Office,Cancelled,Wallet
O006170,2023-05-09,C00745,North,Chandigarh,Consumer,Completed,Wallet
O006171,2025-08-15,C00522,North,Chandigarh,Consumer,Completed,Debit Card
O006172,2024-07-05,C00103,South,Bengaluru,Consumer,Completed,Wallet
O006173,2023-05-02,C00697,North,Delhi,Corporate,Completed,Credit Card
O006174,2025-07-19,C00548,East,Bhubaneswar,Consumer,Completed,Wallet
O006175,2024-09-23,C00578,West,Ahmedabad,Consumer,Completed,Credit Card
O006176,2024-09-19,C00060,West,Surat,Corporate,Completed,Wallet
O006177,2025-09-25,C00490,South,Hyderabad,Consumer,Completed,UPI
O006178,2023-10-16,C00252,South,Kochi,Consumer,Completed,Wallet
O006179,2024-03-28,C00093,East,Kolkata,Consumer,Completed,Wallet
O006180,2023-07-19,C00432,South,Kochi,Home Office,Completed,Wallet
O006181,2025-09-26,C00268,South,Kochi,Consumer,Completed,Wallet
O006182,2025-04-18,C00595,South,Chennai,Corporate,Completed,UPI
O006183,2024-09-01,C00747,South,Hyderabad,Consumer,Completed,Credit Card
O006184,2023-03-28,C00336,East,Guwahati,Consumer,Completed,Wallet
O006185,2023-07-16,C00524,North,Jaipur,Consumer,Completed,UPI
O006186,2023-05-26,C00222,West,Surat,Corporate,Completed,Wallet
O006187,2024-07-26,C00443,East,Kolkata,Consumer,Completed,Net Banking
O006188,2024-07-07,C00424,South,Chennai,Home Office,Completed,Net Banking
O006189,2024-01-12,C00369,East,Patna,Corporate,Completed,Wallet
O006190,2023-02-15,C00017,North,Chandigarh,Consumer,Completed,Net Banking
O006191,2023-02-12,C00315,South,Bengaluru,Corporate,Completed,Credit Card
O006192,2024-10-21,C00519,North,Delhi,Consumer,Completed,Debit Card
O006193,2024-12-05,C00471,North,Chandigarh,Consumer,Completed,UPI
O006194,2023-09-19,C00746,North,Chandigarh,Consumer,Completed,Debit Card
O006195,2025-09-17,C00468,North,Lucknow,Consumer,Completed,Wallet
O006196,2023-03-23,C00689,West,Surat,Consumer,Completed,Debit Card
O006197,2024-07-05,C00203,West,Ahmedabad,Corporate,Completed,Net Banking
O006198,2023-11-23,C00054,East,Bhubaneswar,Consumer,Completed,Net Banking
O006199,2023-09-28,C00549,South,Kochi,Consumer,Completed,UPI
O006200,2023-03-17,C00259,South,Hyderabad,Consumer,Completed,Debit Card
O006201,2023-06-14,C00591,East,Kolkata,Consumer,Completed,Credit Card
O006202,2023-11-18,C00276,North,Chandigarh,Consumer,Completed,Debit Card
O006203,2025-07-24,C00024,North,Lucknow,Consumer,Returned,Wallet
O006204,2024-01-19,C00590,East,Guwahati,Consumer,Completed,Credit Card
O006205,2024-11-10,C00042,East,Guwahati,Consumer,Completed,Net Banking
O006206,2025-02-26,C00576,North,Delhi,Consumer,Returned,Credit Card
O006207,2025-03-31,C00472,South,Bengaluru,Home Office,Returned,Credit Card
O006208,2023-04-03,C00748,North,Delhi,Consumer,Completed,Net Banking
O006209,2024-06-26,C00115,East,Patna,Consumer,Completed,Wallet
O006210,2025-11-09,C00172,West,Surat,Consumer,Completed,Debit Card
O006211,2024-08-12,C00389,North,Delhi,Consumer,Completed,Debit Card
O006212,2023-03-14,C00219,North,Jaipur,Home Office,Completed,Credit Card
O006213,2025-09-14,C00103,South,Bengaluru,Consumer,Completed,UPI
O006214,2023-05-15,C00178,East,Bhubaneswar,Home Office,Completed,Net Banking
O006215,2025-01-15,C00178,East,Bhubaneswar,Home Office,Completed,Wallet
O006216,2025-12-10,C00501,West,Mumbai,Consumer,Completed,Wallet
O006217,2023-01-12,C00426,West,Pune,Corporate,Completed,Credit Card
O006218,2025-02-15,C00408,East,Bhubaneswar,Consumer,Completed,UPI
O006219,2025-11-30,C00100,North,Lucknow,Consumer,Completed,Wallet
O006220,2024-07-09,C00206,East,Bhubaneswar,Corporate,Cancelled,Net Banking
O006221,2025-03-10,C00108,East,Kolkata,Corporate,Completed,Net Banking
O006222,2023-06-16,C00243,East,Patna,Home Office,Completed,Wallet
O006223,2025-09-11,C00749,North,Lucknow,Consumer,Completed,Wallet
O006224,2024-08-22,C00113,South,Hyderabad,Consumer,Completed,Debit Card
O006225,2023-11-29,C00089,East,Guwahati,Corporate,Completed,Credit Card
O006226,2023-05-13,C00494,North,Chandigarh,Home Office,Completed,Net Banking
O006227,2024-09-04,C00574,South,Hyderabad,Consumer,Completed,Wallet
O006228,2024-09-10,C00060,West,Surat,Corporate,Completed,Debit Card
O006229,2023-07-12,C00064,South,Hyderabad,Consumer,Completed,Wallet
O006230,2024-05-10,C00014,West,Ahmedabad,Consumer,Completed,Credit Card
O006231,2024-12-14,C00044,East,Kolkata,Consumer,Completed,Credit Card
O006232,2024-02-18,C00247,South,Chennai,Corporate,Completed,Credit Card
O006233,2024-08-14,C00471,North,Chandigarh,Consumer,Completed,UPI
O006234,2025-02-23,C00432,South,Kochi,Home Office,Completed,Credit Card
O006235,2025-11-19,C00289,West,Surat,Consumer,Completed,Credit Card
O006236,2025-12-10,C00646,East,Patna,Consumer,Completed,Debit Card
O006237,2024-07-14,C00623,East,Bhubaneswar,Corporate,Completed,Credit Card
O006238,2025-02-07,C00279,South,Hyderabad,Home Office,Completed,Credit Card
O006239,2025-10-11,C00100,North,Lucknow,Consumer,Completed,UPI
O006240,2024-07-04,C00508,North,Delhi,Consumer,Returned,UPI
O006241,2025-08-30,C00049,North,Delhi,Home Office,Completed,Wallet
O006242,2025-01-19,C00597,West,Ahmedabad,Consumer,Completed,Debit Card
O006243,2025-01-14,C00150,East,Patna,Corporate,Completed,Credit Card
O006244,2024-05-18,C00401,West,Mumbai,Consumer,Completed,Credit Card
O006245,2024-06-09,C00417,North,Delhi,Consumer,Completed,Debit Card
O006246,2024-04-30,C00435,North,Lucknow,Consumer,Completed,UPI
O006247,2024-04-07,C00075,West,Pune,Consumer,Completed,Wallet
O006248,2023-10-04,C00132,North,Delhi,Consumer,Completed,Credit Card
O006249,2024-03-24,C00526,West,Pune,Corporate,Completed,Wallet
O006250,2025-01-29,C00466,North,Delhi,Consumer,Completed,Credit Card
O006251,2025-06-17,C00682,North,Jaipur,Consumer,Completed,UPI
O006252,2023-03-31,C00361,East,Patna,Consumer,Completed,Credit Card
O006253,2025-12-10,C00569,West,Surat,Consumer,Completed,Net Banking
O006254,2023-01-02,C00354,North,Chandigarh,Home Office,Completed,Debit Card
O006255,2023-02-23,C00129,East,Kolkata,Consumer,Completed,Net Banking
O006256,2025-03-13,C00060,West,Surat,Corporate,Completed,Wallet
O006257,2023-03-21,C00156,East,Bhubaneswar,Consumer,Completed,Net Banking
O006258,2023-09-30,C00259,South,Hyderabad,Consumer,Completed,Debit Card
O006259,2024-05-06,C00095,East,Patna,Consumer,Completed,Wallet
O006260,2023-08-04,C00528,East,Kolkata,Consumer,Completed,Credit Card
O006261,2025-02-20,C00022,West,Surat,Consumer,Completed,Debit Card
O006262,2023-10-29,C00116,South,Kochi,Consumer,Returned,UPI
O006263,2024-07-06,C00488,West,Ahmedabad,Home Office,Completed,Debit Card
O006264,2024-09-02,C00674,North,Delhi,Corporate,Completed,Credit Card
O006265,2024-08-11,C00142,East,Patna,Corporate,Completed,UPI
O006266,2023-01-31,C00080,East,Guwahati,Corporate,Completed,Wallet
O006267,2023-12-17,C00016,West,Ahmedabad,Consumer,Completed,UPI
O006268,2024-04-22,C00146,West,Pune,Consumer,Completed,Net Banking
O006269,2023-08-27,C00724,South,Kochi,Home Office,Completed,Wallet
O006270,2024-07-16,C00054,East,Bhubaneswar,Consumer,Completed,UPI
O006271,2025-07-19,C00234,West,Ahmedabad,Consumer,Completed,Debit Card
O006272,2023-01-08,C00333,East,Kolkata,Corporate,Completed,Net Banking
O006273,2024-05-18,C00586,West,Ahmedabad,Consumer,Completed,UPI
O006274,2024-11-15,C00640,South,Kochi,Consumer,Completed,Credit Card
O006275,2025-05-29,C00468,North,Lucknow,Consumer,Completed,Wallet
O006276,2025-08-21,C00116,South,Kochi,Consumer,Completed,Credit Card
O006277,2024-09-07,C00159,South,Chennai,Consumer,Completed,Net Banking
O006278,2023-12-07,C00477,West,Mumbai,Consumer,Completed,UPI
O006279,2024-02-08,C00377,West,Ahmedabad,Consumer,Completed,Debit Card
O006280,2023-02-27,C00050,South,Chennai,Consumer,Completed,Wallet
O006281,2024-08-19,C00137,North,Chandigarh,Consumer,Completed,UPI
O006282,2023-12-18,C00632,North,Lucknow,Consumer,Completed,Debit Card
O006283,2025-01-27,C00680,North,Chandigarh,Home Office,Completed,Wallet
O006284,2024-03-27,C00671,West,Surat,Consumer,Completed,UPI
O006285,2024-07-26,C00114,West,Surat,Home Office,Completed,Credit Card
O006286,2024-02-07,C00163,West,Mumbai,Consumer,Completed,Debit Card
O006287,2024-04-24,C00148,South,Bengaluru,Consumer,Completed,Wallet
O006288,2025-01-17,C00188,South,Bengaluru,Consumer,Completed,Credit Card
O006289,2023-03-08,C00448,North,Delhi,Consumer,Completed,Wallet
O006290,2024-12-08,C00038,East,Guwahati,Consumer,Completed,Net Banking
O006291,2023-09-22,C00552,East,Bhubaneswar,Consumer,Completed,UPI
O006292,2023-01-12,C00027,South,Kochi,Consumer,Completed,Net Banking
O006293,2024-09-13,C00122,East,Kolkata,Home Office,Completed,Debit Card
O006294,2023-12-11,C00419,South,Chennai,Home Office,Completed,Debit Card
O006295,2023-03-26,C00631,West,Mumbai,Consumer,Completed,Credit Card
O006296,2025-07-27,C00347,West,Ahmedabad,Consumer,Completed,Credit Card
O006297,2025-01-25,C00647,North,Delhi,Consumer,Completed,UPI
O006298,2023-05-08,C00107,West,Mumbai,Consumer,Completed,UPI
O006299,2023-10-20,C00713,North,Jaipur,Consumer,Completed,UPI
O006300,2024-06-27,C00387,North,Delhi,Corporate,Completed,Debit Card
O006301,2023-12-16,C00224,East,Patna,Home Office,Completed,Credit Card
O006302,2023-10-15,C00280,South,Hyderabad,Home Office,Completed,UPI
O006303,2024-12-08,C00706,West,Pune,Consumer,Completed,UPI
O006304,2023-05-14,C00737,East,Patna,Consumer,Completed,Credit Card
O006305,2023-03-03,C00352,West,Mumbai,Home Office,Completed,UPI
O006306,2024-01-17,C00100,North,Lucknow,Consumer,Completed,Net Banking
O006307,2024-07-18,C00251,West,Ahmedabad,Consumer,Completed,Net Banking
O006308,2025-02-19,C00636,East,Guwahati,Consumer,Completed,Credit Card
O006309,2023-03-17,C00271,North,Jaipur,Home Office,Completed,UPI
O006310,2023-05-22,C00010,West,Ahmedabad,Consumer,Completed,Debit Card
O006311,2025-12-08,C00234,West,Ahmedabad,Consumer,Completed,UPI
O006312,2023-02-22,C00227,North,Delhi,Consumer,Completed,UPI
O006313,2025-06-18,C00112,East,Kolkata,Home Office,Completed,Debit Card
O006314,2023-12-21,C00676,South,Bengaluru,Consumer,Completed,UPI
O006315,2023-03-01,C00424,South,Chennai,Home Office,Completed,Wallet
O006316,2025-07-22,C00617,East,Kolkata,Consumer,Completed,Net Banking
O006317,2025-01-02,C00226,South,Bengaluru,Corporate,Completed,UPI
O006318,2024-11-11,C00550,West,Pune,Home Office,Completed,Net Banking
O006319,2023-04-16,C00392,West,Surat,Home Office,Completed,UPI
O006320,2023-08-03,C00229,West,Mumbai,Consumer,Completed,UPI
O006321,2024-06-08,C00021,South,Kochi,Consumer,Completed,UPI
O006322,2023-03-15,C00218,East,Kolkata,Corporate,Completed,Debit Card
O006323,2023-01-22,C00439,East,Guwahati,Corporate,Completed,Debit Card
O006324,2024-12-13,C00461,North,Jaipur,Corporate,Completed,Credit Card
O006325,2023-10-26,C00304,North,Delhi,Home Office,Completed,Debit Card
O006326,2024-10-19,C00125,West,Mumbai,Corporate,Completed,Credit Card
O006327,2024-10-12,C00342,South,Hyderabad,Consumer,Completed,Wallet
O006328,2024-05-01,C00329,North,Chandigarh,Home Office,Completed,Debit Card
O006329,2023-05-01,C00157,South,Hyderabad,Consumer,Completed,UPI
O006330,2023-12-04,C00314,North,Chandigarh,Corporate,Completed,Credit Card
O006331,2025-11-23,C00474,West,Mumbai,Consumer,Completed,Debit Card
O006332,2023-11-04,C00638,North,Jaipur,Corporate,Completed,Net Banking
O006333,2024-05-12,C00126,East,Kolkata,Consumer,Completed,Net Banking
O006334,2024-07-24,C00231,South,Bengaluru,Consumer,Completed,Credit Card
O006335,2023-10-05,C00092,North,Lucknow,Home Office,Completed,Net Banking
O006336,2025-11-24,C00676,South,Bengaluru,Consumer,Completed,Net Banking
O006337,2023-01-07,C00332,West,Ahmedabad,Consumer,Completed,Wallet
O006338,2024-04-01,C00444,North,Jaipur,Consumer,Completed,Credit Card
O006339,2023-07-18,C00209,South,Hyderabad,Consumer,Completed,Net Banking
O006340,2023-12-02,C00007,East,Bhubaneswar,Corporate,Completed,Debit Card
O006341,2023-08-28,C00350,East,Patna,Consumer,Completed,Wallet
O006342,2025-05-07,C00121,North,Jaipur,Corporate,Completed,UPI
O006343,2024-05-05,C00158,South,Hyderabad,Consumer,Completed,Net Banking
O006344,2025-03-11,C00537,North,Jaipur,Consumer,Completed,Credit Card
O006345,2024-03-23,C00319,South,Kochi,Consumer,Completed,Net Banking
O006346,2025-10-07,C00253,South,Chennai,Corporate,Completed,UPI
O006347,2023-03-17,C00292,West,Mumbai,Corporate,Completed,UPI
O006348,2024-03-22,C00342,South,Hyderabad,Consumer,Completed,UPI
O006349,2025-10-31,C00598,North,Delhi,Consumer,Completed,Debit Card
O006350,2023-05-19,C00287,West,Mumbai,Consumer,Completed,Credit Card
O006351,2023-03-28,C00309,South,Bengaluru,Home Office,Completed,Wallet
O006352,2023-08-13,C00073,South,Kochi,Home Office,Completed,Net Banking
O006353,2025-10-07,C00356,West,Pune,Consumer,Completed,UPI
O006354,2023-09-01,C00618,South,Hyderabad,Consumer,Completed,UPI
O006355,2024-07-25,C00311,East,Guwahati,Consumer,Completed,Credit Card
O006356,2023-08-04,C00661,West,Surat,Consumer,Completed,Credit Card
O006357,2023-12-30,C00739,South,Bengaluru,Corporate,Completed,Wallet
O006358,2023-05-01,C00043,South,Chennai,Consumer,Completed,Net Banking
O006359,2025-01-07,C00550,West,Pune,Home Office,Completed,UPI
O006360,2024-10-08,C00003,North,Lucknow,Home Office,Completed,Credit Card
O006361,2023-10-07,C00298,West,Surat,Consumer,Completed,Net Banking
O006362,2023-07-02,C00077,South,Kochi,Home Office,Completed,Wallet
O006363,2023-11-08,C00314,North,Chandigarh,Corporate,Completed,Wallet
O006364,2025-12-31,C00118,East,Guwahati,Corporate,Completed,Wallet
O006365,2023-04-09,C00249,West,Ahmedabad,Consumer,Completed,Net Banking
O006366,2023-06-03,C00379,East,Bhubaneswar,Consumer,Completed,Credit Card
O006367,2025-08-12,C00248,North,Lucknow,Consumer,Completed,Debit Card
O006368,2024-07-04,C00157,South,Hyderabad,Consumer,Completed,Credit Card
O006369,2025-12-07,C00527,West,Ahmedabad,Consumer,Completed,Wallet
O006370,2024-10-11,C00691,North,Delhi,Consumer,Completed,Wallet
O006371,2024-03-20,C00273,West,Ahmedabad,Consumer,Completed,Wallet
O006372,2023-05-10,C00576,North,Delhi,Consumer,Completed,Net Banking
O006373,2023-06-22,C00673,East,Patna,Consumer,Completed,Net Banking
O006374,2024-04-19,C00358,West,Mumbai,Consumer,Completed,UPI
O006375,2025-11-14,C00600,South,Bengaluru,Home Office,Completed,Debit Card
O006376,2025-06-25,C00276,North,Chandigarh,Consumer,Completed,Credit Card
O006377,2024-06-06,C00130,South,Kochi,Consumer,Completed,Debit Card
O006378,2023-12-06,C00713,North,Jaipur,Consumer,Completed,UPI
O006379,2024-10-11,C00533,North,Lucknow,Consumer,Returned,Net Banking
O006380,2025-10-04,C00515,North,Chandigarh,Consumer,Completed,UPI
O006381,2023-07-01,C00424,South,Chennai,Home Office,Completed,Debit Card
O006382,2025-11-01,C00082,North,Delhi,Consumer,Completed,Credit Card
O006383,2024-11-06,C00123,West,Mumbai,Consumer,Completed,Debit Card
O006384,2023-02-06,C00095,East,Patna,Consumer,Completed,Credit Card
O006385,2024-06-03,C00383,East,Bhubaneswar,Corporate,Completed,UPI
O006386,2025-12-07,C00291,North,Delhi,Consumer,Completed,UPI
O006387,2023-10-09,C00268,South,Kochi,Consumer,Completed,Credit Card
O006388,2023-06-07,C00049,North,Delhi,Home Office,Completed,UPI
O006389,2025-08-12,C00467,North,Jaipur,Corporate,Completed,Wallet
O006390,2025-10-13,C00461,North,Jaipur,Corporate,Completed,Credit Card
O006391,2024-07-21,C00370,South,Kochi,Consumer,Completed,Debit Card
O006392,2024-12-11,C00509,South,Bengaluru,Corporate,Completed,Wallet
O006393,2025-12-02,C00458,West,Surat,Consumer,Completed,Credit Card
O006394,2024-12-17,C00647,North,Delhi,Consumer,Completed,Credit Card
O006395,2023-04-04,C00545,South,Hyderabad,Consumer,Completed,UPI
O006396,2025-06-26,C00107,West,Mumbai,Consumer,Completed,UPI
O006397,2024-10-19,C00073,South,Kochi,Home Office,Completed,Net Banking
O006398,2023-05-03,C00313,South,Hyderabad,Consumer,Completed,Net Banking
O006399,2023-05-20,C00235,East,Kolkata,Corporate,Returned,UPI
O006400,2024-12-30,C00745,North,Chandigarh,Consumer,Completed,Wallet
O006401,2023-11-17,C00647,North,Delhi,Consumer,Completed,Net Banking
O006402,2023-05-20,C00465,West,Ahmedabad,Consumer,Completed,Net Banking
O006403,2024-06-06,C00500,South,Kochi,Consumer,Completed,Wallet
O006404,2023-11-14,C00680,North,Chandigarh,Home Office,Completed,Debit Card
O006405,2025-05-23,C00201,North,Jaipur,Consumer,Completed,Net Banking
O006406,2025-09-07,C00294,East,Guwahati,Consumer,Completed,Debit Card
O006407,2025-08-22,C00088,North,Lucknow,Consumer,Completed,UPI
O006408,2023-09-19,C00021,South,Kochi,Consumer,Completed,Net Banking
O006409,2024-12-01,C00483,South,Bengaluru,Consumer,Completed,Net Banking
O006410,2024-01-02,C00078,East,Guwahati,Consumer,Completed,UPI
O006411,2024-04-24,C00504,East,Patna,Consumer,Completed,Credit Card
O006412,2025-07-08,C00610,South,Hyderabad,Home Office,Completed,Debit Card
O006413,2023-12-14,C00061,South,Kochi,Home Office,Completed,Debit Card
O006414,2024-06-10,C00500,South,Kochi,Consumer,Completed,Credit Card
O006415,2023-01-23,C00481,South,Chennai,Corporate,Completed,Net Banking
O006416,2023-12-03,C00411,North,Jaipur,Home Office,Completed,UPI
O006417,2024-12-24,C00186,North,Delhi,Consumer,Completed,Net Banking
O006418,2024-05-06,C00314,North,Chandigarh,Corporate,Completed,Debit Card
O006419,2023-05-05,C00005,East,Patna,Consumer,Completed,Wallet
O006420,2023-01-16,C00345,West,Mumbai,Consumer,Completed,Wallet
O006421,2023-04-06,C00732,East,Guwahati,Corporate,Completed,Debit Card
O006422,2023-12-23,C00705,East,Bhubaneswar,Consumer,Completed,Credit Card
O006423,2025-09-10,C00513,East,Guwahati,Corporate,Completed,Net Banking
O006424,2023-11-18,C00539,North,Jaipur,Consumer,Completed,UPI
O006425,2024-04-25,C00086,West,Mumbai,Consumer,Completed,Credit Card
O006426,2023-06-04,C00444,North,Jaipur,Consumer,Completed,UPI
O006427,2025-05-18,C00339,South,Kochi,Consumer,Completed,Wallet
O006428,2025-12-06,C00299,East,Kolkata,Home Office,Completed,UPI
O006429,2025-10-25,C00172,West,Surat,Consumer,Completed,Credit Card
O006430,2023-09-15,C00425,West,Mumbai,Consumer,Completed,Wallet
O006431,2025-05-17,C00328,South,Kochi,Consumer,Returned,Net Banking
O006432,2025-06-26,C00332,West,Ahmedabad,Consumer,Completed,Debit Card
O006433,2025-07-31,C00563,West,Surat,Consumer,Completed,Credit Card
O006434,2024-10-08,C00508,North,Delhi,Consumer,Completed,UPI
O006435,2023-05-15,C00591,East,Kolkata,Consumer,Completed,Credit Card
O006436,2023-05-16,C00688,North,Lucknow,Consumer,Completed,Wallet
O006437,2023-01-04,C00144,East,Guwahati,Consumer,Completed,Wallet
O006438,2024-02-09,C00258,North,Lucknow,Consumer,Completed,Debit Card
O006439,2024-10-02,C00092,North,Lucknow,Home Office,Completed,Debit Card
O006440,2024-10-22,C00245,West,Mumbai,Consumer,Completed,Net Banking
O006441,2024-11-01,C00583,West,Ahmedabad,Corporate,Completed,Net Banking
O006442,2023-03-28,C00497,East,Patna,Consumer,Completed,Debit Card
O006443,2025-05-27,C00093,East,Kolkata,Consumer,Completed,UPI
O006444,2023-05-18,C00009,East,Bhubaneswar,Consumer,Completed,Credit Card
O006445,2025-03-22,C00557,East,Kolkata,Home Office,Completed,Net Banking
O006446,2025-10-22,C00359,West,Surat,Home Office,Completed,Debit Card
O006447,2024-09-25,C00196,South,Bengaluru,Consumer,Completed,Credit Card
O006448,2023-09-28,C00152,East,Guwahati,Corporate,Completed,Net Banking
O006449,2023-02-17,C00200,West,Mumbai,Home Office,Completed,Credit Card
O006450,2023-10-15,C00442,North,Jaipur,Corporate,Completed,UPI
O006451,2025-06-01,C00175,East,Bhubaneswar,Corporate,Completed,Wallet
O006452,2024-02-29,C00064,South,Hyderabad,Consumer,Completed,UPI
O006453,2024-03-17,C00468,North,Lucknow,Consumer,Completed,Wallet
O006454,2023-03-25,C00426,West,Pune,Corporate,Completed,Debit Card
O006455,2024-12-16,C00072,South,Hyderabad,Consumer,Completed,UPI
O006456,2023-01-13,C00583,West,Ahmedabad,Corporate,Completed,UPI
O006457,2023-06-12,C00742,South,Kochi,Consumer,Completed,Credit Card
O006458,2025-05-02,C00678,North,Lucknow,Consumer,Completed,Credit Card
O006459,2023-07-29,C00655,North,Lucknow,Consumer,Completed,Wallet
O006460,2024-11-11,C00374,South,Kochi,Consumer,Completed,UPI
O006461,2025-02-15,C00304,North,Delhi,Home Office,Cancelled,UPI
O006462,2024-04-26,C00048,West,Pune,Home Office,Completed,Debit Card
O006463,2023-09-21,C00707,East,Kolkata,Consumer,Completed,Wallet
O006464,2024-09-11,C00458,West,Surat,Consumer,Completed,UPI
O006465,2023-06-02,C00306,East,Guwahati,Home Office,Completed,UPI
O006466,2024-11-27,C00062,West,Mumbai,Home Office,Completed,Credit Card
O006467,2024-06-30,C00356,West,Pune,Consumer,Completed,UPI
O006468,2023-08-27,C00470,North,Chandigarh,Corporate,Completed,UPI
O006469,2025-01-04,C00133,West,Surat,Corporate,Completed,Net Banking
O006470,2023-12-20,C00077,South,Kochi,Home Office,Completed,Net Banking
O006471,2023-03-30,C00321,West,Surat,Consumer,Completed,Debit Card
O006472,2024-10-22,C00246,East,Guwahati,Consumer,Cancelled,Credit Card
O006473,2023-11-30,C00617,East,Kolkata,Consumer,Completed,Debit Card
O006474,2023-07-24,C00045,West,Mumbai,Home Office,Completed,Credit Card
O006475,2023-07-21,C00144,East,Guwahati,Consumer,Completed,Net Banking
O006476,2025-03-30,C00497,East,Patna,Consumer,Completed,Debit Card
O006477,2023-11-14,C00549,South,Kochi,Consumer,Completed,Net Banking
O006478,2025-12-22,C00563,West,Surat,Consumer,Completed,Wallet
O006479,2023-10-20,C00550,West,Pune,Home Office,Completed,Net Banking
O006480,2025-11-18,C00511,West,Surat,Consumer,Completed,UPI
O006481,2023-11-11,C00475,North,Chandigarh,Consumer,Returned,Debit Card
O006482,2025-11-29,C00034,East,Kolkata,Consumer,Completed,Wallet
O006483,2023-06-09,C00541,North,Delhi,Consumer,Completed,UPI
O006484,2024-07-14,C00704,East,Kolkata,Consumer,Completed,UPI
O006485,2024-05-12,C00164,West,Surat,Consumer,Completed,UPI
O006486,2023-03-18,C00688,North,Lucknow,Consumer,Completed,Credit Card
O006487,2024-01-29,C00684,North,Jaipur,Consumer,Completed,Wallet
O006488,2024-08-05,C00675,East,Bhubaneswar,Home Office,Completed,Wallet
O006489,2025-02-27,C00540,East,Bhubaneswar,Consumer,Completed,Debit Card
O006490,2024-07-04,C00285,West,Pune,Consumer,Completed,Wallet
O006491,2025-07-01,C00321,West,Surat,Consumer,Completed,Credit Card
O006492,2023-09-22,C00648,North,Delhi,Corporate,Completed,Net Banking
O006493,2025-06-02,C00134,East,Patna,Consumer,Completed,Wallet
O006494,2024-04-24,C00491,East,Guwahati,Consumer,Completed,Net Banking
O006495,2024-12-03,C00129,East,Kolkata,Consumer,Completed,UPI
O006496,2023-01-04,C00025,North,Chandigarh,Consumer,Completed,UPI
O006497,2023-09-09,C00525,East,Patna,Corporate,Completed,Debit Card
O006498,2025-03-10,C00127,South,Chennai,Corporate,Completed,Credit Card
O006499,2025-03-06,C00481,South,Chennai,Corporate,Completed,Credit Card
O006500,2023-12-25,C00520,North,Lucknow,Consumer,Completed,Wallet
O006501,2023-01-28,C00306,East,Guwahati,Home Office,Completed,Debit Card
O006502,2023-11-28,C00749,North,Lucknow,Consumer,Completed,Credit Card
O006503,2023-06-25,C00415,West,Mumbai,Consumer,Completed,Debit Card
O006504,2023-09-08,C00016,West,Ahmedabad,Consumer,Completed,Net Banking
O006505,2025-11-08,C00440,North,Delhi,Consumer,Completed,Debit Card
O006506,2023-12-09,C00312,North,Lucknow,Consumer,Completed,Credit Card
O006507,2024-06-25,C00111,East,Patna,Consumer,Completed,Credit Card
O006508,2023-02-16,C00630,South,Bengaluru,Consumer,Completed,Debit Card
O006509,2023-08-06,C00317,West,Pune,Consumer,Completed,Debit Card
O006510,2025-10-01,C00258,North,Lucknow,Consumer,Completed,Net Banking
O006511,2023-10-08,C00061,South,Kochi,Home Office,Completed,UPI
O006512,2023-02-01,C00688,North,Lucknow,Consumer,Completed,Debit Card
O006513,2024-09-21,C00145,East,Patna,Consumer,Completed,Net Banking
O006514,2025-10-25,C00256,East,Guwahati,Consumer,Completed,Credit Card
O006515,2025-09-06,C00192,East,Guwahati,Consumer,Completed,Net Banking
O006516,2025-08-26,C00181,South,Hyderabad,Consumer,Completed,Credit Card
O006517,2024-12-20,C00264,West,Surat,Consumer,Completed,UPI
O006518,2024-03-09,C00597,West,Ahmedabad,Consumer,Completed,Debit Card
O006519,2025-02-17,C00171,North,Lucknow,Consumer,Completed,Wallet
O006520,2025-04-21,C00263,East,Kolkata,Corporate,Completed,Wallet
O006521,2024-08-01,C00218,East,Kolkata,Corporate,Completed,Credit Card
O006522,2023-09-20,C00329,North,Chandigarh,Home Office,Completed,Net Banking
O006523,2023-01-17,C00568,South,Bengaluru,Consumer,Completed,Wallet
O006524,2024-04-02,C00539,North,Jaipur,Consumer,Completed,Wallet
O006525,2023-06-25,C00079,East,Guwahati,Consumer,Completed,Net Banking
O006526,2025-04-11,C00420,West,Ahmedabad,Home Office,Completed,Debit Card
O006527,2025-04-26,C00693,North,Chandigarh,Consumer,Completed,Wallet
O006528,2024-11-07,C00144,East,Guwahati,Consumer,Completed,Debit Card
O006529,2025-11-22,C00331,West,Ahmedabad,Consumer,Completed,Credit Card
O006530,2024-09-11,C00121,North,Jaipur,Corporate,Completed,Debit Card
O006531,2025-02-09,C00512,South,Hyderabad,Home Office,Completed,Net Banking
O006532,2025-10-14,C00478,South,Chennai,Consumer,Completed,Net Banking
O006533,2023-05-15,C00654,South,Kochi,Consumer,Returned,Wallet
O006534,2024-06-12,C00289,West,Surat,Consumer,Completed,Debit Card
O006535,2025-11-08,C00502,East,Bhubaneswar,Consumer,Completed,Net Banking
O006536,2025-05-26,C00098,East,Patna,Home Office,Completed,UPI
O006537,2025-12-09,C00205,North,Jaipur,Corporate,Completed,Credit Card
O006538,2024-08-28,C00533,North,Lucknow,Consumer,Completed,Debit Card
O006539,2025-02-06,C00577,East,Bhubaneswar,Home Office,Completed,UPI
O006540,2025-11-23,C00119,East,Kolkata,Consumer,Completed,Debit Card
O006541,2024-12-04,C00660,South,Bengaluru,Consumer,Completed,UPI
O006542,2025-09-02,C00099,West,Ahmedabad,Consumer,Completed,Credit Card
O006543,2023-02-24,C00545,South,Hyderabad,Consumer,Completed,Debit Card
O006544,2023-12-26,C00648,North,Delhi,Corporate,Completed,Net Banking
O006545,2023-09-18,C00048,West,Pune,Home Office,Completed,Credit Card
O006546,2024-10-30,C00285,West,Pune,Consumer,Completed,Credit Card
O006547,2024-07-06,C00044,East,Kolkata,Consumer,Completed,Credit Card
O006548,2023-11-12,C00242,West,Pune,Corporate,Completed,Debit Card
O006549,2025-04-11,C00509,South,Bengaluru,Corporate,Completed,UPI
O006550,2023-08-07,C00266,East,Bhubaneswar,Home Office,Completed,Net Banking
O006551,2024-04-19,C00440,North,Delhi,Consumer,Completed,Credit Card
O006552,2023-11-26,C00546,West,Mumbai,Consumer,Completed,Wallet
O006553,2025-03-06,C00293,South,Bengaluru,Home Office,Completed,Debit Card
O006554,2024-12-20,C00650,South,Kochi,Consumer,Completed,UPI
O006555,2023-02-25,C00322,South,Bengaluru,Consumer,Completed,Net Banking
O006556,2025-04-07,C00023,North,Jaipur,Home Office,Completed,Credit Card
O006557,2024-01-17,C00732,East,Guwahati,Corporate,Completed,Net Banking
O006558,2024-10-07,C00600,South,Bengaluru,Home Office,Completed,Wallet
O006559,2025-04-15,C00342,South,Hyderabad,Consumer,Completed,UPI
O006560,2024-07-08,C00687,South,Hyderabad,Corporate,Completed,Net Banking
O006561,2023-04-06,C00501,West,Mumbai,Consumer,Completed,Credit Card
O006562,2023-12-06,C00014,West,Ahmedabad,Consumer,Completed,Debit Card
O006563,2025-11-03,C00507,West,Surat,Consumer,Completed,UPI
O006564,2025-09-22,C00032,West,Mumbai,Consumer,Returned,Net Banking
O006565,2024-03-13,C00006,West,Pune,Home Office,Completed,Credit Card
O006566,2023-03-09,C00320,East,Guwahati,Corporate,Completed,Credit Card
O006567,2025-12-20,C00043,South,Chennai,Consumer,Completed,UPI
O006568,2024-07-06,C00437,South,Chennai,Consumer,Completed,Credit Card
O006569,2024-01-19,C00525,East,Patna,Corporate,Completed,Wallet
O006570,2024-05-27,C00336,East,Guwahati,Consumer,Completed,Credit Card
O006571,2025-05-06,C00174,East,Guwahati,Corporate,Completed,Debit Card
O006572,2023-09-23,C00571,West,Mumbai,Consumer,Completed,UPI
O006573,2023-09-28,C00383,East,Bhubaneswar,Corporate,Completed,UPI
O006574,2025-02-28,C00228,South,Chennai,Home Office,Completed,Net Banking
O006575,2023-05-30,C00606,North,Delhi,Consumer,Returned,Debit Card
O006576,2024-06-23,C00399,East,Patna,Consumer,Completed,Debit Card
O006577,2024-02-11,C00221,South,Bengaluru,Corporate,Completed,Net Banking
O006578,2023-03-09,C00046,North,Lucknow,Consumer,Completed,Credit Card
O006579,2024-05-01,C00244,North,Lucknow,Consumer,Completed,Net Banking
O006580,2023-01-20,C00394,East,Guwahati,Consumer,Completed,UPI
O006581,2023-06-24,C00618,South,Hyderabad,Consumer,Completed,Credit Card
O006582,2023-12-27,C00505,West,Pune,Home Office,Completed,Net Banking
O006583,2024-01-01,C00647,North,Delhi,Consumer,Completed,Credit Card
O006584,2023-09-25,C00508,North,Delhi,Consumer,Completed,Wallet
O006585,2025-06-26,C00621,South,Bengaluru,Corporate,Completed,Net Banking
O006586,2023-06-27,C00667,West,Surat,Corporate,Completed,Debit Card
O006587,2025-01-15,C00577,East,Bhubaneswar,Home Office,Completed,Net Banking
O006588,2023-01-29,C00182,West,Pune,Consumer,Completed,UPI
O006589,2025-11-18,C00023,North,Jaipur,Home Office,Completed,Net Banking
O006590,2023-08-19,C00545,South,Hyderabad,Consumer,Completed,Net Banking
O006591,2025-04-29,C00262,South,Kochi,Corporate,Completed,UPI
O006592,2025-09-12,C00225,West,Mumbai,Consumer,Completed,Credit Card
O006593,2023-10-21,C00303,North,Delhi,Consumer,Completed,Net Banking
O006594,2023-01-12,C00095,East,Patna,Consumer,Completed,UPI
O006595,2024-06-26,C00612,East,Guwahati,Corporate,Completed,Debit Card
O006596,2025-07-09,C00637,East,Kolkata,Home Office,Completed,Net Banking
O006597,2025-10-27,C00704,East,Kolkata,Consumer,Completed,Credit Card
O006598,2024-05-19,C00503,North,Lucknow,Consumer,Completed,Wallet
O006599,2024-03-14,C00327,North,Delhi,Consumer,Completed,Credit Card
O006600,2025-11-20,C00352,West,Mumbai,Home Office,Cancelled,UPI
O006601,2025-05-02,C00601,East,Bhubaneswar,Consumer,Completed,Wallet
O006602,2023-05-08,C00332,West,Ahmedabad,Consumer,Completed,Credit Card
O006603,2025-06-15,C00623,East,Bhubaneswar,Corporate,Completed,Credit Card
O006604,2024-01-16,C00215,East,Kolkata,Consumer,Completed,Credit Card
O006605,2025-09-18,C00707,East,Kolkata,Consumer,Completed,Debit Card
O006606,2024-12-14,C00159,South,Chennai,Consumer,Completed,Wallet
O006607,2024-01-20,C00615,West,Mumbai,Consumer,Completed,UPI
O006608,2025-03-19,C00260,East,Bhubaneswar,Home Office,Completed,UPI
O006609,2025-05-14,C00024,North,Lucknow,Consumer,Completed,Debit Card
O006610,2024-10-27,C00356,West,Pune,Consumer,Completed,Debit Card
O006611,2023-11-02,C00582,South,Bengaluru,Consumer,Completed,UPI
O006612,2025-11-14,C00184,North,Jaipur,Consumer,Completed,Wallet
O006613,2023-09-01,C00394,East,Guwahati,Consumer,Completed,Debit Card
O006614,2023-04-22,C00189,West,Pune,Consumer,Completed,Debit Card
O006615,2023-05-10,C00126,East,Kolkata,Consumer,Completed,Wallet
O006616,2023-06-04,C00108,East,Kolkata,Corporate,Completed,Credit Card
O006617,2023-10-10,C00679,South,Chennai,Consumer,Completed,Debit Card
O006618,2023-08-02,C00252,South,Kochi,Consumer,Completed,Debit Card
O006619,2023-11-14,C00682,North,Jaipur,Consumer,Completed,UPI
O006620,2025-10-15,C00689,West,Surat,Consumer,Completed,Credit Card
O006621,2024-09-09,C00033,North,Chandigarh,Home Office,Completed,Wallet
O006622,2025-09-09,C00158,South,Hyderabad,Consumer,Completed,Wallet
O006623,2023-02-27,C00015,East,Guwahati,Consumer,Completed,Wallet
O006624,2025-01-18,C00521,West,Pune,Home Office,Completed,Credit Card
O006625,2024-04-26,C00621,South,Bengaluru,Corporate,Completed,Credit Card
O006626,2024-10-22,C00124,East,Bhubaneswar,Home Office,Completed,Debit Card
O006627,2024-04-06,C00192,East,Guwahati,Consumer,Completed,UPI
O006628,2025-02-18,C00728,West,Mumbai,Corporate,Completed,Debit Card
O006629,2025-07-02,C00371,West,Surat,Consumer,Completed,Credit Card
O006630,2024-05-12,C00549,South,Kochi,Consumer,Completed,Net Banking
O006631,2023-10-16,C00142,East,Patna,Corporate,Completed,Debit Card
O006632,2024-11-29,C00121,North,Jaipur,Corporate,Completed,UPI
O006633,2025-11-19,C00028,East,Guwahati,Consumer,Completed,Wallet
O006634,2025-06-07,C00436,East,Kolkata,Home Office,Completed,Debit Card
O006635,2025-03-01,C00625,East,Bhubaneswar,Home Office,Completed,Debit Card
O006636,2024-07-12,C00538,West,Pune,Home Office,Completed,Credit Card
O006637,2025-02-22,C00164,West,Surat,Consumer,Completed,Net Banking
O006638,2025-02-06,C00150,East,Patna,Corporate,Completed,Debit Card
O006639,2023-01-01,C00612,East,Guwahati,Corporate,Completed,Wallet
O006640,2025-05-22,C00507,West,Surat,Consumer,Completed,UPI
O006641,2025-05-30,C00551,South,Hyderabad,Consumer,Completed,UPI
O006642,2025-02-11,C00690,South,Chennai,Consumer,Completed,Wallet
O006643,2025-02-27,C00310,East,Patna,Consumer,Completed,UPI
O006644,2023-10-22,C00304,North,Delhi,Home Office,Completed,Debit Card
O006645,2025-03-11,C00215,East,Kolkata,Consumer,Completed,Debit Card
O006646,2023-04-11,C00053,West,Surat,Home Office,Completed,Net Banking
O006647,2025-09-03,C00643,West,Pune,Consumer,Completed,Wallet
O006648,2023-04-28,C00323,North,Lucknow,Home Office,Completed,UPI
O006649,2024-12-23,C00031,North,Lucknow,Consumer,Completed,Debit Card
O006650,2024-10-21,C00407,South,Chennai,Corporate,Completed,Credit Card
O006651,2023-11-01,C00010,West,Ahmedabad,Consumer,Cancelled,Debit Card
O006652,2025-01-17,C00673,East,Patna,Consumer,Completed,Net Banking
O006653,2025-04-18,C00480,South,Bengaluru,Consumer,Completed,Wallet
O006654,2023-10-31,C00102,South,Hyderabad,Home Office,Completed,Net Banking
O006655,2025-04-13,C00630,South,Bengaluru,Consumer,Completed,UPI
O006656,2023-06-07,C00335,South,Bengaluru,Consumer,Completed,Credit Card
O006657,2024-12-02,C00046,North,Lucknow,Consumer,Completed,Net Banking
O006658,2025-12-03,C00712,South,Chennai,Corporate,Completed,UPI
O006659,2025-08-03,C00734,South,Bengaluru,Consumer,Completed,UPI
O006660,2025-07-03,C00710,West,Mumbai,Home Office,Completed,Credit Card
O006661,2023-06-24,C00195,South,Kochi,Home Office,Completed,Credit Card
O006662,2023-05-26,C00059,South,Kochi,Consumer,Completed,UPI
O006663,2025-04-02,C00194,West,Pune,Consumer,Completed,Debit Card
O006664,2025-10-09,C00048,West,Pune,Home Office,Completed,Net Banking
O006665,2025-08-10,C00360,West,Surat,Consumer,Completed,Credit Card
O006666,2023-04-13,C00575,West,Ahmedabad,Home Office,Completed,UPI
O006667,2023-01-01,C00241,East,Patna,Consumer,Completed,UPI
O006668,2024-08-02,C00205,North,Jaipur,Corporate,Completed,Credit Card
O006669,2024-07-28,C00478,South,Chennai,Consumer,Completed,Net Banking
O006670,2023-04-13,C00706,West,Pune,Consumer,Completed,Debit Card
O006671,2023-06-30,C00717,South,Bengaluru,Consumer,Completed,UPI
O006672,2023-05-12,C00667,West,Surat,Corporate,Completed,Net Banking
O006673,2023-12-28,C00739,South,Bengaluru,Corporate,Completed,Wallet
O006674,2023-02-27,C00068,North,Lucknow,Home Office,Returned,Net Banking
O006675,2024-08-22,C00052,North,Chandigarh,Consumer,Completed,Credit Card
O006676,2025-02-21,C00594,West,Mumbai,Consumer,Completed,Wallet
O006677,2024-09-21,C00106,North,Jaipur,Corporate,Completed,Debit Card
O006678,2024-02-14,C00482,North,Lucknow,Home Office,Completed,UPI
O006679,2025-04-10,C00437,South,Chennai,Consumer,Completed,Wallet
O006680,2023-03-26,C00651,West,Surat,Consumer,Completed,Debit Card
O006681,2023-09-01,C00636,East,Guwahati,Consumer,Completed,Credit Card
O006682,2023-03-28,C00710,West,Mumbai,Home Office,Completed,UPI
O006683,2025-12-24,C00748,North,Delhi,Consumer,Completed,Credit Card
O006684,2023-12-04,C00373,West,Pune,Corporate,Completed,UPI
O006685,2023-11-12,C00739,South,Bengaluru,Corporate,Completed,Debit Card
O006686,2025-07-10,C00123,West,Mumbai,Consumer,Completed,Debit Card
O006687,2023-05-11,C00524,North,Jaipur,Consumer,Completed,Net Banking
O006688,2024-01-14,C00533,North,Lucknow,Consumer,Completed,Credit Card
O006689,2024-09-19,C00143,North,Lucknow,Consumer,Completed,Credit Card
O006690,2023-04-28,C00291,North,Delhi,Consumer,Completed,UPI
O006691,2024-06-19,C00177,North,Delhi,Consumer,Completed,UPI
O006692,2024-01-27,C00534,East,Patna,Home Office,Completed,Net Banking
O006693,2024-05-09,C00092,North,Lucknow,Home Office,Completed,UPI
O006694,2023-02-20,C00613,North,Chandigarh,Consumer,Completed,Credit Card
O006695,2025-11-30,C00621,South,Bengaluru,Corporate,Completed,Debit Card
O006696,2023-04-18,C00624,South,Hyderabad,Consumer,Completed,Credit Card
O006697,2024-04-27,C00485,East,Guwahati,Consumer,Completed,UPI
O006698,2025-01-15,C00056,West,Mumbai,Consumer,Completed,Net Banking
O006699,2023-10-17,C00470,North,Chandigarh,Corporate,Completed,Wallet
O006700,2025-08-12,C00468,North,Lucknow,Consumer,Completed,UPI
O006701,2025-07-14,C00734,South,Bengaluru,Consumer,Completed,Debit Card
O006702,2025-12-20,C00052,North,Chandigarh,Consumer,Completed,UPI
O006703,2024-07-15,C00544,East,Kolkata,Consumer,Completed,Credit Card
O006704,2025-11-06,C00399,East,Patna,Consumer,Completed,UPI
O006705,2023-11-15,C00432,South,Kochi,Home Office,Completed,Wallet
O006706,2025-05-23,C00519,North,Delhi,Consumer,Completed,Credit Card
O006707,2023-11-21,C00550,West,Pune,Home Office,Completed,Wallet
O006708,2023-12-23,C00675,East,Bhubaneswar,Home Office,Completed,Credit Card
O006709,2024-03-14,C00154,North,Jaipur,Home Office,Completed,Wallet
O006710,2023-12-29,C00367,East,Kolkata,Consumer,Completed,Credit Card
O006711,2024-10-29,C00313,South,Hyderabad,Consumer,Completed,Credit Card
O006712,2025-06-18,C00304,North,Delhi,Home Office,Completed,Wallet
O006713,2023-12-26,C00709,West,Pune,Corporate,Completed,Wallet
O006714,2025-05-27,C00221,South,Bengaluru,Corporate,Cancelled,Debit Card
O006715,2025-10-14,C00336,East,Guwahati,Consumer,Completed,Wallet
O006716,2025-04-26,C00598,North,Delhi,Consumer,Completed,Credit Card
O006717,2024-11-09,C00598,North,Delhi,Consumer,Completed,Debit Card
O006718,2025-02-12,C00011,North,Chandigarh,Corporate,Completed,Debit Card
O006719,2025-03-24,C00466,North,Delhi,Consumer,Completed,Net Banking
O006720,2024-03-27,C00316,West,Pune,Corporate,Completed,UPI
O006721,2024-08-28,C00032,West,Mumbai,Consumer,Completed,UPI
O006722,2023-11-30,C00215,East,Kolkata,Consumer,Completed,Credit Card
O006723,2024-04-04,C00049,North,Delhi,Home Office,Completed,Debit Card
O006724,2025-02-21,C00260,East,Bhubaneswar,Home Office,Completed,UPI
O006725,2024-08-24,C00510,East,Guwahati,Consumer,Completed,Debit Card
O006726,2023-07-19,C00222,West,Surat,Corporate,Completed,Debit Card
O006727,2024-05-07,C00203,West,Ahmedabad,Corporate,Completed,Credit Card
O006728,2024-11-09,C00512,South,Hyderabad,Home Office,Completed,UPI
O006729,2025-06-06,C00543,East,Patna,Consumer,Completed,Wallet
O006730,2024-11-26,C00715,East,Patna,Consumer,Completed,UPI
O006731,2023-09-23,C00574,South,Hyderabad,Consumer,Completed,Credit Card
O006732,2023-05-10,C00258,North,Lucknow,Consumer,Completed,Credit Card
O006733,2024-03-05,C00414,East,Bhubaneswar,Consumer,Completed,UPI
O006734,2023-04-21,C00153,West,Mumbai,Consumer,Completed,Debit Card
O006735,2025-03-08,C00167,South,Chennai,Home Office,Completed,Debit Card
O006736,2023-05-07,C00561,East,Kolkata,Consumer,Completed,Debit Card
O006737,2025-11-30,C00424,South,Chennai,Home Office,Completed,Debit Card
O006738,2023-12-11,C00496,North,Jaipur,Consumer,Completed,UPI
O006739,2025-11-18,C00491,East,Guwahati,Consumer,Completed,Wallet
O006740,2023-03-15,C00125,West,Mumbai,Corporate,Completed,Debit Card
O006741,2023-09-02,C00223,North,Delhi,Consumer,Completed,Wallet
O006742,2024-02-24,C00541,North,Delhi,Consumer,Completed,Net Banking
O006743,2025-02-15,C00165,East,Guwahati,Corporate,Completed,Net Banking
O006744,2024-07-18,C00671,West,Surat,Consumer,Completed,Credit Card
O006745,2024-06-21,C00670,North,Jaipur,Consumer,Completed,Debit Card
O006746,2025-01-16,C00659,East,Patna,Home Office,Completed,Net Banking
O006747,2023-09-27,C00051,North,Chandigarh,Home Office,Completed,Wallet
O006748,2024-05-30,C00235,East,Kolkata,Corporate,Completed,Credit Card
O006749,2025-10-15,C00193,North,Jaipur,Consumer,Completed,Credit Card
O006750,2023-02-25,C00387,North,Delhi,Corporate,Completed,UPI
O006751,2024-11-15,C00481,South,Chennai,Corporate,Completed,Wallet
O006752,2025-11-14,C00373,West,Pune,Corporate,Completed,Wallet
O006753,2025-10-16,C00098,East,Patna,Home Office,Completed,Credit Card
O006754,2024-04-23,C00521,West,Pune,Home Office,Completed,UPI
O006755,2024-06-28,C00230,South,Chennai,Consumer,Completed,Net Banking
O006756,2023-01-26,C00704,East,Kolkata,Consumer,Completed,Wallet
O006757,2025-09-20,C00080,East,Guwahati,Corporate,Completed,Wallet
O006758,2023-03-25,C00263,East,Kolkata,Corporate,Completed,UPI
O006759,2025-11-05,C00398,South,Kochi,Corporate,Completed,Wallet
O006760,2023-07-20,C00530,North,Chandigarh,Consumer,Completed,UPI
O006761,2023-03-12,C00733,East,Kolkata,Consumer,Returned,UPI
O006762,2023-01-31,C00304,North,Delhi,Home Office,Completed,Credit Card
O006763,2024-07-17,C00575,West,Ahmedabad,Home Office,Completed,Credit Card
O006764,2023-07-15,C00280,South,Hyderabad,Home Office,Completed,Debit Card
O006765,2023-03-13,C00512,South,Hyderabad,Home Office,Completed,Debit Card
O006766,2025-08-26,C00095,East,Patna,Consumer,Completed,Credit Card
O006767,2024-04-01,C00050,South,Chennai,Consumer,Completed,Net Banking
O006768,2025-10-22,C00431,East,Guwahati,Home Office,Completed,Wallet
O006769,2025-09-23,C00182,West,Pune,Consumer,Completed,UPI
O006770,2023-07-09,C00495,North,Chandigarh,Home Office,Completed,Net Banking
O006771,2023-12-03,C00384,South,Kochi,Corporate,Completed,Net Banking
O006772,2025-06-05,C00470,North,Chandigarh,Corporate,Completed,Credit Card
O006773,2025-03-07,C00470,North,Chandigarh,Corporate,Completed,Credit Card
O006774,2024-11-12,C00582,South,Bengaluru,Consumer,Completed,Net Banking
O006775,2024-10-30,C00256,East,Guwahati,Consumer,Completed,Wallet
O006776,2024-08-07,C00468,North,Lucknow,Consumer,Completed,Wallet
O006777,2024-07-23,C00509,South,Bengaluru,Corporate,Completed,Credit Card
O006778,2023-04-23,C00366,North,Chandigarh,Consumer,Completed,Credit Card
O006779,2023-08-09,C00478,South,Chennai,Consumer,Completed,Debit Card
O006780,2023-01-04,C00097,East,Guwahati,Consumer,Completed,Debit Card
O006781,2025-09-20,C00610,South,Hyderabad,Home Office,Completed,Debit Card
O006782,2023-11-24,C00210,North,Chandigarh,Consumer,Completed,Net Banking
O006783,2024-09-02,C00724,South,Kochi,Home Office,Completed,Wallet
O006784,2024-04-14,C00330,South,Bengaluru,Consumer,Completed,Credit Card
O006785,2023-06-06,C00153,West,Mumbai,Consumer,Completed,Net Banking
O006786,2025-10-19,C00326,South,Hyderabad,Consumer,Completed,Net Banking
O006787,2023-09-29,C00654,South,Kochi,Consumer,Cancelled,Debit Card
O006788,2023-11-07,C00269,West,Ahmedabad,Consumer,Completed,UPI
O006789,2024-02-21,C00478,South,Chennai,Consumer,Completed,Credit Card
O006790,2024-01-05,C00454,North,Delhi,Home Office,Completed,Credit Card
O006791,2023-03-31,C00552,East,Bhubaneswar,Consumer,Completed,Debit Card
O006792,2024-03-19,C00507,West,Surat,Consumer,Completed,Credit Card
O006793,2025-09-29,C00173,East,Bhubaneswar,Consumer,Completed,Wallet
O006794,2024-01-23,C00228,South,Chennai,Home Office,Completed,Net Banking
O006795,2024-04-08,C00167,South,Chennai,Home Office,Completed,Debit Card
O006796,2023-07-24,C00376,East,Guwahati,Consumer,Completed,Wallet
O006797,2025-11-22,C00304,North,Delhi,Home Office,Completed,Wallet
O006798,2024-04-26,C00278,West,Ahmedabad,Corporate,Completed,Debit Card
O006799,2024-01-24,C00441,South,Bengaluru,Consumer,Completed,Debit Card
O006800,2024-11-26,C00046,North,Lucknow,Consumer,Completed,Net Banking
O006801,2023-07-22,C00214,North,Delhi,Corporate,Completed,Wallet
O006802,2024-03-17,C00296,East,Guwahati,Consumer,Completed,UPI
O006803,2023-02-20,C00375,East,Guwahati,Home Office,Completed,Credit Card
O006804,2023-08-17,C00199,West,Mumbai,Corporate,Completed,Credit Card
O006805,2023-01-08,C00296,East,Guwahati,Consumer,Completed,Credit Card
O006806,2024-09-18,C00727,East,Patna,Home Office,Completed,UPI
O006807,2025-09-22,C00480,South,Bengaluru,Consumer,Completed,Credit Card
O006808,2025-01-19,C00359,West,Surat,Home Office,Completed,Wallet
O006809,2023-06-09,C00733,East,Kolkata,Consumer,Completed,Wallet
O006810,2024-01-02,C00285,West,Pune,Consumer,Completed,Debit Card
O006811,2023-12-28,C00663,South,Bengaluru,Consumer,Completed,Net Banking
O006812,2025-04-10,C00026,North,Chandigarh,Consumer,Completed,Wallet
O006813,2023-04-09,C00492,South,Kochi,Consumer,Completed,Credit Card
O006814,2025-08-13,C00056,West,Mumbai,Consumer,Completed,Credit Card
O006815,2024-03-31,C00290,West,Mumbai,Consumer,Completed,Debit Card
O006816,2023-07-08,C00243,East,Patna,Home Office,Completed,Net Banking
O006817,2024-12-15,C00170,East,Bhubaneswar,Consumer,Completed,Wallet
O006818,2024-07-07,C00081,West,Pune,Corporate,Completed,Wallet
O006819,2024-07-05,C00510,East,Guwahati,Consumer,Completed,Credit Card
O006820,2023-08-08,C00112,East,Kolkata,Home Office,Completed,Credit Card
O006821,2025-04-13,C00460,South,Bengaluru,Consumer,Completed,Debit Card
O006822,2023-08-20,C00634,South,Hyderabad,Home Office,Completed,UPI
O006823,2024-02-26,C00258,North,Lucknow,Consumer,Completed,UPI
O006824,2025-02-24,C00457,South,Hyderabad,Home Office,Completed,Credit Card
O006825,2023-11-09,C00177,North,Delhi,Consumer,Completed,Debit Card
O006826,2025-10-09,C00167,South,Chennai,Home Office,Completed,Debit Card
O006827,2024-12-25,C00110,North,Jaipur,Consumer,Completed,Credit Card
O006828,2025-06-22,C00282,North,Jaipur,Consumer,Returned,Net Banking
O006829,2025-02-25,C00532,South,Hyderabad,Consumer,Completed,Net Banking
O006830,2023-06-01,C00664,West,Pune,Consumer,Completed,Debit Card
O006831,2024-11-17,C00457,South,Hyderabad,Home Office,Completed,Wallet
O006832,2025-07-10,C00095,East,Patna,Consumer,Completed,Net Banking
O006833,2023-03-23,C00029,North,Chandigarh,Corporate,Completed,Wallet
O006834,2025-09-21,C00739,South,Bengaluru,Corporate,Completed,Credit Card
O006835,2025-01-28,C00179,East,Guwahati,Home Office,Completed,Debit Card
O006836,2024-07-27,C00746,North,Chandigarh,Consumer,Completed,Credit Card
O006837,2025-08-10,C00499,North,Delhi,Home Office,Completed,Wallet
O006838,2023-02-24,C00082,North,Delhi,Consumer,Completed,Debit Card
O006839,2024-12-22,C00142,East,Patna,Corporate,Completed,Credit Card
O006840,2024-12-16,C00397,South,Bengaluru,Consumer,Completed,Net Banking
O006841,2025-12-21,C00070,North,Jaipur,Consumer,Completed,Net Banking
O006842,2025-12-17,C00397,South,Bengaluru,Consumer,Completed,Net Banking
O006843,2025-09-12,C00154,North,Jaipur,Home Office,Completed,Wallet
O006844,2025-04-07,C00448,North,Delhi,Consumer,Completed,Wallet
O006845,2024-03-31,C00579,West,Mumbai,Consumer,Completed,UPI
O006846,2023-11-13,C00159,South,Chennai,Consumer,Completed,Wallet
O006847,2025-01-23,C00201,North,Jaipur,Consumer,Completed,Net Banking
O006848,2024-12-19,C00451,West,Mumbai,Home Office,Completed,Credit Card
O006849,2023-02-11,C00496,North,Jaipur,Consumer,Completed,UPI
O006850,2025-09-14,C00684,North,Jaipur,Consumer,Completed,Debit Card
O006851,2023-05-26,C00498,North,Lucknow,Consumer,Completed,UPI
O006852,2025-03-04,C00553,East,Patna,Consumer,Completed,Wallet
O006853,2024-06-29,C00365,East,Guwahati,Corporate,Returned,Credit Card
O006854,2023-03-11,C00603,North,Delhi,Consumer,Completed,Debit Card
O006855,2025-04-23,C00103,South,Bengaluru,Consumer,Completed,Net Banking
O006856,2024-03-18,C00622,West,Surat,Consumer,Completed,Credit Card
O006857,2025-10-01,C00275,South,Hyderabad,Consumer,Completed,Wallet
O006858,2025-06-25,C00550,West,Pune,Home Office,Completed,UPI
O006859,2025-11-17,C00448,North,Delhi,Consumer,Completed,Net Banking
O006860,2023-05-27,C00724,South,Kochi,Home Office,Completed,Credit Card
O006861,2025-07-18,C00002,North,Jaipur,Consumer,Completed,UPI
O006862,2023-01-13,C00118,East,Guwahati,Corporate,Completed,Credit Card
O006863,2023-03-27,C00586,West,Ahmedabad,Consumer,Completed,UPI
O006864,2023-05-20,C00294,East,Guwahati,Consumer,Completed,UPI
O006865,2023-01-11,C00065,East,Kolkata,Home Office,Completed,UPI
O006866,2023-03-23,C00315,South,Bengaluru,Corporate,Completed,Net Banking
O006867,2024-04-14,C00744,South,Chennai,Consumer,Completed,Debit Card
O006868,2023-10-04,C00007,East,Bhubaneswar,Corporate,Completed,Debit Card
O006869,2024-09-09,C00358,West,Mumbai,Consumer,Completed,Debit Card
O006870,2023-11-17,C00707,East,Kolkata,Consumer,Completed,Net Banking
O006871,2024-12-08,C00299,East,Kolkata,Home Office,Returned,Credit Card
O006872,2025-05-07,C00059,South,Kochi,Consumer,Returned,UPI
O006873,2025-08-06,C00593,West,Pune,Home Office,Completed,Credit Card
O006874,2023-11-11,C00320,East,Guwahati,Corporate,Completed,Credit Card
O006875,2023-01-30,C00730,East,Patna,Consumer,Completed,Net Banking
O006876,2025-08-04,C00549,South,Kochi,Consumer,Completed,Wallet
O006877,2025-09-28,C00003,North,Lucknow,Home Office,Completed,Debit Card
O006878,2025-06-04,C00668,North,Lucknow,Consumer,Completed,Net Banking
O006879,2025-03-12,C00512,South,Hyderabad,Home Office,Completed,Credit Card
O006880,2025-06-08,C00324,South,Kochi,Consumer,Completed,Net Banking
O006881,2023-09-09,C00142,East,Patna,Corporate,Completed,Wallet
O006882,2024-06-26,C00494,North,Chandigarh,Home Office,Completed,UPI
O006883,2024-05-17,C00194,West,Pune,Consumer,Completed,Debit Card
O006884,2023-12-09,C00445,East,Bhubaneswar,Corporate,Completed,Credit Card
O006885,2023-10-27,C00586,West,Ahmedabad,Consumer,Completed,Debit Card
O006886,2024-08-16,C00132,North,Delhi,Consumer,Completed,UPI
O006887,2023-11-15,C00671,West,Surat,Consumer,Completed,Wallet
O006888,2024-08-24,C00431,East,Guwahati,Home Office,Completed,Wallet
O006889,2023-12-19,C00688,North,Lucknow,Consumer,Completed,Net Banking
O006890,2025-01-17,C00737,East,Patna,Consumer,Completed,UPI
O006891,2024-03-28,C00663,South,Bengaluru,Consumer,Completed,Net Banking
O006892,2025-03-23,C00476,East,Kolkata,Home Office,Completed,Net Banking
O006893,2025-09-13,C00188,South,Bengaluru,Consumer,Completed,Wallet
O006894,2023-08-10,C00352,West,Mumbai,Home Office,Completed,Wallet
O006895,2024-07-13,C00698,North,Delhi,Consumer,Completed,Net Banking
O006896,2025-04-09,C00264,West,Surat,Consumer,Completed,Credit Card
O006897,2025-07-07,C00699,West,Ahmedabad,Consumer,Completed,Credit Card
O006898,2023-09-05,C00013,North,Delhi,Consumer,Completed,UPI
O006899,2023-05-08,C00737,East,Patna,Consumer,Completed,Credit Card
O006900,2023-01-31,C00694,North,Delhi,Consumer,Completed,UPI
O006901,2025-02-07,C00570,East,Bhubaneswar,Home Office,Completed,Net Banking
O006902,2024-01-22,C00094,East,Kolkata,Consumer,Completed,Credit Card
O006903,2023-12-04,C00224,East,Patna,Home Office,Completed,Net Banking
O006904,2024-11-26,C00422,East,Bhubaneswar,Consumer,Completed,Net Banking
O006905,2023-06-10,C00610,South,Hyderabad,Home Office,Completed,Credit Card
O006906,2025-06-03,C00720,East,Bhubaneswar,Consumer,Completed,Net Banking
O006907,2024-06-10,C00314,North,Chandigarh,Corporate,Completed,Credit Card
O006908,2025-11-02,C00716,North,Chandigarh,Corporate,Completed,UPI
O006909,2024-12-29,C00139,East,Bhubaneswar,Consumer,Completed,Debit Card
O006910,2023-10-01,C00492,South,Kochi,Consumer,Completed,Wallet
O006911,2024-01-01,C00143,North,Lucknow,Consumer,Completed,Debit Card
O006912,2023-02-24,C00012,South,Kochi,Corporate,Completed,UPI
O006913,2024-09-06,C00108,East,Kolkata,Corporate,Completed,Net Banking
O006914,2025-07-01,C00677,South,Bengaluru,Corporate,Completed,UPI
O006915,2024-12-10,C00440,North,Delhi,Consumer,Completed,Net Banking
O006916,2023-12-28,C00528,East,Kolkata,Consumer,Completed,Credit Card
O006917,2024-12-10,C00444,North,Jaipur,Consumer,Completed,Net Banking
O006918,2024-02-27,C00195,South,Kochi,Home Office,Completed,Credit Card
O006919,2025-01-04,C00593,West,Pune,Home Office,Completed,Net Banking
O006920,2023-03-07,C00036,West,Surat,Consumer,Cancelled,UPI
O006921,2023-05-09,C00724,South,Kochi,Home Office,Completed,Credit Card
O006922,2025-01-17,C00345,West,Mumbai,Consumer,Completed,Credit Card
O006923,2023-09-12,C00118,East,Guwahati,Corporate,Completed,Debit Card
O006924,2024-03-27,C00543,East,Patna,Consumer,Completed,UPI
O006925,2024-04-18,C00214,North,Delhi,Corporate,Completed,Debit Card
O006926,2025-11-17,C00227,North,Delhi,Consumer,Completed,Credit Card
O006927,2024-11-08,C00689,West,Surat,Consumer,Completed,Debit Card
O006928,2024-02-12,C00523,West,Mumbai,Consumer,Completed,Credit Card
O006929,2023-01-01,C00223,North,Delhi,Consumer,Completed,Wallet
O006930,2025-09-01,C00190,West,Mumbai,Home Office,Completed,UPI
O006931,2024-10-06,C00121,North,Jaipur,Corporate,Completed,Wallet
O006932,2025-06-19,C00169,North,Jaipur,Home Office,Completed,Wallet
O006933,2023-08-01,C00570,East,Bhubaneswar,Home Office,Completed,Net Banking
O006934,2025-11-26,C00650,South,Kochi,Consumer,Completed,Wallet
O006935,2024-04-29,C00339,South,Kochi,Consumer,Completed,Debit Card
O006936,2025-02-20,C00379,East,Bhubaneswar,Consumer,Completed,Credit Card
O006937,2023-07-23,C00581,East,Kolkata,Home Office,Completed,Credit Card
O006938,2025-04-17,C00410,South,Bengaluru,Consumer,Completed,UPI
O006939,2024-10-28,C00543,East,Patna,Consumer,Completed,Net Banking
O006940,2024-05-07,C00008,East,Guwahati,Consumer,Completed,Debit Card
O006941,2024-10-20,C00580,South,Bengaluru,Corporate,Completed,Net Banking
O006942,2025-08-18,C00273,West,Ahmedabad,Consumer,Completed,Debit Card
O006943,2023-07-25,C00600,South,Bengaluru,Home Office,Completed,Debit Card
O006944,2024-03-30,C00249,West,Ahmedabad,Consumer,Completed,Net Banking
O006945,2024-12-24,C00330,South,Bengaluru,Consumer,Completed,Debit Card
O006946,2023-02-17,C00295,South,Bengaluru,Corporate,Returned,Net Banking
O006947,2025-01-01,C00167,South,Chennai,Home Office,Completed,Net Banking
O006948,2023-06-17,C00558,South,Chennai,Consumer,Completed,Credit Card
O006949,2025-02-28,C00264,West,Surat,Consumer,Completed,UPI
O006950,2024-01-05,C00268,South,Kochi,Consumer,Completed,Wallet
O006951,2025-06-11,C00630,South,Bengaluru,Consumer,Completed,Net Banking
O006952,2023-04-13,C00649,South,Kochi,Home Office,Completed,Credit Card
O006953,2023-01-16,C00105,West,Pune,Consumer,Completed,UPI
O006954,2024-03-17,C00550,West,Pune,Home Office,Completed,Wallet
O006955,2023-07-14,C00720,East,Bhubaneswar,Consumer,Completed,UPI
O006956,2025-12-30,C00097,East,Guwahati,Consumer,Completed,Debit Card
O006957,2025-07-24,C00070,North,Jaipur,Consumer,Completed,Wallet
O006958,2025-06-01,C00472,South,Bengaluru,Home Office,Completed,Net Banking
O006959,2023-09-26,C00736,South,Kochi,Corporate,Completed,Wallet
O006960,2024-04-05,C00133,West,Surat,Corporate,Completed,Net Banking
O006961,2025-06-12,C00064,South,Hyderabad,Consumer,Completed,Net Banking
O006962,2024-02-16,C00578,West,Ahmedabad,Consumer,Completed,Net Banking
O006963,2024-08-16,C00452,South,Kochi,Consumer,Completed,Net Banking
O006964,2025-05-23,C00402,West,Ahmedabad,Consumer,Completed,Net Banking
O006965,2025-01-27,C00113,South,Hyderabad,Consumer,Completed,Debit Card
O006966,2025-06-14,C00499,North,Delhi,Home Office,Completed,UPI
O006967,2025-07-22,C00654,South,Kochi,Consumer,Completed,Wallet
O006968,2024-02-02,C00606,North,Delhi,Consumer,Completed,Credit Card
O006969,2024-08-11,C00266,East,Bhubaneswar,Home Office,Completed,Credit Card
O006970,2024-08-03,C00070,North,Jaipur,Consumer,Completed,Wallet
O006971,2025-05-01,C00032,West,Mumbai,Consumer,Returned,Debit Card
O006972,2025-05-26,C00165,East,Guwahati,Corporate,Completed,Wallet
O006973,2025-09-27,C00165,East,Guwahati,Corporate,Returned,UPI
O006974,2023-09-18,C00340,North,Delhi,Home Office,Completed,Debit Card
O006975,2023-03-23,C00456,North,Delhi,Consumer,Completed,Debit Card
O006976,2025-02-15,C00279,South,Hyderabad,Home Office,Completed,Debit Card
O006977,2025-05-06,C00659,East,Patna,Home Office,Completed,Net Banking
O006978,2024-06-29,C00055,South,Hyderabad,Consumer,Completed,Debit Card
O006979,2023-06-27,C00301,North,Lucknow,Corporate,Completed,Wallet
O006980,2024-05-24,C00278,West,Ahmedabad,Corporate,Completed,Debit Card
O006981,2025-07-28,C00554,West,Mumbai,Consumer,Completed,Net Banking
O006982,2025-05-13,C00184,North,Jaipur,Consumer,Completed,Net Banking
O006983,2025-10-18,C00577,East,Bhubaneswar,Home Office,Completed,Net Banking
O006984,2025-07-19,C00168,South,Bengaluru,Consumer,Completed,Wallet
O006985,2024-05-30,C00058,West,Surat,Consumer,Completed,UPI
O006986,2025-11-30,C00497,East,Patna,Consumer,Completed,Debit Card
O006987,2023-03-14,C00034,East,Kolkata,Consumer,Completed,Net Banking
O006988,2023-08-21,C00040,North,Chandigarh,Consumer,Completed,Credit Card
O006989,2023-06-13,C00273,West,Ahmedabad,Consumer,Completed,Debit Card
O006990,2023-07-17,C00523,West,Mumbai,Consumer,Completed,Wallet
O006991,2025-08-14,C00379,East,Bhubaneswar,Consumer,Completed,Net Banking
O006992,2024-12-29,C00638,North,Jaipur,Corporate,Completed,Debit Card
O006993,2025-05-03,C00106,North,Jaipur,Corporate,Completed,Net Banking
O006994,2023-12-29,C00063,East,Kolkata,Corporate,Completed,Credit Card
O006995,2023-09-30,C00738,East,Kolkata,Consumer,Completed,Wallet
O006996,2025-12-11,C00240,East,Bhubaneswar,Consumer,Completed,Debit Card
O006997,2023-05-04,C00685,West,Ahmedabad,Consumer,Cancelled,Debit Card
O006998,2023-07-12,C00565,East,Kolkata,Consumer,Completed,Net Banking
O006999,2025-04-13,C00216,South,Chennai,Corporate,Completed,Credit Card
O007000,2024-11-21,C00368,North,Jaipur,Home Office,Completed,UPI
O007001,2024-05-24,C00746,North,Chandigarh,Consumer,Completed,UPI
O007002,2023-03-04,C00196,South,Bengaluru,Consumer,Completed,Credit Card
O007003,2025-09-05,C00489,West,Surat,Consumer,Completed,Net Banking
O007004,2025-06-28,C00496,North,Jaipur,Consumer,Completed,Net Banking
O007005,2025-04-22,C00016,West,Ahmedabad,Consumer,Completed,Credit Card
O007006,2024-11-17,C00554,West,Mumbai,Consumer,Completed,Credit Card
O007007,2023-09-04,C00024,North,Lucknow,Consumer,Completed,Wallet
O007008,2024-01-27,C00600,South,Bengaluru,Home Office,Completed,Wallet
O007009,2025-01-12,C00559,East,Patna,Consumer,Completed,UPI
O007010,2023-03-07,C00024,North,Lucknow,Consumer,Completed,UPI
O007011,2023-12-26,C00514,North,Chandigarh,Corporate,Returned,Debit Card
O007012,2024-01-11,C00662,West,Surat,Home Office,Completed,Credit Card
O007013,2024-09-29,C00412,South,Kochi,Home Office,Completed,Wallet
O007014,2025-09-14,C00380,West,Mumbai,Home Office,Completed,Net Banking
O007015,2024-08-25,C00056,West,Mumbai,Consumer,Returned,UPI
O007016,2023-08-01,C00718,North,Delhi,Corporate,Completed,UPI
O007017,2024-11-28,C00525,East,Patna,Corporate,Completed,Credit Card
O007018,2023-10-22,C00039,South,Hyderabad,Home Office,Completed,Wallet
O007019,2025-03-08,C00522,North,Chandigarh,Consumer,Completed,UPI
O007020,2025-03-22,C00328,South,Kochi,Consumer,Completed,Net Banking
O007021,2023-04-16,C00323,North,Lucknow,Home Office,Completed,Credit Card
O007022,2025-06-23,C00351,North,Chandigarh,Consumer,Completed,Net Banking
O007023,2023-09-09,C00701,South,Bengaluru,Consumer,Completed,Credit Card
O007024,2023-06-26,C00379,East,Bhubaneswar,Consumer,Completed,Net Banking
O007025,2023-01-24,C00285,West,Pune,Consumer,Completed,Net Banking
O007026,2023-11-26,C00104,North,Jaipur,Home Office,Completed,UPI
O007027,2023-01-22,C00446,North,Chandigarh,Consumer,Completed,UPI
O007028,2025-05-10,C00563,West,Surat,Consumer,Returned,Wallet
O007029,2025-04-29,C00073,South,Kochi,Home Office,Completed,Wallet
O007030,2025-09-23,C00234,West,Ahmedabad,Consumer,Completed,Credit Card
O007031,2023-10-17,C00714,East,Guwahati,Home Office,Completed,UPI
O007032,2024-02-28,C00563,West,Surat,Consumer,Completed,Wallet
O007033,2025-01-23,C00737,East,Patna,Consumer,Completed,Debit Card
O007034,2024-03-15,C00631,West,Mumbai,Consumer,Completed,Net Banking
O007035,2024-08-12,C00075,West,Pune,Consumer,Completed,Credit Card
O007036,2023-11-04,C00604,South,Kochi,Corporate,Returned,Credit Card
O007037,2023-12-02,C00071,South,Kochi,Consumer,Completed,UPI
O007038,2024-07-29,C00689,West,Surat,Consumer,Completed,UPI
O007039,2024-08-09,C00059,South,Kochi,Consumer,Completed,Debit Card
O007040,2025-10-03,C00218,East,Kolkata,Corporate,Completed,Wallet
O007041,2023-05-02,C00493,North,Chandigarh,Corporate,Completed,Wallet
O007042,2025-12-17,C00307,East,Patna,Consumer,Completed,Wallet
O007043,2025-09-06,C00631,West,Mumbai,Consumer,Completed,Credit Card
O007044,2024-02-20,C00098,East,Patna,Home Office,Completed,Net Banking
O007045,2025-05-29,C00566,North,Lucknow,Home Office,Completed,Wallet
O007046,2025-12-20,C00518,South,Kochi,Consumer,Completed,Net Banking
O007047,2023-07-29,C00664,West,Pune,Consumer,Completed,Wallet
O007048,2024-04-27,C00388,North,Lucknow,Home Office,Returned,Credit Card
O007049,2023-08-22,C00698,North,Delhi,Consumer,Completed,Wallet
O007050,2025-04-07,C00592,West,Pune,Corporate,Completed,Debit Card
O007051,2023-12-28,C00227,North,Delhi,Consumer,Completed,Credit Card
O007052,2025-04-16,C00402,West,Ahmedabad,Consumer,Completed,Net Banking
O007053,2025-04-07,C00224,East,Patna,Home Office,Completed,Wallet
O007054,2025-04-26,C00450,South,Chennai,Corporate,Completed,Wallet
O007055,2023-04-03,C00242,West,Pune,Corporate,Completed,Net Banking
O007056,2025-10-23,C00540,East,Bhubaneswar,Consumer,Completed,UPI
O007057,2024-04-27,C00615,West,Mumbai,Consumer,Completed,Net Banking
O007058,2025-10-17,C00045,West,Mumbai,Home Office,Completed,Wallet
O007059,2023-08-16,C00106,North,Jaipur,Corporate,Completed,Credit Card
O007060,2024-09-08,C00390,South,Kochi,Consumer,Completed,Net Banking
O007061,2024-01-09,C00746,North,Chandigarh,Consumer,Completed,Wallet
O007062,2024-12-14,C00448,North,Delhi,Consumer,Completed,Credit Card
O007063,2024-09-04,C00133,West,Surat,Corporate,Completed,UPI
O007064,2023-02-25,C00224,East,Patna,Home Office,Completed,Wallet
O007065,2023-11-26,C00377,West,Ahmedabad,Consumer,Returned,Wallet
O007066,2023-02-28,C00010,West,Ahmedabad,Consumer,Completed,Debit Card
O007067,2025-09-25,C00394,East,Guwahati,Consumer,Completed,Debit Card
O007068,2024-04-25,C00605,East,Patna,Consumer,Completed,Wallet
O007069,2025-06-29,C00261,North,Chandigarh,Consumer,Completed,Net Banking
O007070,2023-06-23,C00413,East,Patna,Corporate,Completed,Net Banking
O007071,2023-01-23,C00360,West,Surat,Consumer,Completed,Net Banking
O007072,2025-05-09,C00694,North,Delhi,Consumer,Returned,Wallet
O007073,2024-05-13,C00614,North,Chandigarh,Consumer,Completed,Wallet
O007074,2025-02-11,C00254,South,Bengaluru,Consumer,Completed,UPI
O007075,2023-11-14,C00747,South,Hyderabad,Consumer,Completed,Debit Card
O007076,2025-01-19,C00054,East,Bhubaneswar,Consumer,Completed,Wallet
O007077,2023-11-18,C00462,South,Hyderabad,Home Office,Completed,Wallet
O007078,2024-09-25,C00333,East,Kolkata,Corporate,Completed,Wallet
O007079,2025-02-04,C00544,East,Kolkata,Consumer,Completed,Credit Card
O007080,2023-04-17,C00502,East,Bhubaneswar,Consumer,Completed,Debit Card
O007081,2023-03-27,C00728,West,Mumbai,Corporate,Completed,Wallet
O007082,2025-01-26,C00118,East,Guwahati,Corporate,Completed,Net Banking
O007083,2023-08-18,C00292,West,Mumbai,Corporate,Completed,Debit Card
O007084,2023-03-26,C00464,North,Chandigarh,Corporate,Completed,Credit Card
O007085,2023-02-20,C00080,East,Guwahati,Corporate,Completed,Credit Card
O007086,2023-05-22,C00594,West,Mumbai,Consumer,Completed,Wallet
O007087,2025-03-23,C00016,West,Ahmedabad,Consumer,Completed,UPI
O007088,2024-01-19,C00683,North,Chandigarh,Consumer,Completed,UPI
O007089,2024-10-18,C00070,North,Jaipur,Consumer,Completed,Wallet
O007090,2023-07-16,C00611,East,Guwahati,Consumer,Completed,Wallet
O007091,2024-12-25,C00010,West,Ahmedabad,Consumer,Completed,Debit Card
O007092,2024-07-11,C00739,South,Bengaluru,Corporate,Completed,Debit Card
O007093,2025-07-29,C00205,North,Jaipur,Corporate,Completed,UPI
O007094,2025-02-02,C00163,West,Mumbai,Consumer,Completed,UPI
O007095,2024-11-19,C00442,North,Jaipur,Corporate,Completed,Debit Card
O007096,2025-03-14,C00125,West,Mumbai,Corporate,Completed,UPI
O007097,2023-10-11,C00251,West,Ahmedabad,Consumer,Completed,Net Banking
O007098,2025-06-05,C00667,West,Surat,Corporate,Completed,UPI
O007099,2025-11-13,C00496,North,Jaipur,Consumer,Completed,Wallet
O007100,2024-05-24,C00007,East,Bhubaneswar,Corporate,Completed,Net Banking
O007101,2023-11-08,C00675,East,Bhubaneswar,Home Office,Completed,UPI
O007102,2023-09-13,C00601,East,Bhubaneswar,Consumer,Completed,Debit Card
O007103,2025-10-15,C00486,North,Chandigarh,Corporate,Completed,Credit Card
O007104,2023-12-11,C00240,East,Bhubaneswar,Consumer,Completed,Net Banking
O007105,2025-05-03,C00749,North,Lucknow,Consumer,Completed,Wallet
O007106,2023-08-12,C00731,West,Surat,Home Office,Completed,Wallet
O007107,2024-05-13,C00054,East,Bhubaneswar,Consumer,Completed,Credit Card
O007108,2025-10-02,C00072,South,Hyderabad,Consumer,Completed,Wallet
O007109,2025-06-26,C00013,North,Delhi,Consumer,Completed,Debit Card
O007110,2025-04-06,C00743,South,Bengaluru,Home Office,Completed,Debit Card
O007111,2023-03-25,C00196,South,Bengaluru,Consumer,Completed,Wallet
O007112,2024-12-17,C00016,West,Ahmedabad,Consumer,Completed,Wallet
O007113,2024-11-13,C00298,West,Surat,Consumer,Completed,Debit Card
O007114,2023-08-07,C00266,East,Bhubaneswar,Home Office,Completed,UPI
O007115,2024-08-27,C00584,East,Guwahati,Consumer,Completed,Wallet
O007116,2024-11-29,C00581,East,Kolkata,Home Office,Completed,Debit Card
O007117,2025-04-29,C00684,North,Jaipur,Consumer,Completed,Debit Card
O007118,2024-11-12,C00560,East,Kolkata,Corporate,Completed,Net Banking
O007119,2025-05-21,C00129,East,Kolkata,Consumer,Completed,Wallet
O007120,2023-04-04,C00032,West,Mumbai,Consumer,Completed,Credit Card
O007121,2024-04-22,C00119,East,Kolkata,Consumer,Completed,Debit Card
O007122,2025-11-11,C00153,West,Mumbai,Consumer,Completed,Debit Card
O007123,2023-05-03,C00418,North,Lucknow,Consumer,Completed,UPI
O007124,2024-02-13,C00673,East,Patna,Consumer,Returned,UPI
O007125,2023-08-12,C00549,South,Kochi,Consumer,Completed,Net Banking
O007126,2024-01-28,C00625,East,Bhubaneswar,Home Office,Completed,Wallet
O007127,2023-08-14,C00260,East,Bhubaneswar,Home Office,Completed,Net Banking
O007128,2023-11-25,C00490,South,Hyderabad,Consumer,Completed,UPI
O007129,2024-03-17,C00404,North,Jaipur,Consumer,Completed,Debit Card
O007130,2023-01-31,C00619,West,Pune,Consumer,Completed,Credit Card
O007131,2025-09-03,C00389,North,Delhi,Consumer,Completed,Net Banking
O007132,2024-12-12,C00689,West,Surat,Consumer,Completed,UPI
O007133,2025-02-27,C00501,West,Mumbai,Consumer,Completed,Debit Card
O007134,2023-11-02,C00564,East,Kolkata,Consumer,Completed,UPI
O007135,2023-09-16,C00728,West,Mumbai,Corporate,Completed,Net Banking
O007136,2024-04-30,C00649,South,Kochi,Home Office,Completed,Net Banking
O007137,2023-06-28,C00006,West,Pune,Home Office,Completed,Debit Card
O007138,2023-08-29,C00133,West,Surat,Corporate,Completed,Net Banking
O007139,2024-12-16,C00329,North,Chandigarh,Home Office,Completed,UPI
O007140,2024-12-19,C00177,North,Delhi,Consumer,Completed,UPI
O007141,2025-10-03,C00701,South,Bengaluru,Consumer,Completed,Debit Card
O007142,2024-12-07,C00500,South,Kochi,Consumer,Completed,Debit Card
O007143,2024-10-31,C00314,North,Chandigarh,Corporate,Completed,Net Banking
O007144,2023-12-25,C00214,North,Delhi,Corporate,Completed,Wallet
O007145,2023-05-21,C00103,South,Bengaluru,Consumer,Completed,Net Banking
O007146,2023-12-14,C00374,South,Kochi,Consumer,Completed,UPI
O007147,2023-01-15,C00235,East,Kolkata,Corporate,Completed,UPI
O007148,2023-04-08,C00628,West,Ahmedabad,Corporate,Completed,UPI
O007149,2023-12-30,C00304,North,Delhi,Home Office,Completed,Credit Card
O007150,2024-02-28,C00014,West,Ahmedabad,Consumer,Completed,Credit Card
O007151,2023-10-27,C00471,North,Chandigarh,Consumer,Completed,Debit Card
O007152,2024-06-16,C00492,South,Kochi,Consumer,Completed,Credit Card
O007153,2025-08-16,C00525,East,Patna,Corporate,Completed,Debit Card
O007154,2025-06-08,C00486,North,Chandigarh,Corporate,Completed,UPI
O007155,2023-02-22,C00268,South,Kochi,Consumer,Completed,UPI
O007156,2024-10-05,C00209,South,Hyderabad,Consumer,Completed,Net Banking
O007157,2024-08-18,C00451,West,Mumbai,Home Office,Completed,UPI
O007158,2024-02-14,C00669,West,Pune,Home Office,Completed,Credit Card
O007159,2025-01-08,C00364,West,Ahmedabad,Consumer,Completed,Wallet
O007160,2024-01-11,C00657,East,Patna,Corporate,Completed,Net Banking
O007161,2024-01-20,C00170,East,Bhubaneswar,Consumer,Completed,Wallet
O007162,2023-12-09,C00011,North,Chandigarh,Corporate,Completed,Debit Card
O007163,2023-12-27,C00025,North,Chandigarh,Consumer,Completed,Wallet
O007164,2024-11-13,C00410,South,Bengaluru,Consumer,Completed,Wallet
O007165,2025-10-06,C00525,East,Patna,Corporate,Completed,Credit Card
O007166,2023-05-31,C00629,North,Delhi,Home Office,Completed,Debit Card
O007167,2024-08-13,C00658,East,Kolkata,Consumer,Completed,Wallet
O007168,2025-11-03,C00516,South,Bengaluru,Consumer,Completed,Credit Card
O007169,2025-01-11,C00658,East,Kolkata,Consumer,Completed,Wallet
O007170,2024-01-29,C00482,North,Lucknow,Home Office,Completed,Net Banking
O007171,2024-02-05,C00617,East,Kolkata,Consumer,Completed,UPI
O007172,2025-06-04,C00672,East,Bhubaneswar,Consumer,Completed,Debit Card
O007173,2025-08-21,C00028,East,Guwahati,Consumer,Completed,Net Banking
O007174,2023-08-04,C00720,East,Bhubaneswar,Consumer,Completed,UPI
O007175,2024-03-12,C00665,South,Bengaluru,Consumer,Completed,Debit Card
O007176,2025-01-14,C00489,West,Surat,Consumer,Completed,Wallet
O007177,2025-11-14,C00081,West,Pune,Corporate,Completed,UPI
O007178,2024-06-20,C00294,East,Guwahati,Consumer,Completed,Credit Card
O007179,2023-08-22,C00305,West,Surat,Consumer,Completed,UPI
O007180,2024-11-19,C00690,South,Chennai,Consumer,Completed,Wallet
O007181,2023-03-08,C00402,West,Ahmedabad,Consumer,Returned,UPI
O007182,2024-03-02,C00301,North,Lucknow,Corporate,Completed,Credit Card
O007183,2025-03-16,C00676,South,Bengaluru,Consumer,Completed,Wallet
O007184,2023-03-25,C00572,West,Surat,Consumer,Completed,Wallet
O007185,2024-01-21,C00627,West,Surat,Consumer,Completed,Net Banking
O007186,2023-06-19,C00740,South,Hyderabad,Consumer,Completed,Debit Card
O007187,2024-08-23,C00447,South,Kochi,Consumer,Completed,Wallet
O007188,2025-08-19,C00448,North,Delhi,Consumer,Completed,UPI
O007189,2024-01-09,C00069,South,Chennai,Home Office,Completed,UPI
O007190,2025-12-29,C00460,South,Bengaluru,Consumer,Completed,Wallet
O007191,2025-06-13,C00405,South,Chennai,Home Office,Completed,Wallet
O007192,2024-03-21,C00374,South,Kochi,Consumer,Completed,UPI
O007193,2024-08-17,C00194,West,Pune,Consumer,Completed,UPI
O007194,2023-12-21,C00637,East,Kolkata,Home Office,Completed,UPI
O007195,2023-10-18,C00019,West,Pune,Consumer,Completed,Net Banking
O007196,2024-03-21,C00577,East,Bhubaneswar,Home Office,Completed,Net Banking
O007197,2023-03-12,C00362,North,Jaipur,Corporate,Completed,Net Banking
O007198,2025-04-16,C00301,North,Lucknow,Corporate,Completed,Debit Card
O007199,2024-03-11,C00281,South,Chennai,Home Office,Completed,UPI
O007200,2025-04-09,C00545,South,Hyderabad,Consumer,Completed,Wallet
O007201,2024-06-02,C00100,North,Lucknow,Consumer,Completed,Debit Card
O007202,2024-02-16,C00618,South,Hyderabad,Consumer,Completed,UPI
O007203,2023-04-03,C00306,East,Guwahati,Home Office,Completed,UPI
O007204,2024-11-08,C00635,East,Patna,Corporate,Completed,Debit Card
O007205,2023-11-26,C00131,West,Ahmedabad,Corporate,Completed,UPI
O007206,2023-12-12,C00274,South,Hyderabad,Corporate,Completed,Net Banking
O007207,2023-10-12,C00008,East,Guwahati,Consumer,Completed,Wallet
O007208,2023-08-25,C00642,East,Patna,Home Office,Completed,UPI
O007209,2024-08-20,C00467,North,Jaipur,Corporate,Completed,UPI
O007210,2023-06-12,C00288,South,Kochi,Consumer,Completed,Credit Card
O007211,2025-04-02,C00748,North,Delhi,Consumer,Completed,Net Banking
O007212,2024-09-12,C00379,East,Bhubaneswar,Consumer,Completed,Wallet
O007213,2024-01-01,C00335,South,Bengaluru,Consumer,Completed,Net Banking
O007214,2023-01-27,C00103,South,Bengaluru,Consumer,Completed,Debit Card
O007215,2023-10-11,C00664,West,Pune,Consumer,Completed,Net Banking
O007216,2025-12-17,C00437,South,Chennai,Consumer,Completed,Credit Card
O007217,2023-02-09,C00093,East,Kolkata,Consumer,Completed,Debit Card
O007218,2025-02-25,C00149,South,Bengaluru,Corporate,Completed,Wallet
O007219,2023-03-22,C00162,West,Ahmedabad,Corporate,Completed,Net Banking
O007220,2023-02-01,C00207,North,Jaipur,Consumer,Completed,Debit Card
O007221,2023-06-08,C00365,East,Guwahati,Corporate,Completed,UPI
O007222,2025-06-19,C00378,West,Pune,Home Office,Completed,Credit Card
O007223,2024-05-04,C00327,North,Delhi,Consumer,Completed,Credit Card
O007224,2025-08-15,C00634,South,Hyderabad,Home Office,Completed,Net Banking
O007225,2023-06-26,C00118,East,Guwahati,Corporate,Completed,Credit Card
O007226,2023-02-20,C00135,West,Surat,Consumer,Completed,Net Banking
O007227,2025-05-01,C00011,North,Chandigarh,Corporate,Completed,UPI
O007228,2024-01-26,C00265,East,Guwahati,Consumer,Completed,Wallet
O007229,2024-08-18,C00617,East,Kolkata,Consumer,Completed,Debit Card
O007230,2024-03-10,C00058,West,Surat,Consumer,Completed,Credit Card
O007231,2024-09-29,C00015,East,Guwahati,Consumer,Completed,Debit Card
O007232,2024-02-06,C00246,East,Guwahati,Consumer,Completed,Net Banking
O007233,2024-02-05,C00174,East,Guwahati,Corporate,Completed,Credit Card
O007234,2024-01-12,C00167,South,Chennai,Home Office,Completed,Credit Card
O007235,2024-09-24,C00267,West,Pune,Home Office,Completed,Net Banking
O007236,2024-03-09,C00421,North,Chandigarh,Consumer,Completed,Net Banking
O007237,2024-10-07,C00169,North,Jaipur,Home Office,Cancelled,Net Banking
O007238,2024-08-25,C00491,East,Guwahati,Consumer,Completed,Credit Card
O007239,2023-06-06,C00583,West,Ahmedabad,Corporate,Completed,Net Banking
O007240,2025-10-27,C00641,North,Delhi,Corporate,Completed,UPI
O007241,2025-03-29,C00587,North,Jaipur,Home Office,Completed,Credit Card
O007242,2024-07-05,C00133,West,Surat,Corporate,Completed,Credit Card
O007243,2025-02-18,C00528,East,Kolkata,Consumer,Completed,Credit Card
O007244,2023-06-01,C00521,West,Pune,Home Office,Completed,Debit Card
O007245,2024-10-03,C00128,West,Mumbai,Consumer,Completed,Credit Card
O007246,2025-03-02,C00273,West,Ahmedabad,Consumer,Completed,UPI
O007247,2024-04-21,C00448,North,Delhi,Consumer,Completed,Wallet
O007248,2023-10-04,C00335,South,Bengaluru,Consumer,Completed,Wallet
O007249,2024-08-02,C00013,North,Delhi,Consumer,Completed,Net Banking
O007250,2024-12-27,C00602,East,Guwahati,Corporate,Completed,Credit Card
O007251,2024-08-02,C00332,West,Ahmedabad,Consumer,Completed,Net Banking
O007252,2025-11-21,C00471,North,Chandigarh,Consumer,Completed,UPI
O007253,2025-02-17,C00731,West,Surat,Home Office,Completed,Credit Card
O007254,2024-01-25,C00076,West,Surat,Corporate,Completed,Wallet
O007255,2023-04-05,C00215,East,Kolkata,Consumer,Completed,Credit Card
O007256,2024-08-07,C00726,North,Chandigarh,Consumer,Returned,UPI
O007257,2023-06-10,C00212,West,Surat,Corporate,Completed,Credit Card
O007258,2024-04-24,C00512,South,Hyderabad,Home Office,Completed,UPI
O007259,2023-10-13,C00229,West,Mumbai,Consumer,Completed,Debit Card
O007260,2023-11-04,C00328,South,Kochi,Consumer,Completed,UPI
O007261,2023-09-03,C00149,South,Bengaluru,Corporate,Completed,Credit Card
O007262,2025-07-26,C00440,North,Delhi,Consumer,Completed,Net Banking
O007263,2025-12-28,C00736,South,Kochi,Corporate,Completed,Debit Card
O007264,2023-08-02,C00394,East,Guwahati,Consumer,Completed,Net Banking
O007265,2024-11-24,C00250,West,Mumbai,Consumer,Completed,Wallet
O007266,2024-09-03,C00524,North,Jaipur,Consumer,Completed,UPI
O007267,2023-12-21,C00559,East,Patna,Consumer,Completed,Debit Card
O007268,2023-06-22,C00075,West,Pune,Consumer,Completed,Net Banking
O007269,2025-04-20,C00189,West,Pune,Consumer,Completed,UPI
O007270,2025-07-19,C00284,South,Hyderabad,Consumer,Completed,Credit Card
O007271,2023-12-16,C00014,West,Ahmedabad,Consumer,Completed,UPI
O007272,2023-10-18,C00455,East,Patna,Consumer,Completed,Net Banking
O007273,2023-06-27,C00737,East,Patna,Consumer,Completed,Credit Card
O007274,2024-07-13,C00414,East,Bhubaneswar,Consumer,Completed,Net Banking
O007275,2024-04-21,C00499,North,Delhi,Home Office,Completed,UPI
O007276,2024-10-17,C00378,West,Pune,Home Office,Completed,Wallet
O007277,2024-07-02,C00415,West,Mumbai,Consumer,Completed,Wallet
O007278,2024-03-06,C00054,East,Bhubaneswar,Consumer,Completed,Wallet
O007279,2023-05-31,C00307,East,Patna,Consumer,Completed,Net Banking
O007280,2023-08-06,C00372,West,Surat,Consumer,Completed,UPI
O007281,2023-12-31,C00577,East,Bhubaneswar,Home Office,Completed,UPI
O007282,2025-01-22,C00225,West,Mumbai,Consumer,Completed,Debit Card
O007283,2025-02-25,C00517,North,Jaipur,Home Office,Completed,Credit Card
O007284,2024-11-22,C00055,South,Hyderabad,Consumer,Completed,Debit Card
O007285,2023-04-09,C00741,East,Kolkata,Home Office,Completed,Credit Card
O007286,2023-06-17,C00177,North,Delhi,Consumer,Completed,Credit Card
O007287,2025-07-16,C00375,East,Guwahati,Home Office,Completed,Wallet
O007288,2024-07-16,C00358,West,Mumbai,Consumer,Completed,UPI
O007289,2024-02-12,C00668,North,Lucknow,Consumer,Completed,UPI
O007290,2024-12-13,C00548,East,Bhubaneswar,Consumer,Completed,UPI
O007291,2024-03-17,C00015,East,Guwahati,Consumer,Completed,Wallet
O007292,2023-12-20,C00420,West,Ahmedabad,Home Office,Completed,UPI
O007293,2024-07-15,C00040,North,Chandigarh,Consumer,Completed,Credit Card
O007294,2024-11-02,C00576,North,Delhi,Consumer,Completed,Net Banking
O007295,2025-05-09,C00182,West,Pune,Consumer,Completed,UPI
O007296,2023-05-06,C00702,West,Pune,Consumer,Completed,UPI
O007297,2024-02-10,C00519,North,Delhi,Consumer,Completed,Net Banking
O007298,2023-05-25,C00554,West,Mumbai,Consumer,Completed,Net Banking
O007299,2024-07-02,C00728,West,Mumbai,Corporate,Completed,UPI
O007300,2025-12-05,C00057,East,Bhubaneswar,Consumer,Completed,Wallet
O007301,2025-03-08,C00360,West,Surat,Consumer,Completed,Debit Card
O007302,2023-04-25,C00045,West,Mumbai,Home Office,Completed,Debit Card
O007303,2025-10-17,C00719,South,Hyderabad,Consumer,Completed,Wallet
O007304,2023-06-02,C00002,North,Jaipur,Consumer,Completed,Wallet
O007305,2024-08-26,C00071,South,Kochi,Consumer,Completed,UPI
O007306,2025-06-17,C00738,East,Kolkata,Consumer,Completed,Wallet
O007307,2025-02-08,C00319,South,Kochi,Consumer,Completed,Wallet
O007308,2025-01-13,C00337,East,Bhubaneswar,Consumer,Completed,UPI
O007309,2024-09-16,C00442,North,Jaipur,Corporate,Completed,UPI
O007310,2023-11-22,C00103,South,Bengaluru,Consumer,Completed,Net Banking
O007311,2025-05-09,C00115,East,Patna,Consumer,Completed,UPI
O007312,2023-09-01,C00312,North,Lucknow,Consumer,Completed,Wallet
O007313,2023-02-06,C00047,West,Surat,Corporate,Completed,Debit Card
O007314,2025-05-15,C00316,West,Pune,Corporate,Completed,Net Banking
O007315,2024-01-09,C00168,South,Bengaluru,Consumer,Completed,Net Banking
O007316,2025-05-12,C00070,North,Jaipur,Consumer,Completed,Credit Card
O007317,2024-01-20,C00040,North,Chandigarh,Consumer,Completed,Wallet
O007318,2024-06-12,C00493,North,Chandigarh,Corporate,Completed,Wallet
O007319,2024-01-27,C00625,East,Bhubaneswar,Home Office,Completed,Wallet
O007320,2025-10-12,C00631,West,Mumbai,Consumer,Completed,Credit Card
O007321,2024-03-24,C00657,East,Patna,Corporate,Completed,UPI
O007322,2023-04-08,C00636,East,Guwahati,Consumer,Completed,Debit Card
O007323,2024-09-25,C00403,East,Guwahati,Consumer,Completed,Debit Card
O007324,2023-03-28,C00039,South,Hyderabad,Home Office,Completed,Wallet
O007325,2025-09-27,C00566,North,Lucknow,Home Office,Completed,UPI
O007326,2024-10-27,C00505,West,Pune,Home Office,Completed,Credit Card
O007327,2025-03-19,C00100,North,Lucknow,Consumer,Completed,UPI
O007328,2025-11-23,C00632,North,Lucknow,Consumer,Completed,UPI
O007329,2025-04-25,C00501,West,Mumbai,Consumer,Completed,UPI
O007330,2025-07-21,C00390,South,Kochi,Consumer,Completed,Debit Card
O007331,2024-01-04,C00312,North,Lucknow,Consumer,Completed,Wallet
O007332,2025-08-04,C00304,North,Delhi,Home Office,Completed,Debit Card
O007333,2023-12-02,C00041,South,Kochi,Corporate,Completed,UPI
O007334,2024-10-21,C00138,West,Ahmedabad,Consumer,Completed,Wallet
O007335,2025-12-27,C00707,East,Kolkata,Consumer,Completed,UPI
O007336,2024-04-07,C00721,West,Pune,Consumer,Completed,Debit Card
O007337,2023-06-15,C00094,East,Kolkata,Consumer,Completed,Debit Card
O007338,2024-09-26,C00638,North,Jaipur,Corporate,Returned,Wallet
O007339,2023-06-03,C00286,South,Bengaluru,Consumer,Completed,Credit Card
O007340,2025-01-02,C00285,West,Pune,Consumer,Completed,Credit Card
O007341,2024-04-21,C00133,West,Surat,Corporate,Completed,Debit Card
O007342,2024-10-14,C00164,West,Surat,Consumer,Completed,UPI
O007343,2024-10-21,C00599,North,Lucknow,Consumer,Completed,Net Banking
O007344,2024-01-21,C00002,North,Jaipur,Consumer,Completed,UPI
O007345,2023-06-05,C00601,East,Bhubaneswar,Consumer,Completed,Wallet
O007346,2024-07-25,C00686,North,Delhi,Corporate,Completed,Wallet
O007347,2025-02-01,C00294,East,Guwahati,Consumer,Completed,Debit Card
O007348,2025-04-07,C00392,West,Surat,Home Office,Completed,UPI
O007349,2023-04-27,C00600,South,Bengaluru,Home Office,Completed,Wallet
O007350,2024-12-04,C00140,West,Mumbai,Consumer,Completed,Debit Card
O007351,2025-05-23,C00573,North,Chandigarh,Consumer,Completed,Debit Card
O007352,2025-07-08,C00419,South,Chennai,Home Office,Completed,Credit Card
O007353,2023-02-14,C00141,North,Lucknow,Home Office,Completed,Credit Card
O007354,2024-03-10,C00250,West,Mumbai,Consumer,Completed,Credit Card
O007355,2025-09-06,C00718,North,Delhi,Corporate,Completed,Net Banking
O007356,2024-01-14,C00675,East,Bhubaneswar,Home Office,Completed,Debit Card
O007357,2025-11-29,C00084,East,Bhubaneswar,Consumer,Completed,Wallet
O007358,2024-10-27,C00362,North,Jaipur,Corporate,Completed,Credit Card
O007359,2025-05-07,C00615,West,Mumbai,Consumer,Completed,UPI
O007360,2025-09-23,C00634,South,Hyderabad,Home Office,Completed,Debit Card
O007361,2025-06-14,C00273,West,Ahmedabad,Consumer,Completed,Debit Card
O007362,2025-01-20,C00715,East,Patna,Consumer,Completed,Credit Card
O007363,2025-07-07,C00559,East,Patna,Consumer,Completed,Wallet
O007364,2025-01-13,C00219,North,Jaipur,Home Office,Completed,Wallet
O007365,2025-10-01,C00479,South,Kochi,Consumer,Completed,Net Banking
O007366,2025-06-22,C00364,West,Ahmedabad,Consumer,Completed,Wallet
O007367,2025-07-01,C00451,West,Mumbai,Home Office,Completed,UPI
O007368,2025-12-08,C00059,South,Kochi,Consumer,Completed,Net Banking
O007369,2023-04-23,C00692,North,Chandigarh,Consumer,Completed,Debit Card
O007370,2023-12-24,C00353,South,Kochi,Consumer,Completed,Net Banking
O007371,2024-11-07,C00090,East,Guwahati,Consumer,Completed,Debit Card
O007372,2024-04-21,C00252,South,Kochi,Consumer,Completed,Credit Card
O007373,2025-12-03,C00303,North,Delhi,Consumer,Completed,UPI
O007374,2025-12-24,C00572,West,Surat,Consumer,Completed,Debit Card
O007375,2025-06-13,C00606,North,Delhi,Consumer,Completed,Debit Card
O007376,2024-04-30,C00729,West,Ahmedabad,Consumer,Completed,Debit Card
O007377,2025-01-26,C00056,West,Mumbai,Consumer,Completed,Credit Card
O007378,2024-06-22,C00303,North,Delhi,Consumer,Returned,Net Banking
O007379,2025-07-15,C00561,East,Kolkata,Consumer,Returned,UPI
O007380,2024-01-04,C00346,North,Delhi,Consumer,Completed,UPI
O007381,2024-03-14,C00501,West,Mumbai,Consumer,Completed,Debit Card
O007382,2025-11-28,C00347,West,Ahmedabad,Consumer,Completed,Debit Card
O007383,2024-11-12,C00523,West,Mumbai,Consumer,Completed,Credit Card
O007384,2023-11-03,C00346,North,Delhi,Consumer,Completed,UPI
O007385,2024-05-08,C00055,South,Hyderabad,Consumer,Completed,Debit Card
O007386,2025-11-25,C00096,South,Kochi,Corporate,Completed,Net Banking
O007387,2025-11-22,C00143,North,Lucknow,Consumer,Completed,UPI
O007388,2024-01-24,C00495,North,Chandigarh,Home Office,Completed,Wallet
O007389,2025-12-11,C00205,North,Jaipur,Corporate,Completed,Wallet
O007390,2023-05-06,C00332,West,Ahmedabad,Consumer,Completed,Debit Card
O007391,2025-08-15,C00702,West,Pune,Consumer,Returned,Net Banking
O007392,2024-08-18,C00191,North,Lucknow,Home Office,Returned,Wallet
O007393,2025-10-20,C00465,West,Ahmedabad,Consumer,Completed,Credit Card
O007394,2023-06-18,C00087,South,Kochi,Home Office,Completed,Credit Card
O007395,2023-03-29,C00021,South,Kochi,Consumer,Completed,Wallet
O007396,2023-04-01,C00566,North,Lucknow,Home Office,Completed,Credit Card
O007397,2023-06-01,C00325,North,Lucknow,Home Office,Completed,Wallet
O007398,2024-12-25,C00729,West,Ahmedabad,Consumer,Completed,UPI
O007399,2025-03-05,C00030,South,Bengaluru,Consumer,Completed,Wallet
O007400,2025-07-14,C00350,East,Patna,Consumer,Completed,Credit Card
O007401,2023-12-27,C00222,West,Surat,Corporate,Completed,Net Banking
O007402,2025-11-09,C00338,East,Patna,Consumer,Completed,Debit Card
O007403,2024-03-24,C00145,East,Patna,Consumer,Completed,Credit Card
O007404,2023-10-15,C00554,West,Mumbai,Consumer,Completed,Debit Card
O007405,2024-05-12,C00643,West,Pune,Consumer,Completed,Credit Card
O007406,2023-04-23,C00042,East,Guwahati,Consumer,Completed,Net Banking
O007407,2024-07-22,C00600,South,Bengaluru,Home Office,Completed,Credit Card
O007408,2023-07-10,C00658,East,Kolkata,Consumer,Completed,Wallet
O007409,2025-10-24,C00728,West,Mumbai,Corporate,Completed,Credit Card
O007410,2024-11-06,C00430,East,Patna,Consumer,Completed,Credit Card
O007411,2024-09-06,C00727,East,Patna,Home Office,Completed,Net Banking
O007412,2024-10-29,C00116,South,Kochi,Consumer,Returned,Net Banking
O007413,2025-12-14,C00151,West,Ahmedabad,Consumer,Completed,Credit Card
O007414,2024-07-26,C00282,North,Jaipur,Consumer,Completed,Wallet
O007415,2023-01-30,C00171,North,Lucknow,Consumer,Completed,Wallet
O007416,2025-09-02,C00064,South,Hyderabad,Consumer,Completed,Net Banking
O007417,2024-12-17,C00535,East,Kolkata,Home Office,Completed,Net Banking
O007418,2024-09-18,C00420,West,Ahmedabad,Home Office,Completed,Wallet
O007419,2025-06-17,C00109,West,Mumbai,Consumer,Completed,Credit Card
O007420,2025-06-09,C00453,East,Patna,Consumer,Completed,UPI
O007421,2025-02-14,C00731,West,Surat,Home Office,Completed,UPI
O007422,2025-04-08,C00199,West,Mumbai,Corporate,Completed,Credit Card
O007423,2024-12-08,C00582,South,Bengaluru,Consumer,Completed,UPI
O007424,2023-06-08,C00476,East,Kolkata,Home Office,Completed,UPI
O007425,2023-03-24,C00426,West,Pune,Corporate,Completed,Credit Card
O007426,2023-09-26,C00619,West,Pune,Consumer,Completed,Debit Card
O007427,2025-02-24,C00456,North,Delhi,Consumer,Completed,UPI
O007428,2023-07-08,C00598,North,Delhi,Consumer,Completed,Net Banking
O007429,2024-12-22,C00234,West,Ahmedabad,Consumer,Completed,Net Banking
O007430,2025-11-20,C00150,East,Patna,Corporate,Completed,Credit Card
O007431,2023-09-06,C00031,North,Lucknow,Consumer,Completed,UPI
O007432,2023-11-11,C00731,West,Surat,Home Office,Completed,Net Banking
O007433,2023-05-05,C00162,West,Ahmedabad,Corporate,Completed,Net Banking
O007434,2024-06-10,C00080,East,Guwahati,Corporate,Completed,Net Banking
O007435,2025-02-14,C00134,East,Patna,Consumer,Completed,Debit Card
O007436,2025-04-23,C00188,South,Bengaluru,Consumer,Completed,Debit Card
O007437,2023-01-18,C00528,East,Kolkata,Consumer,Completed,UPI
O007438,2024-03-09,C00742,South,Kochi,Consumer,Returned,UPI
O007439,2023-02-05,C00449,East,Guwahati,Home Office,Completed,Debit Card
O007440,2024-04-01,C00745,North,Chandigarh,Consumer,Completed,Credit Card
O007441,2023-10-17,C00313,South,Hyderabad,Consumer,Completed,Net Banking
O007442,2025-06-14,C00443,East,Kolkata,Consumer,Completed,UPI
O007443,2024-12-20,C00468,North,Lucknow,Consumer,Completed,Credit Card
O007444,2024-03-16,C00692,North,Chandigarh,Consumer,Completed,UPI
O007445,2024-08-07,C00540,East,Bhubaneswar,Consumer,Completed,Net Banking
O007446,2024-04-06,C00054,East,Bhubaneswar,Consumer,Completed,Debit Card
O007447,2025-12-12,C00236,East,Patna,Consumer,Completed,Debit Card
O007448,2025-08-01,C00717,South,Bengaluru,Consumer,Completed,Wallet
O007449,2024-04-02,C00134,East,Patna,Consumer,Completed,Wallet
O007450,2024-07-29,C00749,North,Lucknow,Consumer,Completed,Debit Card
O007451,2023-02-03,C00150,East,Patna,Corporate,Completed,Credit Card
O007452,2025-11-03,C00729,West,Ahmedabad,Consumer,Returned,Wallet
O007453,2024-09-24,C00255,East,Guwahati,Consumer,Completed,Debit Card
O007454,2024-10-23,C00267,West,Pune,Home Office,Completed,Net Banking
O007455,2023-03-19,C00269,West,Ahmedabad,Consumer,Completed,UPI
O007456,2024-12-09,C00748,North,Delhi,Consumer,Completed,Net Banking
O007457,2024-04-22,C00204,East,Bhubaneswar,Consumer,Completed,Net Banking
O007458,2023-12-04,C00612,East,Guwahati,Corporate,Completed,Wallet
O007459,2023-01-01,C00304,North,Delhi,Home Office,Completed,Net Banking
O007460,2025-03-06,C00352,West,Mumbai,Home Office,Returned,UPI
O007461,2023-06-23,C00133,West,Surat,Corporate,Completed,UPI
O007462,2025-09-11,C00133,West,Surat,Corporate,Completed,Wallet
O007463,2024-05-01,C00724,South,Kochi,Home Office,Completed,Credit Card
O007464,2025-02-11,C00698,North,Delhi,Consumer,Returned,Credit Card
O007465,2025-10-24,C00457,South,Hyderabad,Home Office,Completed,Debit Card
O007466,2025-03-19,C00519,North,Delhi,Consumer,Completed,Wallet
O007467,2025-02-21,C00182,West,Pune,Consumer,Completed,Wallet
O007468,2023-11-10,C00596,South,Chennai,Consumer,Completed,Credit Card
O007469,2024-12-17,C00078,East,Guwahati,Consumer,Completed,Credit Card
O007470,2024-06-04,C00666,West,Surat,Consumer,Completed,Wallet
O007471,2025-11-26,C00610,South,Hyderabad,Home Office,Completed,Credit Card
O007472,2023-06-24,C00333,East,Kolkata,Corporate,Completed,Net Banking
O007473,2025-06-25,C00286,South,Bengaluru,Consumer,Completed,Credit Card
O007474,2023-10-09,C00615,West,Mumbai,Consumer,Completed,Credit Card
O007475,2023-04-20,C00616,North,Delhi,Corporate,Completed,Debit Card
O007476,2023-08-05,C00611,East,Guwahati,Consumer,Completed,UPI
O007477,2023-02-06,C00084,East,Bhubaneswar,Consumer,Completed,UPI
O007478,2023-12-12,C00482,North,Lucknow,Home Office,Completed,Credit Card
O007479,2023-11-28,C00490,South,Hyderabad,Consumer,Completed,UPI
O007480,2023-11-04,C00541,North,Delhi,Consumer,Completed,Debit Card
O007481,2025-02-11,C00147,North,Chandigarh,Home Office,Completed,Debit Card
O007482,2025-05-23,C00518,South,Kochi,Consumer,Completed,Wallet
O007483,2024-02-06,C00342,South,Hyderabad,Consumer,Completed,Net Banking
O007484,2024-09-25,C00164,West,Surat,Consumer,Completed,UPI
O007485,2024-08-19,C00180,East,Guwahati,Consumer,Completed,Wallet
O007486,2023-01-31,C00724,South,Kochi,Home Office,Completed,Net Banking
O007487,2024-12-12,C00452,South,Kochi,Consumer,Completed,Wallet
O007488,2025-02-14,C00677,South,Bengaluru,Corporate,Completed,Wallet
O007489,2023-08-31,C00581,East,Kolkata,Home Office,Completed,Credit Card
O007490,2025-07-26,C00193,North,Jaipur,Consumer,Completed,Net Banking
O007491,2024-12-28,C00655,North,Lucknow,Consumer,Completed,Net Banking
O007492,2025-06-24,C00376,East,Guwahati,Consumer,Completed,Net Banking
O007493,2025-09-14,C00460,South,Bengaluru,Consumer,Completed,Wallet
O007494,2023-02-02,C00520,North,Lucknow,Consumer,Completed,Net Banking
O007495,2025-12-10,C00470,North,Chandigarh,Corporate,Completed,Credit Card
O007496,2024-05-04,C00026,North,Chandigarh,Consumer,Completed,Credit Card
O007497,2025-06-07,C00382,East,Guwahati,Home Office,Completed,Net Banking
O007498,2024-05-18,C00542,West,Ahmedabad,Consumer,Completed,Net Banking
O007499,2023-01-07,C00423,North,Jaipur,Consumer,Completed,Credit Card
O007500,2023-10-05,C00028,East,Guwahati,Consumer,Completed,Net Banking
O007501,2023-12-09,C00346,North,Delhi,Consumer,Completed,Debit Card
O007502,2024-11-14,C00352,West,Mumbai,Home Office,Completed,UPI
O007503,2025-06-17,C00556,South,Bengaluru,Corporate,Completed,Wallet
O007504,2023-01-21,C00384,South,Kochi,Corporate,Completed,UPI
O007505,2024-12-09,C00678,North,Lucknow,Consumer,Completed,Net Banking
O007506,2023-01-07,C00683,North,Chandigarh,Consumer,Returned,Net Banking
O007507,2023-09-12,C00681,West,Surat,Corporate,Completed,Debit Card
O007508,2025-12-18,C00415,West,Mumbai,Consumer,Completed,UPI
O007509,2024-05-28,C00455,East,Patna,Consumer,Completed,Net Banking
O007510,2025-07-21,C00082,North,Delhi,Consumer,Completed,Credit Card
O007511,2025-10-05,C00694,North,Delhi,Consumer,Completed,Debit Card
O007512,2025-03-26,C00380,West,Mumbai,Home Office,Completed,Wallet
O007513,2023-06-06,C00084,East,Bhubaneswar,Consumer,Completed,Debit Card
O007514,2023-11-22,C00092,North,Lucknow,Home Office,Completed,UPI
O007515,2023-11-03,C00198,West,Ahmedabad,Consumer,Completed,Net Banking
O007516,2023-03-08,C00500,South,Kochi,Consumer,Completed,UPI
O007517,2023-07-04,C00423,North,Jaipur,Consumer,Completed,Debit Card
O007518,2023-06-30,C00708,North,Chandigarh,Corporate,Completed,Debit Card
O007519,2024-11-02,C00472,South,Bengaluru,Home Office,Returned,Debit Card
O007520,2025-01-15,C00142,East,Patna,Corporate,Completed,Wallet
O007521,2023-06-28,C00622,West,Surat,Consumer,Completed,Credit Card
O007522,2025-02-21,C00098,East,Patna,Home Office,Completed,Wallet
O007523,2025-03-29,C00652,West,Ahmedabad,Home Office,Completed,Debit Card
O007524,2024-03-03,C00743,South,Bengaluru,Home Office,Completed,UPI
O007525,2023-05-12,C00636,East,Guwahati,Consumer,Completed,Wallet
O007526,2025-05-24,C00326,South,Hyderabad,Consumer,Completed,Credit Card
O007527,2024-06-26,C00535,East,Kolkata,Home Office,Completed,Debit Card
O007528,2025-06-06,C00631,West,Mumbai,Consumer,Completed,Debit Card
O007529,2024-03-18,C00109,West,Mumbai,Consumer,Completed,Debit Card
O007530,2024-02-07,C00405,South,Chennai,Home Office,Completed,Credit Card
O007531,2023-11-11,C00609,South,Hyderabad,Consumer,Completed,Net Banking
O007532,2023-06-25,C00433,West,Ahmedabad,Consumer,Completed,UPI
O007533,2023-12-21,C00525,East,Patna,Corporate,Completed,Credit Card
O007534,2025-11-23,C00061,South,Kochi,Home Office,Completed,Credit Card
O007535,2023-02-05,C00628,West,Ahmedabad,Corporate,Completed,Net Banking
O007536,2024-03-08,C00419,South,Chennai,Home Office,Completed,Credit Card
O007537,2025-03-11,C00282,North,Jaipur,Consumer,Completed,Wallet
O007538,2025-05-27,C00408,East,Bhubaneswar,Consumer,Completed,Wallet
O007539,2023-12-12,C00673,East,Patna,Consumer,Returned,Credit Card
O007540,2023-01-06,C00275,South,Hyderabad,Consumer,Completed,Credit Card
O007541,2023-12-15,C00644,South,Kochi,Consumer,Completed,Net Banking
O007542,2025-03-30,C00448,North,Delhi,Consumer,Completed,Net Banking
O007543,2023-06-24,C00419,South,Chennai,Home Office,Completed,Credit Card
O007544,2024-04-30,C00679,South,Chennai,Consumer,Returned,UPI
O007545,2024-05-24,C00742,South,Kochi,Consumer,Completed,Debit Card
O007546,2025-06-03,C00381,South,Hyderabad,Home Office,Completed,Credit Card
O007547,2024-09-29,C00657,East,Patna,Corporate,Completed,Wallet
O007548,2024-06-03,C00730,East,Patna,Consumer,Completed,UPI
O007549,2025-05-28,C00331,West,Ahmedabad,Consumer,Completed,Wallet
O007550,2023-09-21,C00394,East,Guwahati,Consumer,Completed,UPI
O007551,2025-03-30,C00449,East,Guwahati,Home Office,Completed,Credit Card
O007552,2025-12-07,C00099,West,Ahmedabad,Consumer,Completed,Net Banking
O007553,2024-04-17,C00119,East,Kolkata,Consumer,Completed,Credit Card
O007554,2023-10-10,C00722,East,Guwahati,Consumer,Completed,Wallet
O007555,2024-03-15,C00524,North,Jaipur,Consumer,Completed,Debit Card
O007556,2023-08-02,C00744,South,Chennai,Consumer,Cancelled,Net Banking
O007557,2024-07-27,C00574,South,Hyderabad,Consumer,Completed,UPI
O007558,2025-06-25,C00657,East,Patna,Corporate,Completed,UPI
O007559,2024-12-05,C00473,East,Bhubaneswar,Consumer,Completed,Credit Card
O007560,2023-12-28,C00633,East,Patna,Corporate,Completed,Debit Card
O007561,2025-02-05,C00216,South,Chennai,Corporate,Completed,UPI
O007562,2025-07-09,C00193,North,Jaipur,Consumer,Completed,Wallet
O007563,2023-09-05,C00362,North,Jaipur,Corporate,Completed,Credit Card
O007564,2024-12-10,C00601,East,Bhubaneswar,Consumer,Completed,UPI
O007565,2024-06-14,C00406,South,Chennai,Consumer,Completed,Wallet
O007566,2024-05-27,C00054,East,Bhubaneswar,Consumer,Completed,Wallet
O007567,2024-05-01,C00483,South,Bengaluru,Consumer,Completed,UPI
O007568,2023-04-07,C00380,West,Mumbai,Home Office,Completed,UPI
O007569,2025-10-24,C00087,South,Kochi,Home Office,Completed,Wallet
O007570,2024-07-14,C00504,East,Patna,Consumer,Completed,Credit Card
O007571,2023-04-12,C00498,North,Lucknow,Consumer,Completed,Wallet
O007572,2023-01-24,C00593,West,Pune,Home Office,Completed,Credit Card
O007573,2023-12-13,C00478,South,Chennai,Consumer,Completed,Wallet
O007574,2025-11-15,C00058,West,Surat,Consumer,Completed,UPI
O007575,2024-04-20,C00746,North,Chandigarh,Consumer,Completed,UPI
O007576,2025-08-16,C00094,East,Kolkata,Consumer,Completed,UPI
O007577,2025-10-01,C00729,West,Ahmedabad,Consumer,Completed,Credit Card
O007578,2024-08-24,C00673,East,Patna,Consumer,Completed,Wallet
O007579,2025-01-26,C00642,East,Patna,Home Office,Completed,Debit Card
O007580,2023-06-22,C00300,East,Bhubaneswar,Consumer,Completed,UPI
O007581,2023-02-14,C00164,West,Surat,Consumer,Completed,UPI
O007582,2023-07-30,C00741,East,Kolkata,Home Office,Completed,Debit Card
O007583,2025-10-22,C00335,South,Bengaluru,Consumer,Completed,UPI
O007584,2023-10-26,C00527,West,Ahmedabad,Consumer,Completed,Credit Card
O007585,2024-07-05,C00281,South,Chennai,Home Office,Completed,Wallet
O007586,2025-05-23,C00339,South,Kochi,Consumer,Completed,Credit Card
O007587,2024-11-26,C00646,East,Patna,Consumer,Completed,Wallet
O007588,2024-09-10,C00207,North,Jaipur,Consumer,Completed,UPI
O007589,2025-08-15,C00232,North,Delhi,Consumer,Completed,Credit Card
O007590,2025-04-02,C00618,South,Hyderabad,Consumer,Completed,Credit Card
O007591,2024-02-18,C00139,East,Bhubaneswar,Consumer,Returned,UPI
O007592,2025-02-02,C00066,West,Surat,Home Office,Returned,Net Banking
O007593,2025-05-11,C00426,West,Pune,Corporate,Completed,Debit Card
O007594,2024-03-29,C00323,North,Lucknow,Home Office,Completed,Credit Card
O007595,2023-08-26,C00476,East,Kolkata,Home Office,Completed,Wallet
O007596,2024-11-23,C00518,South,Kochi,Consumer,Completed,Wallet
O007597,2024-11-18,C00042,East,Guwahati,Consumer,Completed,Debit Card
O007598,2023-09-03,C00284,South,Hyderabad,Consumer,Completed,Debit Card
O007599,2023-02-17,C00138,West,Ahmedabad,Consumer,Completed,Net Banking
O007600,2024-05-22,C00053,West,Surat,Home Office,Completed,Net Banking
O007601,2024-12-12,C00713,North,Jaipur,Consumer,Returned,Net Banking
O007602,2025-10-22,C00014,West,Ahmedabad,Consumer,Completed,Credit Card
O007603,2025-03-31,C00693,North,Chandigarh,Consumer,Completed,Credit Card
O007604,2024-07-06,C00712,South,Chennai,Corporate,Completed,Wallet
O007605,2024-02-24,C00289,West,Surat,Consumer,Cancelled,UPI
O007606,2025-12-10,C00415,West,Mumbai,Consumer,Completed,Net Banking
O007607,2023-07-11,C00621,South,Bengaluru,Corporate,Completed,Credit Card
O007608,2023-06-25,C00346,North,Delhi,Consumer,Completed,Net Banking
O007609,2025-02-27,C00604,South,Kochi,Corporate,Completed,Credit Card
O007610,2023-04-09,C00559,East,Patna,Consumer,Completed,Wallet
O007611,2023-02-25,C00349,West,Mumbai,Corporate,Completed,Net Banking
O007612,2025-07-05,C00576,North,Delhi,Consumer,Completed,Net Banking
O007613,2025-01-26,C00169,North,Jaipur,Home Office,Completed,Wallet
O007614,2023-11-29,C00030,South,Bengaluru,Consumer,Completed,Wallet
O007615,2024-02-05,C00503,North,Lucknow,Consumer,Completed,Net Banking
O007616,2025-02-27,C00056,West,Mumbai,Consumer,Completed,Debit Card
O007617,2025-08-04,C00352,West,Mumbai,Home Office,Completed,UPI
O007618,2023-01-15,C00304,North,Delhi,Home Office,Completed,Net Banking
O007619,2024-05-03,C00202,East,Guwahati,Home Office,Completed,Credit Card
O007620,2023-02-16,C00711,East,Guwahati,Consumer,Completed,Credit Card
O007621,2024-05-26,C00292,West,Mumbai,Corporate,Completed,Wallet
O007622,2023-08-27,C00176,West,Mumbai,Corporate,Completed,Debit Card
O007623,2023-07-15,C00449,East,Guwahati,Home Office,Completed,Credit Card
O007624,2024-06-23,C00737,East,Patna,Consumer,Completed,UPI
O007625,2023-05-06,C00053,West,Surat,Home Office,Completed,Debit Card
O007626,2025-06-27,C00136,West,Mumbai,Consumer,Completed,Debit Card
O007627,2024-09-09,C00334,South,Chennai,Consumer,Completed,Net Banking
O007628,2023-05-11,C00146,West,Pune,Consumer,Completed,UPI
O007629,2024-06-25,C00574,South,Hyderabad,Consumer,Completed,Debit Card
O007630,2024-09-13,C00066,West,Surat,Home Office,Completed,Credit Card
O007631,2023-08-13,C00097,East,Guwahati,Consumer,Completed,Wallet
O007632,2025-07-24,C00431,East,Guwahati,Home Office,Completed,UPI
O007633,2025-07-25,C00457,South,Hyderabad,Home Office,Completed,Debit Card
O007634,2024-09-01,C00543,East,Patna,Consumer,Returned,Debit Card
O007635,2025-09-11,C00231,South,Bengaluru,Consumer,Completed,Wallet
O007636,2023-05-15,C00711,East,Guwahati,Consumer,Completed,UPI
O007637,2025-08-26,C00250,West,Mumbai,Consumer,Completed,UPI
O007638,2025-05-13,C00154,North,Jaipur,Home Office,Completed,Credit Card
O007639,2025-07-30,C00031,North,Lucknow,Consumer,Completed,Credit Card
O007640,2024-04-13,C00500,South,Kochi,Consumer,Completed,Net Banking
O007641,2025-07-05,C00613,North,Chandigarh,Consumer,Completed,UPI
O007642,2024-02-22,C00346,North,Delhi,Consumer,Returned,Debit Card
O007643,2024-06-16,C00543,East,Patna,Consumer,Completed,Wallet
O007644,2023-09-20,C00432,South,Kochi,Home Office,Completed,UPI
O007645,2023-04-16,C00742,South,Kochi,Consumer,Completed,UPI
O007646,2024-07-18,C00501,West,Mumbai,Consumer,Completed,Net Banking
O007647,2023-07-12,C00059,South,Kochi,Consumer,Completed,Credit Card
O007648,2023-08-20,C00739,South,Bengaluru,Corporate,Completed,Net Banking
O007649,2023-12-30,C00692,North,Chandigarh,Consumer,Completed,Net Banking
O007650,2024-08-12,C00409,East,Bhubaneswar,Consumer,Completed,Wallet
O007651,2025-04-29,C00709,West,Pune,Corporate,Completed,UPI
O007652,2025-02-13,C00146,West,Pune,Consumer,Completed,UPI
O007653,2024-02-29,C00255,East,Guwahati,Consumer,Completed,UPI
O007654,2025-11-14,C00603,North,Delhi,Consumer,Cancelled,Debit Card
O007655,2024-11-19,C00660,South,Bengaluru,Consumer,Returned,Credit Card
O007656,2023-08-01,C00067,North,Chandigarh,Corporate,Completed,UPI
O007657,2023-06-09,C00122,East,Kolkata,Home Office,Completed,Debit Card
O007658,2025-01-18,C00443,East,Kolkata,Consumer,Completed,Net Banking
O007659,2023-11-05,C00094,East,Kolkata,Consumer,Completed,UPI
O007660,2023-10-07,C00404,North,Jaipur,Consumer,Completed,Debit Card
O007661,2023-09-08,C00689,West,Surat,Consumer,Returned,Wallet
O007662,2023-12-20,C00172,West,Surat,Consumer,Completed,Credit Card
O007663,2023-09-22,C00039,South,Hyderabad,Home Office,Returned,Net Banking
O007664,2024-09-29,C00482,North,Lucknow,Home Office,Completed,Debit Card
O007665,2023-06-23,C00282,North,Jaipur,Consumer,Completed,UPI
O007666,2023-05-21,C00447,South,Kochi,Consumer,Returned,Net Banking
O007667,2023-01-18,C00189,West,Pune,Consumer,Returned,Net Banking
O007668,2025-08-22,C00029,North,Chandigarh,Corporate,Completed,UPI
O007669,2023-07-11,C00163,West,Mumbai,Consumer,Completed,UPI
O007670,2023-03-24,C00721,West,Pune,Consumer,Completed,Debit Card
O007671,2025-03-14,C00651,West,Surat,Consumer,Completed,UPI
O007672,2024-09-29,C00572,West,Surat,Consumer,Completed,Net Banking
O007673,2024-12-10,C00410,South,Bengaluru,Consumer,Completed,Net Banking
O007674,2024-01-07,C00568,South,Bengaluru,Consumer,Completed,Credit Card
O007675,2024-01-10,C00050,South,Chennai,Consumer,Completed,Debit Card
O007676,2024-07-02,C00133,West,Surat,Corporate,Completed,Net Banking
O007677,2025-06-11,C00040,North,Chandigarh,Consumer,Completed,Debit Card
O007678,2024-03-12,C00729,West,Ahmedabad,Consumer,Returned,UPI
O007679,2024-06-08,C00083,West,Pune,Consumer,Completed,Debit Card
O007680,2024-12-02,C00316,West,Pune,Corporate,Completed,UPI
O007681,2025-04-11,C00059,South,Kochi,Consumer,Completed,Net Banking
O007682,2023-09-04,C00353,South,Kochi,Consumer,Completed,Debit Card
O007683,2024-08-16,C00248,North,Lucknow,Consumer,Completed,Debit Card
O007684,2024-09-14,C00243,East,Patna,Home Office,Completed,Debit Card
O007685,2024-09-08,C00010,West,Ahmedabad,Consumer,Completed,Wallet
O007686,2023-07-10,C00053,West,Surat,Home Office,Completed,UPI
O007687,2024-03-25,C00611,East,Guwahati,Consumer,Completed,Wallet
O007688,2023-09-23,C00082,North,Delhi,Consumer,Completed,UPI
O007689,2023-09-28,C00439,East,Guwahati,Corporate,Completed,Debit Card
O007690,2023-10-29,C00237,South,Chennai,Home Office,Completed,Credit Card
O007691,2023-05-04,C00515,North,Chandigarh,Consumer,Returned,Credit Card
O007692,2024-06-06,C00247,South,Chennai,Corporate,Completed,Net Banking
O007693,2024-12-04,C00220,South,Chennai,Consumer,Completed,UPI
O007694,2025-11-10,C00711,East,Guwahati,Consumer,Completed,Debit Card
O007695,2024-11-26,C00178,East,Bhubaneswar,Home Office,Completed,UPI
O007696,2024-06-26,C00267,West,Pune,Home Office,Completed,Net Banking
O007697,2025-04-13,C00089,East,Guwahati,Corporate,Completed,Net Banking
O007698,2023-11-28,C00434,East,Guwahati,Home Office,Completed,Debit Card
O007699,2025-04-18,C00111,East,Patna,Consumer,Returned,Wallet
O007700,2025-07-15,C00719,South,Hyderabad,Consumer,Completed,Debit Card
O007701,2025-02-27,C00462,South,Hyderabad,Home Office,Completed,Debit Card
O007702,2023-01-07,C00194,West,Pune,Consumer,Completed,Wallet
O007703,2025-12-03,C00135,West,Surat,Consumer,Completed,Wallet
O007704,2024-05-16,C00302,East,Guwahati,Corporate,Completed,Credit Card
O007705,2023-02-18,C00642,East,Patna,Home Office,Completed,Debit Card
O007706,2023-05-22,C00412,South,Kochi,Home Office,Completed,Net Banking
O007707,2025-12-22,C00490,South,Hyderabad,Consumer,Completed,Net Banking
O007708,2025-07-07,C00732,East,Guwahati,Corporate,Completed,UPI
O007709,2025-09-11,C00700,East,Patna,Home Office,Completed,Net Banking
O007710,2024-01-15,C00722,East,Guwahati,Consumer,Completed,UPI
O007711,2023-08-25,C00576,North,Delhi,Consumer,Completed,Credit Card
O007712,2023-04-17,C00256,East,Guwahati,Consumer,Completed,Credit Card
O007713,2025-06-03,C00676,South,Bengaluru,Consumer,Completed,Net Banking
O007714,2025-08-31,C00398,South,Kochi,Corporate,Completed,UPI
O007715,2024-07-02,C00526,West,Pune,Corporate,Completed,Debit Card
O007716,2025-10-08,C00449,East,Guwahati,Home Office,Completed,Credit Card
O007717,2023-11-30,C00201,North,Jaipur,Consumer,Completed,Wallet
O007718,2024-10-26,C00534,East,Patna,Home Office,Completed,Credit Card
O007719,2025-03-13,C00610,South,Hyderabad,Home Office,Completed,Wallet
O007720,2024-07-31,C00217,North,Chandigarh,Home Office,Completed,Wallet
O007721,2025-04-12,C00728,West,Mumbai,Corporate,Completed,Debit Card
O007722,2024-01-04,C00698,North,Delhi,Consumer,Completed,Debit Card
O007723,2023-12-24,C00568,South,Bengaluru,Consumer,Completed,Net Banking
O007724,2024-04-23,C00670,North,Jaipur,Consumer,Completed,Debit Card
O007725,2023-10-13,C00698,North,Delhi,Consumer,Completed,UPI
O007726,2025-06-25,C00265,East,Guwahati,Consumer,Cancelled,Wallet
O007727,2025-11-15,C00460,South,Bengaluru,Consumer,Completed,Credit Card
O007728,2024-08-29,C00642,East,Patna,Home Office,Completed,UPI
O007729,2024-09-21,C00289,West,Surat,Consumer,Completed,Wallet
O007730,2025-08-06,C00126,East,Kolkata,Consumer,Completed,Debit Card
O007731,2025-03-31,C00381,South,Hyderabad,Home Office,Completed,Credit Card
O007732,2025-07-23,C00671,West,Surat,Consumer,Completed,Wallet
O007733,2024-07-31,C00531,North,Jaipur,Consumer,Completed,Credit Card
O007734,2024-04-15,C00165,East,Guwahati,Corporate,Completed,Wallet
O007735,2024-09-26,C00543,East,Patna,Consumer,Completed,Debit Card
O007736,2024-01-16,C00253,South,Chennai,Corporate,Completed,Net Banking
O007737,2025-10-01,C00662,West,Surat,Home Office,Completed,Wallet
O007738,2024-12-04,C00644,South,Kochi,Consumer,Completed,Net Banking
O007739,2025-11-26,C00016,West,Ahmedabad,Consumer,Completed,UPI
O007740,2025-10-09,C00031,North,Lucknow,Consumer,Completed,Debit Card
O007741,2025-04-13,C00310,East,Patna,Consumer,Completed,UPI
O007742,2023-01-21,C00749,North,Lucknow,Consumer,Completed,Wallet
O007743,2025-12-07,C00657,East,Patna,Corporate,Completed,UPI
O007744,2024-07-06,C00726,North,Chandigarh,Consumer,Completed,UPI
O007745,2023-06-17,C00556,South,Bengaluru,Corporate,Completed,UPI
O007746,2024-10-03,C00305,West,Surat,Consumer,Completed,Wallet
O007747,2023-04-26,C00078,East,Guwahati,Consumer,Completed,Wallet
O007748,2023-11-12,C00577,East,Bhubaneswar,Home Office,Completed,UPI
O007749,2025-10-17,C00625,East,Bhubaneswar,Home Office,Completed,Net Banking
O007750,2024-07-05,C00304,North,Delhi,Home Office,Completed,Credit Card
O007751,2024-09-26,C00637,East,Kolkata,Home Office,Completed,UPI
O007752,2024-10-14,C00191,North,Lucknow,Home Office,Completed,Net Banking
O007753,2023-11-02,C00726,North,Chandigarh,Consumer,Completed,Wallet
O007754,2025-06-15,C00471,North,Chandigarh,Consumer,Completed,Debit Card
O007755,2024-12-18,C00723,South,Bengaluru,Consumer,Completed,Wallet
O007756,2023-12-20,C00160,East,Guwahati,Corporate,Completed,Wallet
O007757,2025-10-24,C00077,South,Kochi,Home Office,Completed,Credit Card
O007758,2025-07-12,C00453,East,Patna,Consumer,Completed,Debit Card
O007759,2024-08-29,C00063,East,Kolkata,Corporate,Completed,Net Banking
O007760,2023-04-24,C00101,North,Delhi,Corporate,Completed,Credit Card
O007761,2025-10-01,C00667,West,Surat,Corporate,Completed,Wallet
O007762,2023-09-22,C00092,North,Lucknow,Home Office,Completed,UPI
O007763,2023-01-29,C00643,West,Pune,Consumer,Completed,Net Banking
O007764,2023-10-12,C00110,North,Jaipur,Consumer,Completed,Credit Card
O007765,2023-09-05,C00622,West,Surat,Consumer,Completed,UPI
O007766,2024-02-24,C00122,East,Kolkata,Home Office,Completed,Credit Card
O007767,2023-11-03,C00277,East,Patna,Consumer,Completed,Debit Card
O007768,2023-05-27,C00581,East,Kolkata,Home Office,Completed,UPI
O007769,2024-06-04,C00155,North,Lucknow,Consumer,Completed,Credit Card
O007770,2024-03-15,C00546,West,Mumbai,Consumer,Completed,Debit Card
O007771,2025-05-20,C00718,North,Delhi,Corporate,Returned,UPI
O007772,2025-11-07,C00304,North,Delhi,Home Office,Completed,Credit Card
O007773,2025-07-02,C00344,East,Kolkata,Consumer,Completed,Debit Card
O007774,2025-01-01,C00433,West,Ahmedabad,Consumer,Completed,Debit Card
O007775,2025-11-22,C00426,West,Pune,Corporate,Completed,Net Banking
O007776,2024-02-15,C00741,East,Kolkata,Home Office,Completed,Debit Card
O007777,2023-04-17,C00032,West,Mumbai,Consumer,Completed,Credit Card
O007778,2023-10-25,C00030,South,Bengaluru,Consumer,Completed,Wallet
O007779,2024-05-19,C00497,East,Patna,Consumer,Completed,Net Banking
O007780,2025-02-20,C00493,North,Chandigarh,Corporate,Completed,Net Banking
O007781,2025-09-23,C00667,West,Surat,Corporate,Completed,Debit Card
O007782,2024-03-31,C00551,South,Hyderabad,Consumer,Completed,Credit Card
O007783,2024-05-20,C00215,East,Kolkata,Consumer,Completed,Debit Card
O007784,2023-04-25,C00238,East,Bhubaneswar,Corporate,Completed,Net Banking
O007785,2025-02-16,C00348,West,Surat,Consumer,Completed,UPI
O007786,2023-11-11,C00572,West,Surat,Consumer,Completed,Wallet
O007787,2024-12-24,C00105,West,Pune,Consumer,Completed,Net Banking
O007788,2024-05-17,C00122,East,Kolkata,Home Office,Completed,UPI
O007789,2023-05-11,C00186,North,Delhi,Consumer,Completed,Net Banking
O007790,2025-07-20,C00658,East,Kolkata,Consumer,Completed,Net Banking
O007791,2025-07-17,C00060,West,Surat,Corporate,Completed,Wallet
O007792,2025-11-06,C00411,North,Jaipur,Home Office,Completed,Net Banking
O007793,2025-11-29,C00594,West,Mumbai,Consumer,Completed,Credit Card
O007794,2024-03-24,C00634,South,Hyderabad,Home Office,Completed,Credit Card
O007795,2024-04-04,C00095,East,Patna,Consumer,Completed,UPI
O007796,2024-10-17,C00506,East,Bhubaneswar,Consumer,Completed,Credit Card
O007797,2025-11-09,C00746,North,Chandigarh,Consumer,Completed,UPI
O007798,2024-07-08,C00227,North,Delhi,Consumer,Completed,Wallet
O007799,2023-08-10,C00387,North,Delhi,Corporate,Completed,Net Banking
O007800,2024-04-12,C00586,West,Ahmedabad,Consumer,Completed,Net Banking
O007801,2025-12-11,C00688,North,Lucknow,Consumer,Completed,Wallet
O007802,2025-03-22,C00074,East,Guwahati,Consumer,Completed,Net Banking
O007803,2024-01-01,C00402,West,Ahmedabad,Consumer,Completed,Wallet
O007804,2025-04-29,C00631,West,Mumbai,Consumer,Completed,Wallet
O007805,2024-06-11,C00672,East,Bhubaneswar,Consumer,Completed,Wallet
O007806,2025-04-13,C00482,North,Lucknow,Home Office,Completed,Wallet
O007807,2024-12-19,C00237,South,Chennai,Home Office,Completed,Credit Card
O007808,2024-10-23,C00148,South,Bengaluru,Consumer,Completed,UPI
O007809,2025-12-12,C00619,West,Pune,Consumer,Completed,Credit Card
O007810,2025-09-19,C00041,South,Kochi,Corporate,Completed,Credit Card
O007811,2025-09-24,C00115,East,Patna,Consumer,Completed,UPI
O007812,2024-06-29,C00153,West,Mumbai,Consumer,Completed,Credit Card
O007813,2023-11-21,C00094,East,Kolkata,Consumer,Completed,Credit Card
O007814,2025-08-10,C00215,East,Kolkata,Consumer,Completed,Debit Card
O007815,2025-04-14,C00537,North,Jaipur,Consumer,Completed,Net Banking
O007816,2024-11-09,C00121,North,Jaipur,Corporate,Completed,Credit Card
O007817,2024-06-15,C00083,West,Pune,Consumer,Completed,Wallet
O007818,2025-09-29,C00551,South,Hyderabad,Consumer,Completed,Net Banking
O007819,2023-11-21,C00704,East,Kolkata,Consumer,Completed,Debit Card
O007820,2024-05-09,C00697,North,Delhi,Corporate,Completed,UPI
O007821,2023-01-27,C00322,South,Bengaluru,Consumer,Completed,Wallet
O007822,2024-04-29,C00385,East,Patna,Consumer,Completed,Net Banking
O007823,2024-05-27,C00678,North,Lucknow,Consumer,Completed,UPI
O007824,2024-03-01,C00511,West,Surat,Consumer,Completed,Credit Card
O007825,2023-11-26,C00466,North,Delhi,Consumer,Completed,Debit Card
O007826,2024-08-02,C00053,West,Surat,Home Office,Completed,Debit Card
O007827,2024-08-01,C00005,East,Patna,Consumer,Completed,Net Banking
O007828,2024-09-30,C00048,West,Pune,Home Office,Completed,Net Banking
O007829,2024-06-18,C00160,East,Guwahati,Corporate,Completed,UPI
O007830,2024-03-23,C00031,North,Lucknow,Consumer,Completed,Net Banking
O007831,2025-02-08,C00310,East,Patna,Consumer,Completed,Wallet
O007832,2024-02-23,C00215,East,Kolkata,Consumer,Completed,Credit Card
O007833,2025-10-21,C00223,North,Delhi,Consumer,Completed,Credit Card
O007834,2024-10-26,C00331,West,Ahmedabad,Consumer,Completed,Debit Card
O007835,2024-04-15,C00402,West,Ahmedabad,Consumer,Completed,Wallet
O007836,2024-06-04,C00011,North,Chandigarh,Corporate,Completed,Debit Card
O007837,2023-09-29,C00038,East,Guwahati,Consumer,Completed,Wallet
O007838,2023-05-23,C00596,South,Chennai,Consumer,Completed,Net Banking
O007839,2025-03-24,C00120,East,Kolkata,Corporate,Completed,Credit Card
O007840,2023-02-23,C00372,West,Surat,Consumer,Completed,Debit Card
O007841,2023-04-13,C00517,North,Jaipur,Home Office,Completed,Credit Card
O007842,2025-09-24,C00012,South,Kochi,Corporate,Completed,Debit Card
O007843,2025-12-22,C00219,North,Jaipur,Home Office,Completed,Wallet
O007844,2023-07-24,C00051,North,Chandigarh,Home Office,Completed,Wallet
O007845,2024-07-10,C00171,North,Lucknow,Consumer,Completed,Debit Card
O007846,2025-04-05,C00068,North,Lucknow,Home Office,Completed,Wallet
O007847,2024-03-14,C00288,South,Kochi,Consumer,Completed,Net Banking
O007848,2025-01-14,C00657,East,Patna,Corporate,Completed,Credit Card
O007849,2023-10-13,C00074,East,Guwahati,Consumer,Completed,Credit Card
O007850,2023-08-29,C00244,North,Lucknow,Consumer,Completed,Debit Card
O007851,2024-07-05,C00658,East,Kolkata,Consumer,Completed,UPI
O007852,2024-05-21,C00416,South,Kochi,Consumer,Completed,Debit Card
O007853,2025-05-26,C00396,West,Mumbai,Corporate,Completed,Net Banking
O007854,2025-12-01,C00399,East,Patna,Consumer,Completed,Net Banking
O007855,2024-02-17,C00111,East,Patna,Consumer,Completed,Wallet
O007856,2024-09-04,C00018,West,Mumbai,Home Office,Completed,UPI
O007857,2025-07-29,C00483,South,Bengaluru,Consumer,Completed,UPI
O007858,2025-10-20,C00125,West,Mumbai,Corporate,Completed,Debit Card
O007859,2024-09-13,C00104,North,Jaipur,Home Office,Completed,UPI
O007860,2025-01-11,C00208,North,Delhi,Corporate,Completed,Wallet
O007861,2024-07-29,C00204,East,Bhubaneswar,Consumer,Completed,Credit Card
O007862,2024-04-03,C00431,East,Guwahati,Home Office,Completed,Credit Card
O007863,2024-12-31,C00728,West,Mumbai,Corporate,Completed,Credit Card
O007864,2023-04-05,C00245,West,Mumbai,Consumer,Completed,Net Banking
O007865,2023-01-13,C00022,West,Surat,Consumer,Completed,UPI
O007866,2025-09-24,C00614,North,Chandigarh,Consumer,Completed,Net Banking
O007867,2023-05-15,C00576,North,Delhi,Consumer,Completed,UPI
O007868,2024-05-28,C00184,North,Jaipur,Consumer,Completed,Credit Card
O007869,2025-05-13,C00188,South,Bengaluru,Consumer,Completed,Wallet
O007870,2025-09-23,C00034,East,Kolkata,Consumer,Completed,Credit Card
O007871,2025-08-26,C00159,South,Chennai,Consumer,Completed,UPI
O007872,2025-05-22,C00261,North,Chandigarh,Consumer,Completed,UPI
O007873,2023-08-03,C00323,North,Lucknow,Home Office,Returned,Debit Card
O007874,2024-09-12,C00382,East,Guwahati,Home Office,Completed,Net Banking
O007875,2025-11-08,C00068,North,Lucknow,Home Office,Completed,Debit Card
O007876,2024-11-25,C00365,East,Guwahati,Corporate,Completed,Credit Card
O007877,2023-12-08,C00343,North,Lucknow,Corporate,Completed,Debit Card
O007878,2025-02-23,C00392,West,Surat,Home Office,Completed,Wallet
O007879,2023-06-16,C00330,South,Bengaluru,Consumer,Completed,Wallet
O007880,2023-11-03,C00678,North,Lucknow,Consumer,Completed,UPI
O007881,2025-05-15,C00179,East,Guwahati,Home Office,Completed,UPI
O007882,2025-03-29,C00582,South,Bengaluru,Consumer,Completed,Debit Card
O007883,2024-11-04,C00299,East,Kolkata,Home Office,Completed,UPI
O007884,2024-06-23,C00125,West,Mumbai,Corporate,Completed,Debit Card
O007885,2023-12-04,C00061,South,Kochi,Home Office,Completed,Net Banking
O007886,2025-06-09,C00356,West,Pune,Consumer,Completed,UPI
O007887,2023-03-13,C00365,East,Guwahati,Corporate,Completed,UPI
O007888,2023-03-22,C00171,North,Lucknow,Consumer,Completed,Net Banking
O007889,2025-04-18,C00579,West,Mumbai,Consumer,Completed,Debit Card
O007890,2024-09-23,C00328,South,Kochi,Consumer,Completed,Credit Card
O007891,2025-10-09,C00289,West,Surat,Consumer,Completed,Credit Card
O007892,2024-12-26,C00156,East,Bhubaneswar,Consumer,Completed,Credit Card
O007893,2025-01-24,C00651,West,Surat,Consumer,Completed,Credit Card
O007894,2025-09-12,C00594,West,Mumbai,Consumer,Completed,Net Banking
O007895,2023-08-27,C00088,North,Lucknow,Consumer,Completed,Credit Card
O007896,2024-03-11,C00188,South,Bengaluru,Consumer,Completed,Net Banking
O007897,2023-04-02,C00091,North,Jaipur,Home Office,Completed,Debit Card
O007898,2024-09-23,C00326,South,Hyderabad,Consumer,Completed,Wallet
O007899,2025-02-07,C00434,East,Guwahati,Home Office,Completed,UPI
O007900,2025-07-22,C00010,West,Ahmedabad,Consumer,Completed,Credit Card
O007901,2024-03-31,C00084,East,Bhubaneswar,Consumer,Completed,Debit Card
O007902,2025-10-18,C00079,East,Guwahati,Consumer,Completed,UPI
O007903,2024-03-29,C00218,East,Kolkata,Corporate,Completed,Net Banking
O007904,2025-02-26,C00261,North,Chandigarh,Consumer,Completed,Wallet
O007905,2025-07-18,C00330,South,Bengaluru,Consumer,Completed,Wallet
O007906,2025-03-16,C00348,West,Surat,Consumer,Completed,Wallet
O007907,2025-04-26,C00528,East,Kolkata,Consumer,Completed,UPI
O007908,2023-05-20,C00152,East,Guwahati,Corporate,Completed,Wallet
O007909,2023-06-15,C00091,North,Jaipur,Home Office,Completed,Debit Card
O007910,2023-09-22,C00327,North,Delhi,Consumer,Completed,Debit Card
O007911,2024-04-29,C00390,South,Kochi,Consumer,Completed,Debit Card
O007912,2024-08-16,C00372,West,Surat,Consumer,Completed,UPI
O007913,2023-01-10,C00361,East,Patna,Consumer,Completed,Wallet
O007914,2025-09-02,C00513,East,Guwahati,Corporate,Completed,Net Banking
O007915,2023-02-15,C00048,West,Pune,Home Office,Completed,UPI
O007916,2023-03-11,C00261,North,Chandigarh,Consumer,Completed,Debit Card
O007917,2023-10-23,C00192,East,Guwahati,Consumer,Completed,Debit Card
O007918,2024-09-05,C00458,West,Surat,Consumer,Completed,Net Banking
O007919,2025-11-25,C00070,North,Jaipur,Consumer,Completed,Debit Card
O007920,2024-06-29,C00106,North,Jaipur,Corporate,Completed,Debit Card
O007921,2025-02-22,C00227,North,Delhi,Consumer,Completed,Net Banking
O007922,2023-03-09,C00463,North,Jaipur,Corporate,Completed,Net Banking
O007923,2023-10-18,C00710,West,Mumbai,Home Office,Completed,Wallet
O007924,2024-11-14,C00463,North,Jaipur,Corporate,Completed,Net Banking
O007925,2025-09-16,C00347,West,Ahmedabad,Consumer,Completed,UPI
O007926,2025-07-03,C00711,East,Guwahati,Consumer,Completed,Credit Card
O007927,2025-01-11,C00052,North,Chandigarh,Consumer,Completed,Debit Card
O007928,2024-03-18,C00200,West,Mumbai,Home Office,Completed,Credit Card
O007929,2023-09-19,C00633,East,Patna,Corporate,Completed,Debit Card
O007930,2025-12-20,C00413,East,Patna,Corporate,Completed,Credit Card
O007931,2023-01-06,C00193,North,Jaipur,Consumer,Completed,Net Banking
O007932,2025-09-15,C00442,North,Jaipur,Corporate,Completed,Wallet
O007933,2023-04-26,C00121,North,Jaipur,Corporate,Returned,Debit Card
O007934,2023-12-05,C00134,East,Patna,Consumer,Completed,UPI
O007935,2024-07-19,C00733,East,Kolkata,Consumer,Completed,UPI
O007936,2024-05-09,C00187,North,Lucknow,Consumer,Completed,Wallet
O007937,2025-09-11,C00456,North,Delhi,Consumer,Completed,Wallet
O007938,2024-09-12,C00293,South,Bengaluru,Home Office,Completed,Net Banking
O007939,2025-03-10,C00122,East,Kolkata,Home Office,Completed,Debit Card
O007940,2024-09-30,C00078,East,Guwahati,Consumer,Completed,Debit Card
O007941,2023-09-25,C00097,East,Guwahati,Consumer,Completed,Credit Card
O007942,2023-12-21,C00301,North,Lucknow,Corporate,Completed,Credit Card
O007943,2024-01-26,C00369,East,Patna,Corporate,Completed,UPI
O007944,2024-08-12,C00619,West,Pune,Consumer,Completed,Credit Card
O007945,2024-10-13,C00561,East,Kolkata,Consumer,Completed,Credit Card
O007946,2025-11-25,C00372,West,Surat,Consumer,Returned,UPI
O007947,2025-10-01,C00449,East,Guwahati,Home Office,Completed,Debit Card
O007948,2025-09-16,C00404,North,Jaipur,Consumer,Completed,Debit Card
O007949,2025-11-09,C00322,South,Bengaluru,Consumer,Completed,Net Banking
O007950,2023-05-19,C00075,West,Pune,Consumer,Completed,Net Banking
O007951,2024-03-24,C00550,West,Pune,Home Office,Completed,Debit Card
O007952,2025-12-16,C00623,East,Bhubaneswar,Corporate,Completed,Net Banking
O007953,2025-12-25,C00418,North,Lucknow,Consumer,Completed,Debit Card
O007954,2025-01-15,C00358,West,Mumbai,Consumer,Completed,UPI
O007955,2025-12-03,C00531,North,Jaipur,Consumer,Completed,UPI
O007956,2025-02-01,C00371,West,Surat,Consumer,Completed,Wallet
O007957,2025-06-16,C00748,North,Delhi,Consumer,Completed,Net Banking
O007958,2025-11-04,C00513,East,Guwahati,Corporate,Completed,Debit Card
O007959,2024-01-17,C00149,South,Bengaluru,Corporate,Completed,UPI
O007960,2023-07-17,C00402,West,Ahmedabad,Consumer,Completed,Wallet
O007961,2023-01-22,C00410,South,Bengaluru,Consumer,Completed,Net Banking
O007962,2023-09-14,C00563,West,Surat,Consumer,Completed,Net Banking
O007963,2023-06-21,C00002,North,Jaipur,Consumer,Completed,Net Banking
O007964,2023-08-04,C00646,East,Patna,Consumer,Completed,Credit Card
O007965,2023-09-16,C00143,North,Lucknow,Consumer,Completed,Credit Card
O007966,2023-09-04,C00227,North,Delhi,Consumer,Completed,Wallet
O007967,2023-05-06,C00667,West,Surat,Corporate,Completed,Credit Card
O007968,2023-06-17,C00601,East,Bhubaneswar,Consumer,Completed,UPI
O007969,2024-07-27,C00390,South,Kochi,Consumer,Completed,Net Banking
O007970,2025-07-20,C00236,East,Patna,Consumer,Completed,Credit Card
O007971,2024-12-17,C00614,North,Chandigarh,Consumer,Completed,Credit Card
O007972,2023-08-12,C00319,South,Kochi,Consumer,Completed,Net Banking
O007973,2023-01-08,C00646,East,Patna,Consumer,Completed,UPI
O007974,2024-12-01,C00480,South,Bengaluru,Consumer,Completed,Net Banking
O007975,2023-08-13,C00077,South,Kochi,Home Office,Completed,Wallet
O007976,2024-07-06,C00347,West,Ahmedabad,Consumer,Completed,UPI
O007977,2024-08-28,C00261,North,Chandigarh,Consumer,Completed,UPI
O007978,2025-08-17,C00503,North,Lucknow,Consumer,Completed,Debit Card
O007979,2024-12-11,C00746,North,Chandigarh,Consumer,Completed,Net Banking
O007980,2023-01-12,C00628,West,Ahmedabad,Corporate,Completed,Net Banking
O007981,2025-09-20,C00196,South,Bengaluru,Consumer,Completed,Debit Card
O007982,2024-06-05,C00331,West,Ahmedabad,Consumer,Completed,Net Banking
O007983,2025-06-20,C00413,East,Patna,Corporate,Completed,Wallet
O007984,2024-01-29,C00707,East,Kolkata,Consumer,Completed,Credit Card
O007985,2025-09-30,C00744,South,Chennai,Consumer,Completed,Credit Card
O007986,2024-11-10,C00018,West,Mumbai,Home Office,Completed,Credit Card
O007987,2025-07-31,C00222,West,Surat,Corporate,Completed,Net Banking
O007988,2025-12-01,C00451,West,Mumbai,Home Office,Completed,Credit Card
O007989,2024-11-11,C00193,North,Jaipur,Consumer,Completed,Net Banking
O007990,2023-01-16,C00330,South,Bengaluru,Consumer,Completed,UPI
O007991,2024-03-25,C00695,North,Chandigarh,Home Office,Completed,Debit Card
O007992,2023-10-15,C00316,West,Pune,Corporate,Completed,Credit Card
O007993,2023-04-03,C00507,West,Surat,Consumer,Completed,Credit Card
O007994,2024-07-29,C00268,South,Kochi,Consumer,Completed,Credit Card
O007995,2025-09-07,C00561,East,Kolkata,Consumer,Completed,Credit Card
O007996,2025-01-05,C00561,East,Kolkata,Consumer,Completed,Credit Card
O007997,2024-02-11,C00718,North,Delhi,Corporate,Completed,Credit Card
O007998,2025-04-13,C00343,North,Lucknow,Corporate,Completed,Wallet
O007999,2025-09-09,C00530,North,Chandigarh,Consumer,Completed,Credit Card
O008000,2024-09-26,C00176,West,Mumbai,Corporate,Completed,Credit Card
O008001,2025-03-09,C00223,North,Delhi,Consumer,Completed,Credit Card
O008002,2024-03-04,C00066,West,Surat,Home Office,Completed,Net Banking
O008003,2023-08-11,C00251,West,Ahmedabad,Consumer,Completed,Debit Card
O008004,2024-01-14,C00405,South,Chennai,Home Office,Completed,UPI
O008005,2025-02-15,C00408,East,Bhubaneswar,Consumer,Completed,Debit Card
O008006,2024-06-14,C00117,West,Surat,Consumer,Completed,Debit Card
O008007,2023-03-06,C00673,East,Patna,Consumer,Completed,Credit Card
O008008,2025-05-18,C00194,West,Pune,Consumer,Completed,Wallet
O008009,2023-02-05,C00331,West,Ahmedabad,Consumer,Completed,Credit Card
O008010,2024-06-17,C00141,North,Lucknow,Home Office,Completed,Net Banking
O008011,2024-11-08,C00616,North,Delhi,Corporate,Completed,UPI
O008012,2024-09-05,C00168,South,Bengaluru,Consumer,Completed,Debit Card
O008013,2025-06-05,C00225,West,Mumbai,Consumer,Completed,Credit Card
O008014,2024-04-16,C00484,West,Mumbai,Consumer,Completed,Net Banking
O008015,2024-02-24,C00650,South,Kochi,Consumer,Completed,UPI
O008016,2024-08-09,C00421,North,Chandigarh,Consumer,Completed,Debit Card
O008017,2023-11-23,C00629,North,Delhi,Home Office,Completed,Net Banking
O008018,2025-07-05,C00154,North,Jaipur,Home Office,Completed,Wallet
O008019,2025-06-13,C00083,West,Pune,Consumer,Completed,UPI
O008020,2023-07-18,C00175,East,Bhubaneswar,Corporate,Completed,Wallet
O008021,2023-10-21,C00606,North,Delhi,Consumer,Completed,Wallet
O008022,2025-08-14,C00069,South,Chennai,Home Office,Completed,Wallet
O008023,2025-08-04,C00609,South,Hyderabad,Consumer,Completed,Debit Card
O008024,2023-06-08,C00234,West,Ahmedabad,Consumer,Completed,Debit Card
O008025,2025-12-30,C00492,South,Kochi,Consumer,Completed,Net Banking
O008026,2024-09-27,C00391,South,Chennai,Home Office,Completed,Credit Card
O008027,2025-12-08,C00100,North,Lucknow,Consumer,Completed,Net Banking
O008028,2023-03-03,C00266,East,Bhubaneswar,Home Office,Completed,Debit Card
O008029,2024-04-03,C00542,West,Ahmedabad,Consumer,Completed,Wallet
O008030,2024-01-03,C00071,South,Kochi,Consumer,Completed,Credit Card
O008031,2025-01-04,C00238,East,Bhubaneswar,Corporate,Completed,Net Banking
O008032,2024-01-01,C00277,East,Patna,Consumer,Completed,Debit Card
O008033,2023-04-18,C00383,East,Bhubaneswar,Corporate,Completed,UPI
O008034,2024-07-03,C00723,South,Bengaluru,Consumer,Completed,Credit Card
O008035,2024-10-21,C00495,North,Chandigarh,Home Office,Completed,Wallet
O008036,2023-11-22,C00395,West,Mumbai,Consumer,Completed,Wallet
O008037,2025-10-26,C00745,North,Chandigarh,Consumer,Completed,Credit Card
O008038,2023-06-14,C00109,West,Mumbai,Consumer,Completed,Debit Card
O008039,2024-02-23,C00591,East,Kolkata,Consumer,Completed,Credit Card
O008040,2025-03-12,C00433,West,Ahmedabad,Consumer,Returned,UPI
O008041,2023-08-16,C00627,West,Surat,Consumer,Completed,Wallet
O008042,2025-08-29,C00025,North,Chandigarh,Consumer,Completed,Net Banking
O008043,2023-11-28,C00325,North,Lucknow,Home Office,Completed,Debit Card
O008044,2025-04-23,C00609,South,Hyderabad,Consumer,Completed,Wallet
O008045,2024-05-16,C00111,East,Patna,Consumer,Completed,Net Banking
O008046,2025-10-27,C00103,South,Bengaluru,Consumer,Completed,Net Banking
O008047,2025-12-14,C00622,West,Surat,Consumer,Completed,UPI
O008048,2024-04-09,C00193,North,Jaipur,Consumer,Completed,Credit Card
O008049,2023-09-15,C00031,North,Lucknow,Consumer,Completed,Net Banking
O008050,2023-08-17,C00242,West,Pune,Corporate,Completed,Debit Card
O008051,2023-09-29,C00106,North,Jaipur,Corporate,Completed,Net Banking
O008052,2025-12-10,C00123,West,Mumbai,Consumer,Completed,Wallet
O008053,2023-02-13,C00414,East,Bhubaneswar,Consumer,Returned,UPI
O008054,2024-05-29,C00482,North,Lucknow,Home Office,Completed,Net Banking
O008055,2024-03-05,C00199,West,Mumbai,Corporate,Returned,UPI
O008056,2024-03-03,C00735,South,Bengaluru,Consumer,Completed,Debit Card
O008057,2024-01-10,C00649,South,Kochi,Home Office,Completed,Wallet
O008058,2024-01-16,C00149,South,Bengaluru,Corporate,Completed,Credit Card
O008059,2025-10-17,C00311,East,Guwahati,Consumer,Completed,Credit Card
O008060,2025-10-09,C00261,North,Chandigarh,Consumer,Completed,Wallet
O008061,2023-09-23,C00256,East,Guwahati,Consumer,Completed,UPI
O008062,2024-08-08,C00135,West,Surat,Consumer,Completed,UPI
O008063,2024-10-21,C00292,West,Mumbai,Corporate,Completed,UPI
O008064,2023-06-15,C00107,West,Mumbai,Consumer,Completed,Wallet
O008065,2024-05-05,C00461,North,Jaipur,Corporate,Completed,Credit Card
O008066,2023-01-29,C00485,East,Guwahati,Consumer,Completed,Credit Card
O008067,2024-04-26,C00457,South,Hyderabad,Home Office,Completed,UPI
O008068,2024-09-04,C00165,East,Guwahati,Corporate,Completed,Wallet
O008069,2024-08-13,C00380,West,Mumbai,Home Office,Completed,Wallet
O008070,2023-08-09,C00012,South,Kochi,Corporate,Completed,Wallet
O008071,2024-08-13,C00191,North,Lucknow,Home Office,Completed,Credit Card
O008072,2023-12-03,C00106,North,Jaipur,Corporate,Completed,Credit Card
O008073,2023-03-27,C00679,South,Chennai,Consumer,Completed,Wallet
O008074,2025-11-26,C00035,South,Hyderabad,Consumer,Completed,Net Banking
O008075,2024-09-06,C00141,North,Lucknow,Home Office,Completed,UPI
O008076,2025-11-08,C00546,West,Mumbai,Consumer,Completed,Debit Card
O008077,2025-08-31,C00031,North,Lucknow,Consumer,Completed,Credit Card
O008078,2023-06-17,C00590,East,Guwahati,Consumer,Completed,UPI
O008079,2023-07-11,C00432,South,Kochi,Home Office,Completed,Net Banking
O008080,2023-12-25,C00358,West,Mumbai,Consumer,Completed,Net Banking
O008081,2024-02-21,C00166,East,Guwahati,Consumer,Completed,Net Banking
O008082,2024-08-23,C00695,North,Chandigarh,Home Office,Completed,Net Banking
O008083,2025-06-03,C00712,South,Chennai,Corporate,Completed,Net Banking
O008084,2025-12-28,C00509,South,Bengaluru,Corporate,Completed,UPI
O008085,2024-09-09,C00341,North,Lucknow,Consumer,Completed,Wallet
O008086,2023-06-30,C00407,South,Chennai,Corporate,Completed,Debit Card
O008087,2023-05-10,C00204,East,Bhubaneswar,Consumer,Completed,Credit Card
O008088,2024-12-05,C00011,North,Chandigarh,Corporate,Completed,Wallet
O008089,2025-11-18,C00376,East,Guwahati,Consumer,Completed,UPI
O008090,2025-01-16,C00541,North,Delhi,Consumer,Completed,UPI
O008091,2025-11-02,C00605,East,Patna,Consumer,Completed,UPI
O008092,2025-08-30,C00036,West,Surat,Consumer,Completed,Debit Card
O008093,2025-09-08,C00701,South,Bengaluru,Consumer,Completed,Net Banking
O008094,2025-06-22,C00590,East,Guwahati,Consumer,Completed,Credit Card
O008095,2025-12-05,C00725,East,Bhubaneswar,Consumer,Completed,UPI
O008096,2023-05-03,C00127,South,Chennai,Corporate,Completed,Credit Card
O008097,2024-05-03,C00369,East,Patna,Corporate,Completed,UPI
O008098,2025-06-13,C00634,South,Hyderabad,Home Office,Completed,Debit Card
O008099,2025-08-27,C00630,South,Bengaluru,Consumer,Completed,Credit Card
O008100,2025-11-05,C00089,East,Guwahati,Corporate,Completed,Wallet
O008101,2023-11-06,C00427,South,Chennai,Home Office,Completed,Credit Card
O008102,2023-04-26,C00073,South,Kochi,Home Office,Completed,UPI
O008103,2024-11-25,C00469,East,Bhubaneswar,Consumer,Completed,Net Banking
O008104,2023-09-14,C00355,South,Bengaluru,Corporate,Completed,Wallet
O008105,2024-07-19,C00724,South,Kochi,Home Office,Returned,Credit Card
O008106,2025-06-26,C00233,South,Kochi,Consumer,Completed,Wallet
O008107,2025-02-19,C00125,West,Mumbai,Corporate,Completed,Debit Card
O008108,2023-05-02,C00041,South,Kochi,Corporate,Completed,Wallet
O008109,2024-08-31,C00681,West,Surat,Corporate,Completed,Net Banking
O008110,2025-01-26,C00585,West,Surat,Consumer,Completed,Debit Card
O008111,2025-03-22,C00558,South,Chennai,Consumer,Completed,Wallet
O008112,2023-07-23,C00740,South,Hyderabad,Consumer,Completed,UPI
O008113,2024-06-27,C00149,South,Bengaluru,Corporate,Completed,Credit Card
O008114,2024-07-16,C00457,South,Hyderabad,Home Office,Completed,UPI
O008115,2025-05-12,C00512,South,Hyderabad,Home Office,Completed,Credit Card
O008116,2023-08-13,C00504,East,Patna,Consumer,Completed,Net Banking
O008117,2024-02-20,C00159,South,Chennai,Consumer,Completed,Credit Card
O008118,2025-08-08,C00281,South,Chennai,Home Office,Completed,Wallet
O008119,2025-02-08,C00478,South,Chennai,Consumer,Completed,Debit Card
O008120,2023-02-17,C00188,South,Bengaluru,Consumer,Completed,Net Banking
O008121,2024-11-15,C00565,East,Kolkata,Consumer,Completed,Wallet
O008122,2025-10-02,C00607,West,Pune,Consumer,Completed,Debit Card
O008123,2023-10-07,C00119,East,Kolkata,Consumer,Completed,Wallet
O008124,2025-11-11,C00287,West,Mumbai,Consumer,Completed,Debit Card
O008125,2024-08-07,C00545,South,Hyderabad,Consumer,Completed,Wallet
O008126,2025-05-02,C00176,West,Mumbai,Corporate,Completed,Credit Card
O008127,2023-01-12,C00218,East,Kolkata,Corporate,Completed,Debit Card
O008128,2025-08-10,C00421,North,Chandigarh,Consumer,Completed,Credit Card
O008129,2024-04-18,C00459,South,Chennai,Consumer,Completed,Wallet
O008130,2023-08-17,C00002,North,Jaipur,Consumer,Completed,Credit Card
O008131,2025-03-07,C00190,West,Mumbai,Home Office,Completed,Credit Card
O008132,2023-08-17,C00323,North,Lucknow,Home Office,Completed,Wallet
O008133,2023-08-06,C00204,East,Bhubaneswar,Consumer,Completed,Debit Card
O008134,2023-01-26,C00002,North,Jaipur,Consumer,Completed,Net Banking
O008135,2023-12-11,C00492,South,Kochi,Consumer,Completed,Debit Card
O008136,2024-04-24,C00146,West,Pune,Consumer,Completed,Debit Card
O008137,2024-12-27,C00498,North,Lucknow,Consumer,Completed,Wallet
O008138,2025-12-28,C00500,South,Kochi,Consumer,Completed,Wallet
O008139,2023-03-01,C00357,West,Surat,Corporate,Completed,UPI
O008140,2024-09-21,C00231,South,Bengaluru,Consumer,Completed,Wallet
O008141,2024-09-17,C00409,East,Bhubaneswar,Consumer,Completed,Wallet
O008142,2025-06-28,C00532,South,Hyderabad,Consumer,Completed,Credit Card
O008143,2025-12-11,C00275,South,Hyderabad,Consumer,Completed,Credit Card
O008144,2023-10-15,C00516,South,Bengaluru,Consumer,Completed,Debit Card
O008145,2023-04-14,C00010,West,Ahmedabad,Consumer,Completed,UPI
O008146,2025-11-05,C00660,South,Bengaluru,Consumer,Completed,UPI
O008147,2024-10-29,C00217,North,Chandigarh,Home Office,Completed,Credit Card
O008148,2025-09-26,C00618,South,Hyderabad,Consumer,Completed,Wallet
O008149,2024-06-14,C00164,West,Surat,Consumer,Completed,UPI
O008150,2024-02-18,C00602,East,Guwahati,Corporate,Completed,Debit Card
O008151,2025-04-17,C00583,West,Ahmedabad,Corporate,Completed,Credit Card
O008152,2024-05-21,C00640,South,Kochi,Consumer,Completed,Net Banking
O008153,2024-01-27,C00092,North,Lucknow,Home Office,Completed,UPI
O008154,2024-12-24,C00202,East,Guwahati,Home Office,Completed,Credit Card
O008155,2024-01-22,C00567,West,Ahmedabad,Consumer,Completed,Debit Card
O008156,2023-08-04,C00092,North,Lucknow,Home Office,Completed,Credit Card
O008157,2025-07-06,C00550,West,Pune,Home Office,Completed,Net Banking
O008158,2024-12-15,C00021,South,Kochi,Consumer,Completed,Net Banking
O008159,2024-04-17,C00303,North,Delhi,Consumer,Completed,Credit Card
O008160,2025-10-11,C00614,North,Chandigarh,Consumer,Completed,UPI
O008161,2023-04-29,C00374,South,Kochi,Consumer,Completed,Credit Card
O008162,2025-03-14,C00564,East,Kolkata,Consumer,Completed,Net Banking
O008163,2025-01-05,C00396,West,Mumbai,Corporate,Completed,Debit Card
O008164,2024-02-14,C00072,South,Hyderabad,Consumer,Completed,Credit Card
O008165,2023-07-23,C00121,North,Jaipur,Corporate,Completed,Credit Card
O008166,2025-11-05,C00511,West,Surat,Consumer,Completed,Credit Card
O008167,2024-06-29,C00178,East,Bhubaneswar,Home Office,Completed,Wallet
O008168,2024-02-07,C00691,North,Delhi,Consumer,Completed,Debit Card
O008169,2025-03-08,C00408,East,Bhubaneswar,Consumer,Completed,Credit Card
O008170,2025-05-03,C00580,South,Bengaluru,Corporate,Completed,Wallet
O008171,2023-11-20,C00467,North,Jaipur,Corporate,Completed,Net Banking
O008172,2024-12-15,C00362,North,Jaipur,Corporate,Completed,Debit Card
O008173,2024-11-30,C00698,North,Delhi,Consumer,Completed,Net Banking
O008174,2025-07-23,C00625,East,Bhubaneswar,Home Office,Completed,Debit Card
O008175,2024-05-16,C00387,North,Delhi,Corporate,Completed,UPI
O008176,2023-03-21,C00533,North,Lucknow,Consumer,Completed,Wallet
O008177,2023-06-06,C00326,South,Hyderabad,Consumer,Completed,Net Banking
O008178,2024-03-28,C00433,West,Ahmedabad,Consumer,Completed,UPI
O008179,2025-02-25,C00443,East,Kolkata,Consumer,Completed,Wallet
O008180,2025-09-04,C00194,West,Pune,Consumer,Completed,UPI
O008181,2024-12-24,C00710,West,Mumbai,Home Office,Completed,UPI
O008182,2023-03-17,C00662,West,Surat,Home Office,Completed,Wallet
O008183,2023-12-02,C00554,West,Mumbai,Consumer,Completed,Net Banking
O008184,2023-11-12,C00048,West,Pune,Home Office,Completed,Net Banking
O008185,2024-04-20,C00101,North,Delhi,Corporate,Completed,Net Banking
O008186,2024-04-17,C00655,North,Lucknow,Consumer,Completed,Credit Card
O008187,2025-04-05,C00737,East,Patna,Consumer,Completed,Debit Card
O008188,2023-01-23,C00005,East,Patna,Consumer,Completed,Credit Card
O008189,2025-11-11,C00403,East,Guwahati,Consumer,Completed,Credit Card
O008190,2023-09-26,C00478,South,Chennai,Consumer,Returned,Wallet
O008191,2023-01-25,C00537,North,Jaipur,Consumer,Completed,UPI
O008192,2025-11-23,C00701,South,Bengaluru,Consumer,Completed,Credit Card
O008193,2023-01-08,C00280,South,Hyderabad,Home Office,Completed,Credit Card
O008194,2024-01-03,C00254,South,Bengaluru,Consumer,Completed,Net Banking
O008195,2024-10-29,C00669,West,Pune,Home Office,Completed,Net Banking
O008196,2024-01-11,C00342,South,Hyderabad,Consumer,Completed,Wallet
O008197,2025-12-21,C00358,West,Mumbai,Consumer,Completed,Wallet
O008198,2024-06-26,C00648,North,Delhi,Corporate,Completed,Net Banking
O008199,2023-06-09,C00416,South,Kochi,Consumer,Completed,Net Banking
O008200,2024-08-30,C00272,East,Guwahati,Corporate,Completed,Wallet
O008201,2024-06-20,C00620,North,Jaipur,Consumer,Completed,Debit Card
O008202,2024-09-06,C00063,East,Kolkata,Corporate,Completed,Net Banking
O008203,2024-11-01,C00175,East,Bhubaneswar,Corporate,Completed,Net Banking
O008204,2025-04-19,C00531,North,Jaipur,Consumer,Completed,UPI
O008205,2023-02-28,C00375,East,Guwahati,Home Office,Completed,UPI
O008206,2024-01-02,C00405,South,Chennai,Home Office,Completed,Net Banking
O008207,2024-09-22,C00295,South,Bengaluru,Corporate,Completed,Credit Card
O008208,2023-03-02,C00293,South,Bengaluru,Home Office,Completed,Net Banking
O008209,2024-01-16,C00163,West,Mumbai,Consumer,Completed,Credit Card
O008210,2025-01-09,C00541,North,Delhi,Consumer,Completed,Wallet
O008211,2024-06-01,C00415,West,Mumbai,Consumer,Completed,Net Banking
O008212,2024-11-13,C00476,East,Kolkata,Home Office,Completed,Net Banking
O008213,2024-10-16,C00414,East,Bhubaneswar,Consumer,Completed,Wallet
O008214,2024-10-24,C00689,West,Surat,Consumer,Completed,Wallet
O008215,2025-09-14,C00415,West,Mumbai,Consumer,Returned,Credit Card
O008216,2023-07-23,C00588,West,Ahmedabad,Consumer,Completed,UPI
O008217,2024-09-05,C00441,South,Bengaluru,Consumer,Completed,Debit Card
O008218,2025-12-18,C00162,West,Ahmedabad,Corporate,Completed,Wallet
O008219,2023-08-21,C00460,South,Bengaluru,Consumer,Completed,UPI
O008220,2024-06-12,C00187,North,Lucknow,Consumer,Completed,UPI
O008221,2024-04-02,C00407,South,Chennai,Corporate,Completed,Net Banking
O008222,2025-12-26,C00340,North,Delhi,Home Office,Completed,Net Banking
O008223,2023-03-18,C00298,West,Surat,Consumer,Returned,Net Banking
O008224,2024-11-12,C00492,South,Kochi,Consumer,Completed,Credit Card
O008225,2024-05-30,C00580,South,Bengaluru,Corporate,Returned,Net Banking
O008226,2025-10-07,C00006,West,Pune,Home Office,Completed,Debit Card
O008227,2024-02-01,C00293,South,Bengaluru,Home Office,Completed,Net Banking
O008228,2024-10-01,C00575,West,Ahmedabad,Home Office,Completed,UPI
O008229,2023-03-10,C00725,East,Bhubaneswar,Consumer,Completed,Net Banking
O008230,2023-12-23,C00658,East,Kolkata,Consumer,Completed,Credit Card
O008231,2024-09-03,C00259,South,Hyderabad,Consumer,Completed,Net Banking
O008232,2025-08-17,C00311,East,Guwahati,Consumer,Completed,Debit Card
O008233,2023-06-23,C00022,West,Surat,Consumer,Completed,Net Banking
O008234,2024-01-24,C00382,East,Guwahati,Home Office,Completed,Wallet
O008235,2023-11-12,C00517,North,Jaipur,Home Office,Completed,UPI
O008236,2025-08-05,C00198,West,Ahmedabad,Consumer,Completed,Credit Card
O008237,2023-03-18,C00142,East,Patna,Corporate,Completed,Debit Card
O008238,2023-09-11,C00359,West,Surat,Home Office,Completed,Net Banking
O008239,2024-11-06,C00359,West,Surat,Home Office,Completed,UPI
O008240,2023-07-30,C00315,South,Bengaluru,Corporate,Completed,Wallet
O008241,2023-09-27,C00590,East,Guwahati,Consumer,Completed,Credit Card
O008242,2023-10-24,C00534,East,Patna,Home Office,Completed,Debit Card
O008243,2023-03-27,C00479,South,Kochi,Consumer,Cancelled,UPI
O008244,2025-10-13,C00153,West,Mumbai,Consumer,Completed,Debit Card
O008245,2024-11-17,C00392,West,Surat,Home Office,Completed,Credit Card
O008246,2024-11-18,C00349,West,Mumbai,Corporate,Completed,Net Banking
O008247,2023-03-23,C00569,West,Surat,Consumer,Completed,Debit Card
O008248,2025-12-31,C00064,South,Hyderabad,Consumer,Completed,Debit Card
O008249,2024-10-13,C00587,North,Jaipur,Home Office,Completed,Net Banking
O008250,2025-03-11,C00207,North,Jaipur,Consumer,Completed,UPI
O008251,2024-03-08,C00363,West,Pune,Consumer,Completed,Credit Card
O008252,2023-10-29,C00653,West,Mumbai,Consumer,Completed,Debit Card
O008253,2024-01-06,C00466,North,Delhi,Consumer,Completed,Debit Card
O008254,2024-08-16,C00449,East,Guwahati,Home Office,Completed,Wallet
O008255,2025-11-19,C00458,West,Surat,Consumer,Completed,Net Banking
O008256,2025-11-20,C00036,West,Surat,Consumer,Returned,Debit Card
O008257,2024-07-27,C00584,East,Guwahati,Consumer,Completed,UPI
O008258,2025-01-19,C00263,East,Kolkata,Corporate,Completed,Wallet
O008259,2025-12-14,C00663,South,Bengaluru,Consumer,Completed,UPI
O008260,2025-12-27,C00204,East,Bhubaneswar,Consumer,Completed,Credit Card
O008261,2025-10-07,C00336,East,Guwahati,Consumer,Completed,Net Banking
O008262,2023-08-01,C00129,East,Kolkata,Consumer,Completed,Wallet
O008263,2025-11-08,C00098,East,Patna,Home Office,Completed,Credit Card
O008264,2023-08-18,C00085,West,Pune,Consumer,Completed,Debit Card
O008265,2024-09-08,C00392,West,Surat,Home Office,Completed,UPI
O008266,2023-10-26,C00612,East,Guwahati,Corporate,Completed,Wallet
O008267,2023-07-11,C00566,North,Lucknow,Home Office,Completed,Net Banking
O008268,2024-04-19,C00488,West,Ahmedabad,Home Office,Completed,UPI
O008269,2024-09-13,C00417,North,Delhi,Consumer,Completed,Net Banking
O008270,2023-12-19,C00344,East,Kolkata,Consumer,Completed,Debit Card
O008271,2023-01-19,C00252,South,Kochi,Consumer,Completed,UPI
O008272,2025-06-30,C00039,South,Hyderabad,Home Office,Completed,Credit Card
O008273,2024-09-27,C00437,South,Chennai,Consumer,Completed,UPI
O008274,2023-06-23,C00680,North,Chandigarh,Home Office,Completed,Credit Card
O008275,2025-12-19,C00464,North,Chandigarh,Corporate,Completed,Credit Card
O008276,2025-02-22,C00490,South,Hyderabad,Consumer,Completed,Wallet
O008277,2024-08-01,C00195,South,Kochi,Home Office,Completed,UPI
O008278,2023-01-04,C00570,East,Bhubaneswar,Home Office,Completed,Debit Card
O008279,2025-02-18,C00184,North,Jaipur,Consumer,Completed,UPI
O008280,2023-12-02,C00516,South,Bengaluru,Consumer,Completed,Credit Card
O008281,2023-07-02,C00710,West,Mumbai,Home Office,Completed,Credit Card
O008282,2024-11-14,C00001,North,Delhi,Consumer,Completed,Debit Card
O008283,2025-07-06,C00218,East,Kolkata,Corporate,Completed,Credit Card
O008284,2024-06-07,C00371,West,Surat,Consumer,Completed,Credit Card
O008285,2024-04-17,C00698,North,Delhi,Consumer,Completed,UPI
O008286,2025-11-24,C00220,South,Chennai,Consumer,Completed,Net Banking
O008287,2023-11-03,C00531,North,Jaipur,Consumer,Completed,Net Banking
O008288,2023-07-14,C00410,South,Bengaluru,Consumer,Returned,Wallet
O008289,2023-05-25,C00073,South,Kochi,Home Office,Completed,Credit Card
O008290,2024-10-17,C00290,West,Mumbai,Consumer,Completed,Debit Card
O008291,2023-08-11,C00580,South,Bengaluru,Corporate,Completed,Net Banking
O008292,2023-11-14,C00061,South,Kochi,Home Office,Completed,UPI
O008293,2025-06-17,C00228,South,Chennai,Home Office,Completed,Net Banking
O008294,2023-01-21,C00353,South,Kochi,Consumer,Completed,Wallet
O008295,2024-03-05,C00354,North,Chandigarh,Home Office,Completed,Credit Card
O008296,2025-10-06,C00123,West,Mumbai,Consumer,Completed,Credit Card
O008297,2025-09-15,C00090,East,Guwahati,Consumer,Completed,Net Banking
O008298,2025-04-24,C00153,West,Mumbai,Consumer,Returned,Net Banking
O008299,2023-08-05,C00622,West,Surat,Consumer,Completed,Wallet
O008300,2025-08-03,C00440,North,Delhi,Consumer,Completed,Wallet
O008301,2023-05-31,C00691,North,Delhi,Consumer,Completed,UPI
O008302,2023-12-30,C00715,East,Patna,Consumer,Completed,Credit Card
O008303,2023-10-21,C00039,South,Hyderabad,Home Office,Completed,Wallet
O008304,2023-05-27,C00581,East,Kolkata,Home Office,Completed,UPI
O008305,2025-03-03,C00477,West,Mumbai,Consumer,Completed,Wallet
O008306,2025-05-08,C00158,South,Hyderabad,Consumer,Completed,Credit Card
O008307,2025-10-25,C00605,East,Patna,Consumer,Completed,Net Banking
O008308,2025-09-17,C00281,South,Chennai,Home Office,Completed,Credit Card
O008309,2023-02-03,C00281,South,Chennai,Home Office,Completed,UPI
O008310,2025-03-30,C00217,North,Chandigarh,Home Office,Completed,Credit Card
O008311,2025-08-25,C00434,East,Guwahati,Home Office,Completed,Credit Card
O008312,2024-11-02,C00245,West,Mumbai,Consumer,Completed,Wallet
O008313,2023-02-09,C00478,South,Chennai,Consumer,Completed,Net Banking
O008314,2024-03-24,C00091,North,Jaipur,Home Office,Completed,Debit Card
O008315,2023-04-09,C00384,South,Kochi,Corporate,Completed,Debit Card
O008316,2023-06-29,C00103,South,Bengaluru,Consumer,Completed,Net Banking
O008317,2023-01-26,C00736,South,Kochi,Corporate,Completed,Wallet
O008318,2023-11-17,C00595,South,Chennai,Corporate,Completed,Credit Card
O008319,2023-11-30,C00173,East,Bhubaneswar,Consumer,Completed,UPI
O008320,2025-04-23,C00304,North,Delhi,Home Office,Completed,Credit Card
O008321,2024-01-08,C00683,North,Chandigarh,Consumer,Completed,Net Banking
O008322,2024-12-17,C00322,South,Bengaluru,Consumer,Completed,Debit Card
O008323,2024-06-12,C00270,East,Guwahati,Home Office,Completed,UPI
O008324,2023-05-22,C00574,South,Hyderabad,Consumer,Completed,Net Banking
O008325,2025-03-06,C00299,East,Kolkata,Home Office,Completed,Debit Card
O008326,2024-04-13,C00645,East,Patna,Corporate,Completed,Net Banking
O008327,2024-07-03,C00389,North,Delhi,Consumer,Completed,Debit Card
O008328,2024-12-18,C00471,North,Chandigarh,Consumer,Completed,Wallet
O008329,2025-02-23,C00131,West,Ahmedabad,Corporate,Completed,Net Banking
O008330,2025-05-26,C00750,East,Bhubaneswar,Home Office,Completed,UPI
O008331,2025-08-22,C00607,West,Pune,Consumer,Completed,Net Banking
O008332,2024-04-10,C00394,East,Guwahati,Consumer,Completed,UPI
O008333,2023-11-03,C00152,East,Guwahati,Corporate,Completed,UPI
O008334,2023-08-18,C00526,West,Pune,Corporate,Completed,Net Banking
O008335,2025-02-02,C00565,East,Kolkata,Consumer,Completed,Net Banking
O008336,2024-10-05,C00188,South,Bengaluru,Consumer,Completed,Debit Card
O008337,2024-09-13,C00040,North,Chandigarh,Consumer,Completed,UPI
O008338,2024-09-13,C00272,East,Guwahati,Corporate,Completed,Debit Card
O008339,2025-07-19,C00444,North,Jaipur,Consumer,Completed,Net Banking
O008340,2025-07-14,C00564,East,Kolkata,Consumer,Completed,UPI
O008341,2024-12-05,C00086,West,Mumbai,Consumer,Completed,Net Banking
O008342,2024-08-04,C00430,East,Patna,Consumer,Completed,Wallet
O008343,2025-08-07,C00428,South,Chennai,Corporate,Completed,Net Banking
O008344,2023-08-12,C00366,North,Chandigarh,Consumer,Completed,Credit Card
O008345,2024-06-29,C00063,East,Kolkata,Corporate,Completed,Wallet
O008346,2025-06-22,C00250,West,Mumbai,Consumer,Completed,Credit Card
O008347,2024-08-02,C00190,West,Mumbai,Home Office,Completed,Net Banking
O008348,2024-01-09,C00162,West,Ahmedabad,Corporate,Completed,Net Banking
O008349,2023-11-29,C00188,South,Bengaluru,Consumer,Completed,Credit Card
O008350,2025-10-04,C00362,North,Jaipur,Corporate,Completed,Credit Card
O008351,2025-05-11,C00001,North,Delhi,Consumer,Completed,UPI
O008352,2025-05-31,C00388,North,Lucknow,Home Office,Completed,UPI
O008353,2025-01-28,C00109,West,Mumbai,Consumer,Completed,UPI
O008354,2023-11-19,C00432,South,Kochi,Home Office,Completed,Debit Card
O008355,2024-08-22,C00150,East,Patna,Corporate,Completed,UPI
O008356,2025-09-25,C00241,East,Patna,Consumer,Completed,Net Banking
O008357,2024-12-12,C00526,West,Pune,Corporate,Completed,Debit Card
O008358,2024-01-09,C00245,West,Mumbai,Consumer,Completed,UPI
O008359,2023-02-07,C00687,South,Hyderabad,Corporate,Completed,Net Banking
O008360,2024-09-18,C00239,North,Jaipur,Consumer,Completed,Wallet
O008361,2023-01-06,C00237,South,Chennai,Home Office,Completed,Net Banking
O008362,2025-08-14,C00039,South,Hyderabad,Home Office,Completed,Net Banking
O008363,2025-05-05,C00497,East,Patna,Consumer,Completed,Wallet
O008364,2023-09-05,C00340,North,Delhi,Home Office,Completed,UPI
O008365,2023-10-28,C00152,East,Guwahati,Corporate,Completed,Net Banking
O008366,2025-01-17,C00032,West,Mumbai,Consumer,Completed,UPI
O008367,2025-04-12,C00175,East,Bhubaneswar,Corporate,Completed,Credit Card
O008368,2025-05-14,C00448,North,Delhi,Consumer,Completed,UPI
O008369,2025-02-09,C00324,South,Kochi,Consumer,Completed,Debit Card
O008370,2023-02-20,C00565,East,Kolkata,Consumer,Completed,Wallet
O008371,2024-02-02,C00255,East,Guwahati,Consumer,Completed,Wallet
O008372,2023-10-25,C00238,East,Bhubaneswar,Corporate,Completed,Debit Card
O008373,2024-03-01,C00638,North,Jaipur,Corporate,Completed,Net Banking
O008374,2025-01-25,C00338,East,Patna,Consumer,Completed,Wallet
O008375,2025-03-26,C00083,West,Pune,Consumer,Completed,Credit Card
O008376,2024-01-05,C00233,South,Kochi,Consumer,Completed,Wallet
O008377,2025-09-16,C00470,North,Chandigarh,Corporate,Completed,Debit Card
O008378,2025-10-25,C00094,East,Kolkata,Consumer,Returned,Debit Card
O008379,2023-06-05,C00305,West,Surat,Consumer,Completed,UPI
O008380,2023-02-07,C00711,East,Guwahati,Consumer,Completed,Net Banking
O008381,2024-01-18,C00368,North,Jaipur,Home Office,Completed,Credit Card
O008382,2023-03-09,C00070,North,Jaipur,Consumer,Completed,Debit Card
O008383,2023-11-24,C00694,North,Delhi,Consumer,Completed,Net Banking
O008384,2024-01-16,C00193,North,Jaipur,Consumer,Completed,Debit Card
O008385,2023-02-18,C00319,South,Kochi,Consumer,Returned,UPI
O008386,2024-12-25,C00357,West,Surat,Corporate,Completed,Debit Card
O008387,2023-02-26,C00534,East,Patna,Home Office,Completed,Debit Card
O008388,2023-12-29,C00462,South,Hyderabad,Home Office,Completed,Wallet
O008389,2025-03-02,C00117,West,Surat,Consumer,Completed,Credit Card
O008390,2024-12-14,C00028,East,Guwahati,Consumer,Completed,Net Banking
O008391,2023-05-05,C00088,North,Lucknow,Consumer,Completed,Net Banking
O008392,2023-08-22,C00306,East,Guwahati,Home Office,Completed,Credit Card
O008393,2024-11-27,C00699,West,Ahmedabad,Consumer,Completed,Credit Card
O008394,2024-06-27,C00508,North,Delhi,Consumer,Completed,Debit Card
O008395,2025-08-08,C00571,West,Mumbai,Consumer,Completed,Debit Card
O008396,2024-01-18,C00320,East,Guwahati,Corporate,Completed,Net Banking
O008397,2023-11-18,C00203,West,Ahmedabad,Corporate,Completed,UPI
O008398,2023-05-23,C00340,North,Delhi,Home Office,Completed,Net Banking
O008399,2023-04-15,C00628,West,Ahmedabad,Corporate,Completed,Net Banking
O008400,2023-07-09,C00239,North,Jaipur,Consumer,Completed,Net Banking
O008401,2023-04-20,C00635,East,Patna,Corporate,Completed,Credit Card
O008402,2025-05-05,C00553,East,Patna,Consumer,Completed,Wallet
O008403,2024-02-27,C00328,South,Kochi,Consumer,Completed,Credit Card
O008404,2023-09-08,C00240,East,Bhubaneswar,Consumer,Completed,Debit Card
O008405,2024-05-22,C00531,North,Jaipur,Consumer,Completed,UPI
O008406,2024-04-16,C00262,South,Kochi,Corporate,Completed,Credit Card
O008407,2025-12-19,C00666,West,Surat,Consumer,Completed,Credit Card
O008408,2025-11-05,C00338,East,Patna,Consumer,Completed,Net Banking
O008409,2025-05-24,C00001,North,Delhi,Consumer,Completed,UPI
O008410,2025-08-05,C00343,North,Lucknow,Corporate,Completed,Wallet
O008411,2023-05-15,C00526,West,Pune,Corporate,Completed,UPI
O008412,2024-04-07,C00694,North,Delhi,Consumer,Completed,Debit Card
O008413,2024-05-27,C00372,West,Surat,Consumer,Completed,Wallet
O008414,2025-01-04,C00023,North,Jaipur,Home Office,Completed,Credit Card
O008415,2024-06-16,C00370,South,Kochi,Consumer,Completed,Wallet
O008416,2025-01-12,C00165,East,Guwahati,Corporate,Completed,UPI
O008417,2025-06-27,C00181,South,Hyderabad,Consumer,Completed,Net Banking
O008418,2024-07-14,C00531,North,Jaipur,Consumer,Completed,Wallet
O008419,2025-06-06,C00186,North,Delhi,Consumer,Completed,Wallet
O008420,2025-07-07,C00029,North,Chandigarh,Corporate,Completed,Net Banking
O008421,2025-10-17,C00004,East,Bhubaneswar,Corporate,Completed,Net Banking
O008422,2025-06-09,C00523,West,Mumbai,Consumer,Completed,UPI
O008423,2023-08-18,C00413,East,Patna,Corporate,Completed,Net Banking
O008424,2023-11-06,C00069,South,Chennai,Home Office,Completed,Debit Card
O008425,2024-08-06,C00715,East,Patna,Consumer,Completed,Net Banking
O008426,2023-07-01,C00017,North,Chandigarh,Consumer,Completed,Net Banking
O008427,2024-08-11,C00278,West,Ahmedabad,Corporate,Completed,Debit Card
O008428,2024-07-23,C00025,North,Chandigarh,Consumer,Completed,Wallet
O008429,2024-01-06,C00102,South,Hyderabad,Home Office,Completed,Net Banking
O008430,2023-05-14,C00579,West,Mumbai,Consumer,Completed,Wallet
O008431,2024-08-23,C00361,East,Patna,Consumer,Completed,Net Banking
O008432,2025-08-08,C00121,North,Jaipur,Corporate,Completed,Debit Card
O008433,2025-09-25,C00511,West,Surat,Consumer,Completed,Wallet
O008434,2024-02-22,C00704,East,Kolkata,Consumer,Completed,Wallet
O008435,2025-01-09,C00740,South,Hyderabad,Consumer,Returned,Net Banking
O008436,2025-02-02,C00098,East,Patna,Home Office,Completed,Debit Card
O008437,2024-12-30,C00568,South,Bengaluru,Consumer,Completed,Net Banking
O008438,2025-08-27,C00483,South,Bengaluru,Consumer,Completed,Wallet
O008439,2025-10-16,C00008,East,Guwahati,Consumer,Completed,Debit Card
O008440,2025-05-02,C00316,West,Pune,Corporate,Completed,Wallet
O008441,2023-11-29,C00301,North,Lucknow,Corporate,Completed,Debit Card
O008442,2025-01-29,C00281,South,Chennai,Home Office,Completed,Wallet
O008443,2024-09-06,C00237,South,Chennai,Home Office,Completed,Net Banking
O008444,2024-04-20,C00165,East,Guwahati,Corporate,Completed,UPI
O008445,2023-07-20,C00283,East,Bhubaneswar,Home Office,Completed,Credit Card
O008446,2024-01-23,C00383,East,Bhubaneswar,Corporate,Completed,Debit Card
O008447,2025-05-26,C00729,West,Ahmedabad,Consumer,Completed,Credit Card
O008448,2025-05-28,C00722,East,Guwahati,Consumer,Completed,Net Banking
O008449,2023-05-24,C00163,West,Mumbai,Consumer,Completed,Net Banking
O008450,2024-07-08,C00534,East,Patna,Home Office,Completed,UPI
O008451,2025-11-14,C00128,West,Mumbai,Consumer,Completed,Wallet
O008452,2024-09-10,C00312,North,Lucknow,Consumer,Completed,Credit Card
O008453,2025-12-14,C00170,East,Bhubaneswar,Consumer,Completed,Credit Card
O008454,2025-05-15,C00727,East,Patna,Home Office,Completed,Credit Card
O008455,2024-04-01,C00499,North,Delhi,Home Office,Completed,UPI
O008456,2025-10-16,C00173,East,Bhubaneswar,Consumer,Completed,Wallet
O008457,2023-05-23,C00320,East,Guwahati,Corporate,Completed,UPI
O008458,2023-11-14,C00493,North,Chandigarh,Corporate,Completed,Wallet
O008459,2025-05-09,C00546,West,Mumbai,Consumer,Completed,Credit Card
O008460,2023-03-14,C00641,North,Delhi,Corporate,Completed,Net Banking
O008461,2025-04-07,C00309,South,Bengaluru,Home Office,Completed,Debit Card
O008462,2024-10-27,C00530,North,Chandigarh,Consumer,Completed,Credit Card
O008463,2024-05-23,C00387,North,Delhi,Corporate,Completed,UPI
O008464,2024-07-11,C00355,South,Bengaluru,Corporate,Completed,Credit Card
O008465,2024-08-05,C00306,East,Guwahati,Home Office,Completed,Wallet
O008466,2023-07-02,C00384,South,Kochi,Corporate,Completed,Wallet
O008467,2024-12-05,C00276,North,Chandigarh,Consumer,Completed,Net Banking
O008468,2024-08-21,C00590,East,Guwahati,Consumer,Completed,Net Banking
O008469,2024-04-29,C00705,East,Bhubaneswar,Consumer,Completed,Credit Card
O008470,2025-08-30,C00459,South,Chennai,Consumer,Completed,UPI
O008471,2024-06-06,C00601,East,Bhubaneswar,Consumer,Returned,Debit Card
O008472,2024-06-22,C00002,North,Jaipur,Consumer,Completed,Wallet
O008473,2024-09-07,C00626,North,Jaipur,Corporate,Completed,Net Banking
O008474,2024-09-20,C00709,West,Pune,Corporate,Completed,UPI
O008475,2023-11-12,C00456,North,Delhi,Consumer,Completed,UPI
O008476,2024-09-01,C00209,South,Hyderabad,Consumer,Completed,Debit Card
O008477,2023-04-27,C00541,North,Delhi,Consumer,Completed,Net Banking
O008478,2024-11-17,C00295,South,Bengaluru,Corporate,Completed,Debit Card
O008479,2024-10-04,C00564,East,Kolkata,Consumer,Completed,UPI
O008480,2023-11-25,C00313,South,Hyderabad,Consumer,Completed,Debit Card
O008481,2023-10-01,C00394,East,Guwahati,Consumer,Completed,Debit Card
O008482,2023-02-22,C00037,West,Surat,Consumer,Completed,UPI
O008483,2023-07-21,C00613,North,Chandigarh,Consumer,Completed,Credit Card
O008484,2023-03-28,C00089,East,Guwahati,Corporate,Completed,Credit Card
O008485,2024-08-31,C00267,West,Pune,Home Office,Cancelled,Wallet
O008486,2025-08-30,C00257,West,Mumbai,Home Office,Completed,Net Banking
O008487,2023-11-02,C00329,North,Chandigarh,Home Office,Completed,UPI
O008488,2024-03-10,C00606,North,Delhi,Consumer,Completed,Debit Card
O008489,2025-10-15,C00027,South,Kochi,Consumer,Completed,Credit Card
O008490,2024-10-19,C00483,South,Bengaluru,Consumer,Completed,UPI
O008491,2024-10-06,C00722,East,Guwahati,Consumer,Returned,Debit Card
O008492,2024-05-06,C00681,West,Surat,Corporate,Completed,Wallet
O008493,2025-11-15,C00532,South,Hyderabad,Consumer,Completed,Debit Card
O008494,2023-09-01,C00710,West,Mumbai,Home Office,Completed,Wallet
O008495,2025-02-20,C00643,West,Pune,Consumer,Completed,Wallet
O008496,2023-04-10,C00222,West,Surat,Corporate,Returned,Wallet
O008497,2023-01-03,C00231,South,Bengaluru,Consumer,Completed,UPI
O008498,2024-10-18,C00084,East,Bhubaneswar,Consumer,Completed,Net Banking
O008499,2025-10-25,C00186,North,Delhi,Consumer,Completed,Debit Card
O008500,2024-09-22,C00615,West,Mumbai,Consumer,Completed,Credit Card
O008501,2024-11-26,C00574,South,Hyderabad,Consumer,Completed,Wallet
O008502,2024-04-05,C00529,South,Hyderabad,Home Office,Completed,UPI
O008503,2024-07-04,C00260,East,Bhubaneswar,Home Office,Completed,Debit Card
O008504,2025-03-07,C00245,West,Mumbai,Consumer,Completed,Wallet
O008505,2024-03-12,C00347,West,Ahmedabad,Consumer,Completed,Credit Card
O008506,2024-09-26,C00738,East,Kolkata,Consumer,Completed,Debit Card
O008507,2025-10-06,C00443,East,Kolkata,Consumer,Completed,Debit Card
O008508,2024-11-20,C00053,West,Surat,Home Office,Completed,Credit Card
O008509,2023-06-01,C00069,South,Chennai,Home Office,Completed,UPI
O008510,2023-03-25,C00245,West,Mumbai,Consumer,Completed,Wallet
O008511,2023-02-23,C00336,East,Guwahati,Consumer,Completed,Wallet
O008512,2023-07-12,C00719,South,Hyderabad,Consumer,Completed,Net Banking
O008513,2025-02-28,C00398,South,Kochi,Corporate,Completed,Net Banking
O008514,2024-10-18,C00579,West,Mumbai,Consumer,Completed,Credit Card
O008515,2025-10-01,C00004,East,Bhubaneswar,Corporate,Completed,Debit Card
O008516,2023-04-22,C00208,North,Delhi,Corporate,Completed,Debit Card
O008517,2025-02-10,C00453,East,Patna,Consumer,Completed,Credit Card
O008518,2024-10-10,C00001,North,Delhi,Consumer,Completed,Debit Card
O008519,2025-04-26,C00248,North,Lucknow,Consumer,Completed,Credit Card
O008520,2023-03-14,C00435,North,Lucknow,Consumer,Completed,Credit Card
O008521,2025-02-16,C00680,North,Chandigarh,Home Office,Returned,UPI
O008522,2025-10-02,C00170,East,Bhubaneswar,Consumer,Completed,UPI
O008523,2024-12-08,C00609,South,Hyderabad,Consumer,Completed,Net Banking
O008524,2025-02-10,C00467,North,Jaipur,Corporate,Completed,Net Banking
O008525,2025-10-09,C00291,North,Delhi,Consumer,Completed,Wallet
O008526,2023-03-24,C00055,South,Hyderabad,Consumer,Completed,Net Banking
O008527,2024-07-18,C00564,East,Kolkata,Consumer,Completed,Debit Card
O008528,2025-12-13,C00305,West,Surat,Consumer,Completed,UPI
O008529,2025-06-26,C00220,South,Chennai,Consumer,Completed,Credit Card
O008530,2025-06-23,C00034,East,Kolkata,Consumer,Completed,Credit Card
O008531,2024-03-02,C00334,South,Chennai,Consumer,Returned,Wallet
O008532,2023-06-01,C00739,South,Bengaluru,Corporate,Completed,UPI
O008533,2023-12-12,C00434,East,Guwahati,Home Office,Completed,Net Banking
O008534,2025-08-04,C00484,West,Mumbai,Consumer,Completed,Credit Card
O008535,2025-02-03,C00404,North,Jaipur,Consumer,Completed,Debit Card
O008536,2024-09-02,C00657,East,Patna,Corporate,Completed,Wallet
O008537,2024-08-10,C00649,South,Kochi,Home Office,Completed,Net Banking
O008538,2024-06-03,C00519,North,Delhi,Consumer,Cancelled,UPI
O008539,2024-08-11,C00510,East,Guwahati,Consumer,Completed,Net Banking
O008540,2023-05-24,C00335,South,Bengaluru,Consumer,Completed,Wallet
O008541,2023-06-04,C00001,North,Delhi,Consumer,Completed,Credit Card
O008542,2025-07-13,C00649,South,Kochi,Home Office,Completed,UPI
O008543,2025-08-11,C00220,South,Chennai,Consumer,Completed,UPI
O008544,2025-12-03,C00710,West,Mumbai,Home Office,Completed,Wallet
O008545,2025-01-07,C00718,North,Delhi,Corporate,Completed,Credit Card
O008546,2024-07-22,C00615,West,Mumbai,Consumer,Completed,Credit Card
O008547,2024-08-26,C00480,South,Bengaluru,Consumer,Completed,Debit Card
O008548,2023-09-06,C00667,West,Surat,Corporate,Completed,Debit Card
O008549,2023-09-18,C00479,South,Kochi,Consumer,Completed,Wallet
O008550,2024-12-28,C00375,East,Guwahati,Home Office,Completed,Debit Card
O008551,2023-07-27,C00176,West,Mumbai,Corporate,Completed,Credit Card
O008552,2023-12-20,C00532,South,Hyderabad,Consumer,Completed,Net Banking
O008553,2023-02-09,C00378,West,Pune,Home Office,Completed,UPI
O008554,2023-04-25,C00120,East,Kolkata,Corporate,Completed,Debit Card
O008555,2025-08-20,C00257,West,Mumbai,Home Office,Completed,UPI
O008556,2024-08-22,C00434,East,Guwahati,Home Office,Completed,Debit Card
O008557,2025-06-16,C00317,West,Pune,Consumer,Completed,UPI
O008558,2025-06-23,C00020,West,Mumbai,Home Office,Completed,Debit Card
O008559,2025-11-05,C00676,South,Bengaluru,Consumer,Completed,Net Banking
O008560,2025-03-11,C00601,East,Bhubaneswar,Consumer,Returned,Net Banking
O008561,2023-10-25,C00337,East,Bhubaneswar,Consumer,Completed,Credit Card
O008562,2023-12-22,C00288,South,Kochi,Consumer,Completed,Debit Card
O008563,2023-06-16,C00633,East,Patna,Corporate,Completed,UPI
O008564,2023-02-01,C00217,North,Chandigarh,Home Office,Completed,Wallet
O008565,2023-01-28,C00186,North,Delhi,Consumer,Completed,Net Banking
O008566,2025-03-25,C00368,North,Jaipur,Home Office,Completed,Wallet
O008567,2025-08-06,C00080,East,Guwahati,Corporate,Completed,UPI
O008568,2024-04-08,C00034,East,Kolkata,Consumer,Completed,Wallet
O008569,2025-07-29,C00563,West,Surat,Consumer,Completed,Wallet
O008570,2023-09-04,C00338,East,Patna,Consumer,Completed,Debit Card
O008571,2025-06-06,C00123,West,Mumbai,Consumer,Completed,Net Banking
O008572,2025-12-31,C00656,North,Lucknow,Consumer,Completed,Wallet
O008573,2025-01-22,C00644,South,Kochi,Consumer,Completed,Debit Card
O008574,2023-05-04,C00239,North,Jaipur,Consumer,Completed,Debit Card
O008575,2023-06-20,C00299,East,Kolkata,Home Office,Completed,Wallet
O008576,2024-11-27,C00507,West,Surat,Consumer,Completed,Net Banking
O008577,2025-12-31,C00048,West,Pune,Home Office,Completed,Wallet
O008578,2025-04-06,C00028,East,Guwahati,Consumer,Completed,Wallet
O008579,2024-10-10,C00512,South,Hyderabad,Home Office,Completed,Debit Card
O008580,2024-01-13,C00219,North,Jaipur,Home Office,Completed,Net Banking
O008581,2024-12-05,C00324,South,Kochi,Consumer,Returned,UPI
O008582,2023-04-04,C00032,West,Mumbai,Consumer,Completed,UPI
O008583,2023-10-26,C00179,East,Guwahati,Home Office,Completed,Credit Card
O008584,2025-11-29,C00236,East,Patna,Consumer,Completed,UPI
O008585,2024-07-17,C00681,West,Surat,Corporate,Completed,Credit Card
O008586,2025-05-15,C00043,South,Chennai,Consumer,Completed,Debit Card
O008587,2025-01-01,C00636,East,Guwahati,Consumer,Completed,UPI
O008588,2025-01-06,C00696,East,Patna,Consumer,Completed,Credit Card
O008589,2023-03-24,C00595,South,Chennai,Corporate,Completed,Wallet
O008590,2023-01-31,C00468,North,Lucknow,Consumer,Completed,UPI
O008591,2024-05-07,C00219,North,Jaipur,Home Office,Completed,UPI
O008592,2025-11-03,C00336,East,Guwahati,Consumer,Completed,UPI
O008593,2024-07-23,C00546,West,Mumbai,Consumer,Completed,UPI
O008594,2023-05-24,C00205,North,Jaipur,Corporate,Completed,Net Banking
O008595,2025-12-07,C00225,West,Mumbai,Consumer,Completed,Credit Card
O008596,2024-03-13,C00585,West,Surat,Consumer,Completed,Wallet
O008597,2025-06-20,C00488,West,Ahmedabad,Home Office,Completed,Debit Card
O008598,2023-12-21,C00556,South,Bengaluru,Corporate,Completed,Credit Card
O008599,2024-11-28,C00269,West,Ahmedabad,Consumer,Completed,Wallet
O008600,2023-05-05,C00343,North,Lucknow,Corporate,Completed,Net Banking
O008601,2023-08-03,C00336,East,Guwahati,Consumer,Completed,Credit Card
O008602,2023-03-27,C00452,South,Kochi,Consumer,Completed,Net Banking
O008603,2025-01-03,C00087,South,Kochi,Home Office,Completed,Debit Card
O008604,2023-07-18,C00254,South,Bengaluru,Consumer,Completed,Debit Card
O008605,2025-05-02,C00053,West,Surat,Home Office,Completed,Credit Card
O008606,2025-03-27,C00042,East,Guwahati,Consumer,Completed,UPI
O008607,2025-09-21,C00583,West,Ahmedabad,Corporate,Completed,Wallet
O008608,2024-09-03,C00075,West,Pune,Consumer,Returned,UPI
O008609,2023-06-20,C00223,North,Delhi,Consumer,Completed,Credit Card
O008610,2024-07-07,C00356,West,Pune,Consumer,Cancelled,Net Banking
O008611,2023-04-19,C00598,North,Delhi,Consumer,Completed,Net Banking
O008612,2023-11-30,C00516,South,Bengaluru,Consumer,Completed,Credit Card
O008613,2023-02-08,C00526,West,Pune,Corporate,Completed,Debit Card
O008614,2023-05-19,C00733,East,Kolkata,Consumer,Completed,Debit Card
O008615,2024-08-31,C00277,East,Patna,Consumer,Completed,Wallet
O008616,2025-03-10,C00572,West,Surat,Consumer,Completed,UPI
O008617,2025-10-03,C00631,West,Mumbai,Consumer,Completed,Credit Card
O008618,2025-10-04,C00572,West,Surat,Consumer,Completed,Net Banking
O008619,2023-10-19,C00069,South,Chennai,Home Office,Completed,Net Banking
O008620,2023-05-31,C00156,East,Bhubaneswar,Consumer,Completed,Debit Card
O008621,2023-10-31,C00482,North,Lucknow,Home Office,Completed,Net Banking
O008622,2024-10-01,C00727,East,Patna,Home Office,Completed,Credit Card
O008623,2025-08-04,C00382,East,Guwahati,Home Office,Completed,Credit Card
O008624,2024-09-01,C00478,South,Chennai,Consumer,Completed,Wallet
O008625,2023-10-01,C00212,West,Surat,Corporate,Completed,UPI
O008626,2025-05-12,C00613,North,Chandigarh,Consumer,Completed,Wallet
O008627,2025-01-07,C00180,East,Guwahati,Consumer,Completed,Debit Card
O008628,2025-05-28,C00538,West,Pune,Home Office,Completed,Net Banking
O008629,2023-06-12,C00635,East,Patna,Corporate,Completed,Credit Card
O008630,2024-05-08,C00003,North,Lucknow,Home Office,Completed,Wallet
O008631,2025-09-04,C00435,North,Lucknow,Consumer,Completed,Debit Card
O008632,2025-05-07,C00332,West,Ahmedabad,Consumer,Completed,Net Banking
O008633,2025-06-22,C00042,East,Guwahati,Consumer,Returned,UPI
O008634,2025-03-15,C00118,East,Guwahati,Corporate,Completed,Debit Card
O008635,2023-10-18,C00063,East,Kolkata,Corporate,Completed,Credit Card
O008636,2023-10-06,C00682,North,Jaipur,Consumer,Completed,Wallet
O008637,2023-03-29,C00359,West,Surat,Home Office,Completed,Credit Card
O008638,2025-05-15,C00543,East,Patna,Consumer,Completed,UPI
O008639,2024-10-22,C00350,East,Patna,Consumer,Completed,Wallet
O008640,2023-03-09,C00497,East,Patna,Consumer,Completed,Debit Card
O008641,2023-07-06,C00272,East,Guwahati,Corporate,Completed,Wallet
O008642,2024-11-10,C00652,West,Ahmedabad,Home Office,Completed,Debit Card
O008643,2023-08-18,C00385,East,Patna,Consumer,Completed,Credit Card
O008644,2024-09-02,C00093,East,Kolkata,Consumer,Completed,UPI
O008645,2024-11-12,C00113,South,Hyderabad,Consumer,Completed,Debit Card
O008646,2024-11-20,C00286,South,Bengaluru,Consumer,Completed,Net Banking
O008647,2024-11-23,C00207,North,Jaipur,Consumer,Completed,Wallet
O008648,2023-06-26,C00384,South,Kochi,Corporate,Completed,Credit Card
O008649,2023-04-01,C00707,East,Kolkata,Consumer,Completed,Net Banking
O008650,2023-05-26,C00477,West,Mumbai,Consumer,Completed,Wallet
O008651,2023-11-16,C00135,West,Surat,Consumer,Completed,Debit Card
O008652,2025-04-16,C00686,North,Delhi,Corporate,Completed,Credit Card
O008653,2025-09-06,C00684,North,Jaipur,Consumer,Completed,Debit Card
O008654,2024-12-17,C00359,West,Surat,Home Office,Completed,Net Banking
O008655,2025-08-02,C00168,South,Bengaluru,Consumer,Completed,UPI
O008656,2024-02-20,C00647,North,Delhi,Consumer,Completed,Debit Card
O008657,2024-02-10,C00642,East,Patna,Home Office,Completed,Net Banking
O008658,2023-09-20,C00446,North,Chandigarh,Consumer,Completed,Credit Card
O008659,2023-06-10,C00042,East,Guwahati,Consumer,Completed,Debit Card
O008660,2023-01-30,C00656,North,Lucknow,Consumer,Completed,Credit Card
O008661,2023-01-20,C00373,West,Pune,Corporate,Returned,Wallet
O008662,2024-07-30,C00528,East,Kolkata,Consumer,Completed,Credit Card
O008663,2025-05-21,C00417,North,Delhi,Consumer,Completed,Credit Card
O008664,2025-01-26,C00602,East,Guwahati,Corporate,Returned,Net Banking
O008665,2024-07-17,C00027,South,Kochi,Consumer,Completed,UPI
O008666,2023-01-07,C00473,East,Bhubaneswar,Consumer,Completed,Credit Card
O008667,2024-11-19,C00672,East,Bhubaneswar,Consumer,Completed,Debit Card
O008668,2025-12-03,C00726,North,Chandigarh,Consumer,Completed,Wallet
O008669,2023-05-07,C00410,South,Bengaluru,Consumer,Completed,Wallet
O008670,2024-10-04,C00114,West,Surat,Home Office,Completed,Credit Card
O008671,2023-07-20,C00265,East,Guwahati,Consumer,Completed,Credit Card
O008672,2024-02-23,C00664,West,Pune,Consumer,Completed,UPI
O008673,2024-01-07,C00315,South,Bengaluru,Corporate,Completed,Wallet
O008674,2024-01-26,C00570,East,Bhubaneswar,Home Office,Completed,Wallet
O008675,2023-11-02,C00582,South,Bengaluru,Consumer,Completed,Net Banking
O008676,2024-07-30,C00285,West,Pune,Consumer,Completed,Debit Card
O008677,2023-06-11,C00466,North,Delhi,Consumer,Completed,Credit Card
O008678,2023-11-14,C00393,South,Chennai,Consumer,Completed,Debit Card
O008679,2023-04-01,C00276,North,Chandigarh,Consumer,Completed,Wallet
O008680,2024-05-22,C00657,East,Patna,Corporate,Completed,Wallet
O008681,2025-03-08,C00620,North,Jaipur,Consumer,Completed,Credit Card
O008682,2023-10-30,C00157,South,Hyderabad,Consumer,Completed,Wallet
O008683,2025-08-22,C00697,North,Delhi,Corporate,Completed,Net Banking
O008684,2023-01-31,C00304,North,Delhi,Home Office,Completed,Wallet
O008685,2025-02-28,C00009,East,Bhubaneswar,Consumer,Completed,Wallet
O008686,2024-09-28,C00202,East,Guwahati,Home Office,Completed,Debit Card
O008687,2025-11-30,C00561,East,Kolkata,Consumer,Completed,Wallet
O008688,2024-06-23,C00739,South,Bengaluru,Corporate,Completed,Debit Card
O008689,2025-07-01,C00625,East,Bhubaneswar,Home Office,Completed,Debit Card
O008690,2024-09-27,C00231,South,Bengaluru,Consumer,Completed,Net Banking
O008691,2023-01-04,C00345,West,Mumbai,Consumer,Returned,Net Banking
O008692,2023-08-14,C00722,East,Guwahati,Consumer,Completed,Wallet
O008693,2024-06-13,C00158,South,Hyderabad,Consumer,Completed,UPI
O008694,2025-11-04,C00472,South,Bengaluru,Home Office,Completed,Debit Card
O008695,2023-08-26,C00100,North,Lucknow,Consumer,Completed,Net Banking
O008696,2024-09-18,C00291,North,Delhi,Consumer,Completed,Net Banking
O008697,2024-04-14,C00690,South,Chennai,Consumer,Completed,Net Banking
O008698,2023-02-18,C00169,North,Jaipur,Home Office,Completed,Net Banking
O008699,2023-09-10,C00453,East,Patna,Consumer,Completed,Credit Card
O008700,2023-08-16,C00705,East,Bhubaneswar,Consumer,Completed,Debit Card
O008701,2025-11-19,C00220,South,Chennai,Consumer,Completed,Net Banking
O008702,2024-11-08,C00315,South,Bengaluru,Corporate,Completed,Net Banking
O008703,2024-01-08,C00032,West,Mumbai,Consumer,Completed,Wallet
O008704,2025-08-12,C00729,West,Ahmedabad,Consumer,Completed,UPI
O008705,2025-11-16,C00543,East,Patna,Consumer,Returned,UPI
O008706,2024-01-08,C00502,East,Bhubaneswar,Consumer,Completed,Debit Card
O008707,2024-10-16,C00749,North,Lucknow,Consumer,Completed,Wallet
O008708,2023-08-15,C00191,North,Lucknow,Home Office,Completed,Wallet
O008709,2025-04-03,C00123,West,Mumbai,Consumer,Completed,Credit Card
O008710,2025-07-22,C00024,North,Lucknow,Consumer,Completed,Credit Card
O008711,2024-02-27,C00651,West,Surat,Consumer,Completed,Wallet
O008712,2024-12-25,C00229,West,Mumbai,Consumer,Completed,UPI
O008713,2024-12-13,C00031,North,Lucknow,Consumer,Completed,Net Banking
O008714,2024-08-01,C00046,North,Lucknow,Consumer,Completed,Wallet
O008715,2025-05-25,C00361,East,Patna,Consumer,Completed,UPI
O008716,2025-07-23,C00444,North,Jaipur,Consumer,Completed,UPI
O008717,2024-11-14,C00678,North,Lucknow,Consumer,Completed,Debit Card
O008718,2024-10-29,C00745,North,Chandigarh,Consumer,Completed,UPI
O008719,2025-07-02,C00577,East,Bhubaneswar,Home Office,Completed,UPI
O008720,2024-05-18,C00712,South,Chennai,Corporate,Completed,Wallet
O008721,2023-12-20,C00295,South,Bengaluru,Corporate,Completed,Wallet
O008722,2025-06-30,C00437,South,Chennai,Consumer,Completed,UPI
O008723,2025-09-03,C00648,North,Delhi,Corporate,Completed,Debit Card
O008724,2023-04-14,C00107,West,Mumbai,Consumer,Completed,Debit Card
O008725,2024-04-13,C00092,North,Lucknow,Home Office,Returned,Debit Card
O008726,2024-01-09,C00225,West,Mumbai,Consumer,Completed,Credit Card
O008727,2023-04-21,C00353,South,Kochi,Consumer,Completed,UPI
O008728,2025-11-18,C00518,South,Kochi,Consumer,Completed,Credit Card
O008729,2024-06-22,C00009,East,Bhubaneswar,Consumer,Completed,Wallet
O008730,2025-05-15,C00152,East,Guwahati,Corporate,Completed,UPI
O008731,2024-03-20,C00018,West,Mumbai,Home Office,Completed,UPI
O008732,2023-05-07,C00096,South,Kochi,Corporate,Completed,Debit Card
O008733,2023-05-03,C00341,North,Lucknow,Consumer,Completed,Credit Card
O008734,2023-12-31,C00740,South,Hyderabad,Consumer,Completed,UPI
O008735,2025-07-19,C00409,East,Bhubaneswar,Consumer,Completed,Credit Card
O008736,2024-10-19,C00313,South,Hyderabad,Consumer,Completed,Net Banking
O008737,2023-08-12,C00623,East,Bhubaneswar,Corporate,Completed,Debit Card
O008738,2023-06-14,C00037,West,Surat,Consumer,Completed,Wallet
O008739,2023-08-01,C00720,East,Bhubaneswar,Consumer,Completed,Net Banking
O008740,2025-01-27,C00192,East,Guwahati,Consumer,Completed,Credit Card
O008741,2024-02-24,C00417,North,Delhi,Consumer,Completed,Debit Card
O008742,2025-04-15,C00042,East,Guwahati,Consumer,Completed,Wallet
O008743,2024-07-03,C00727,East,Patna,Home Office,Completed,Debit Card
O008744,2025-06-18,C00076,West,Surat,Corporate,Completed,UPI
O008745,2025-02-06,C00268,South,Kochi,Consumer,Completed,Credit Card
O008746,2024-05-14,C00017,North,Chandigarh,Consumer,Completed,Wallet
O008747,2024-06-06,C00279,South,Hyderabad,Home Office,Completed,Debit Card
O008748,2025-07-19,C00005,East,Patna,Consumer,Completed,Credit Card
O008749,2024-04-23,C00156,East,Bhubaneswar,Consumer,Completed,Debit Card
O008750,2025-03-01,C00651,West,Surat,Consumer,Completed,Wallet
O008751,2025-05-14,C00258,North,Lucknow,Consumer,Completed,Credit Card
O008752,2025-06-29,C00358,West,Mumbai,Consumer,Completed,Wallet
O008753,2023-05-29,C00126,East,Kolkata,Consumer,Completed,Credit Card
O008754,2025-08-26,C00514,North,Chandigarh,Corporate,Completed,Wallet
O008755,2024-07-02,C00231,South,Bengaluru,Consumer,Completed,Credit Card
O008756,2023-10-02,C00679,South,Chennai,Consumer,Completed,Wallet
O008757,2024-11-10,C00407,South,Chennai,Corporate,Completed,Credit Card
O008758,2025-04-03,C00024,North,Lucknow,Consumer,Completed,Credit Card
O008759,2023-05-26,C00500,South,Kochi,Consumer,Completed,Net Banking
O008760,2023-12-20,C00392,West,Surat,Home Office,Completed,Wallet
O008761,2025-08-23,C00432,South,Kochi,Home Office,Completed,Net Banking
O008762,2025-06-30,C00677,South,Bengaluru,Corporate,Completed,Net Banking
O008763,2024-01-24,C00030,South,Bengaluru,Consumer,Completed,Debit Card
O008764,2024-08-11,C00416,South,Kochi,Consumer,Completed,Credit Card
O008765,2023-10-21,C00739,South,Bengaluru,Corporate,Completed,UPI
O008766,2024-04-30,C00184,North,Jaipur,Consumer,Completed,UPI
O008767,2023-01-20,C00530,North,Chandigarh,Consumer,Completed,Debit Card
O008768,2024-03-25,C00084,East,Bhubaneswar,Consumer,Completed,Debit Card
O008769,2023-05-20,C00217,North,Chandigarh,Home Office,Completed,Debit Card
O008770,2025-06-02,C00269,West,Ahmedabad,Consumer,Completed,Wallet
O008771,2023-06-16,C00226,South,Bengaluru,Corporate,Returned,UPI
O008772,2025-06-18,C00548,East,Bhubaneswar,Consumer,Completed,Debit Card
O008773,2025-01-14,C00495,North,Chandigarh,Home Office,Completed,UPI
O008774,2024-05-30,C00654,South,Kochi,Consumer,Completed,Net Banking
O008775,2025-04-12,C00148,South,Bengaluru,Consumer,Cancelled,Debit Card
O008776,2024-07-09,C00667,West,Surat,Corporate,Completed,UPI
O008777,2023-12-27,C00595,South,Chennai,Corporate,Completed,UPI
O008778,2025-01-08,C00111,East,Patna,Consumer,Returned,Net Banking
O008779,2024-01-04,C00129,East,Kolkata,Consumer,Completed,Credit Card
O008780,2025-09-05,C00097,East,Guwahati,Consumer,Completed,UPI
O008781,2024-06-27,C00733,East,Kolkata,Consumer,Completed,Debit Card
O008782,2024-08-18,C00196,South,Bengaluru,Consumer,Completed,Net Banking
O008783,2025-11-02,C00041,South,Kochi,Corporate,Completed,Credit Card
O008784,2023-05-25,C00451,West,Mumbai,Home Office,Completed,UPI
O008785,2024-07-23,C00271,North,Jaipur,Home Office,Completed,Credit Card
O008786,2024-09-05,C00282,North,Jaipur,Consumer,Completed,Debit Card
O008787,2025-04-29,C00187,North,Lucknow,Consumer,Completed,Debit Card
O008788,2023-07-17,C00732,East,Guwahati,Corporate,Completed,Net Banking
O008789,2024-08-12,C00257,West,Mumbai,Home Office,Completed,UPI
O008790,2024-06-10,C00596,South,Chennai,Consumer,Completed,Net Banking
O008791,2025-03-19,C00345,West,Mumbai,Consumer,Completed,UPI
O008792,2024-10-29,C00711,East,Guwahati,Consumer,Completed,Wallet
O008793,2023-07-18,C00401,West,Mumbai,Consumer,Completed,Net Banking
O008794,2023-10-16,C00247,South,Chennai,Corporate,Completed,Wallet
O008795,2025-06-29,C00305,West,Surat,Consumer,Completed,Net Banking
O008796,2025-06-30,C00044,East,Kolkata,Consumer,Completed,Wallet
O008797,2025-06-12,C00667,West,Surat,Corporate,Completed,Debit Card
O008798,2024-07-09,C00291,North,Delhi,Consumer,Completed,Net Banking
O008799,2025-10-13,C00585,West,Surat,Consumer,Completed,Net Banking
O008800,2025-08-21,C00720,East,Bhubaneswar,Consumer,Completed,Net Banking
O008801,2023-10-15,C00226,South,Bengaluru,Corporate,Cancelled,Credit Card
O008802,2023-10-02,C00233,South,Kochi,Consumer,Completed,UPI
O008803,2024-04-12,C00155,North,Lucknow,Consumer,Completed,Credit Card
O008804,2025-02-25,C00377,West,Ahmedabad,Consumer,Returned,Debit Card
O008805,2024-05-18,C00350,East,Patna,Consumer,Completed,UPI
O008806,2025-10-20,C00107,West,Mumbai,Consumer,Completed,UPI
O008807,2023-03-13,C00361,East,Patna,Consumer,Completed,UPI
O008808,2024-12-12,C00738,East,Kolkata,Consumer,Completed,Wallet
O008809,2025-06-01,C00320,East,Guwahati,Corporate,Cancelled,UPI
O008810,2024-09-04,C00431,East,Guwahati,Home Office,Completed,Wallet
O008811,2025-09-09,C00613,North,Chandigarh,Consumer,Completed,Debit Card
O008812,2024-02-20,C00030,South,Bengaluru,Consumer,Completed,Debit Card
O008813,2023-12-07,C00589,North,Lucknow,Corporate,Completed,Credit Card
O008814,2024-09-30,C00579,West,Mumbai,Consumer,Completed,Credit Card
O008815,2023-06-15,C00558,South,Chennai,Consumer,Completed,Net Banking
O008816,2024-02-28,C00545,South,Hyderabad,Consumer,Completed,Credit Card
O008817,2023-11-24,C00124,East,Bhubaneswar,Home Office,Completed,Net Banking
O008818,2025-01-22,C00214,North,Delhi,Corporate,Completed,Debit Card
O008819,2023-07-30,C00618,South,Hyderabad,Consumer,Completed,Credit Card
O008820,2023-03-06,C00671,West,Surat,Consumer,Returned,UPI
O008821,2024-01-31,C00210,North,Chandigarh,Consumer,Completed,Credit Card
O008822,2023-02-17,C00640,South,Kochi,Consumer,Completed,Credit Card
O008823,2025-02-05,C00367,East,Kolkata,Consumer,Returned,Debit Card
O008824,2023-09-14,C00412,South,Kochi,Home Office,Completed,UPI
O008825,2024-06-14,C00236,East,Patna,Consumer,Completed,Credit Card
O008826,2023-10-30,C00223,North,Delhi,Consumer,Completed,Credit Card
O008827,2024-03-08,C00642,East,Patna,Home Office,Completed,UPI
O008828,2024-04-10,C00017,North,Chandigarh,Consumer,Completed,Credit Card
O008829,2025-10-05,C00112,East,Kolkata,Home Office,Completed,Net Banking
O008830,2023-04-21,C00579,West,Mumbai,Consumer,Completed,Debit Card
O008831,2023-12-27,C00302,East,Guwahati,Corporate,Completed,Wallet
O008832,2024-03-18,C00470,North,Chandigarh,Corporate,Completed,Credit Card
O008833,2024-02-28,C00713,North,Jaipur,Consumer,Completed,Wallet
O008834,2023-06-18,C00490,South,Hyderabad,Consumer,Completed,UPI
O008835,2023-11-28,C00586,West,Ahmedabad,Consumer,Completed,Wallet
O008836,2025-04-13,C00673,East,Patna,Consumer,Completed,UPI
O008837,2024-06-28,C00469,East,Bhubaneswar,Consumer,Completed,Wallet
O008838,2025-05-13,C00257,West,Mumbai,Home Office,Completed,Debit Card
O008839,2025-11-01,C00495,North,Chandigarh,Home Office,Completed,Wallet
O008840,2025-06-11,C00540,East,Bhubaneswar,Consumer,Completed,Credit Card
O008841,2024-07-26,C00209,South,Hyderabad,Consumer,Completed,Credit Card
O008842,2024-12-06,C00084,East,Bhubaneswar,Consumer,Completed,Net Banking
O008843,2023-03-01,C00232,North,Delhi,Consumer,Completed,Credit Card
O008844,2023-11-10,C00003,North,Lucknow,Home Office,Completed,Wallet
O008845,2023-08-09,C00094,East,Kolkata,Consumer,Completed,Wallet
O008846,2025-02-07,C00072,South,Hyderabad,Consumer,Completed,Debit Card
O008847,2023-04-21,C00466,North,Delhi,Consumer,Completed,Debit Card
O008848,2024-10-26,C00076,West,Surat,Corporate,Completed,Credit Card
O008849,2025-05-03,C00569,West,Surat,Consumer,Completed,UPI
O008850,2025-11-03,C00749,North,Lucknow,Consumer,Completed,UPI
O008851,2024-08-19,C00650,South,Kochi,Consumer,Completed,Debit Card
O008852,2023-05-01,C00113,South,Hyderabad,Consumer,Completed,UPI
O008853,2023-04-11,C00181,South,Hyderabad,Consumer,Completed,Credit Card
O008854,2023-12-08,C00103,South,Bengaluru,Consumer,Completed,Debit Card
O008855,2025-12-03,C00215,East,Kolkata,Consumer,Completed,Debit Card
O008856,2023-02-16,C00524,North,Jaipur,Consumer,Completed,Debit Card
O008857,2025-12-29,C00344,East,Kolkata,Consumer,Returned,UPI
O008858,2025-12-27,C00072,South,Hyderabad,Consumer,Completed,Net Banking
O008859,2025-12-07,C00122,East,Kolkata,Home Office,Completed,UPI
O008860,2024-03-28,C00066,West,Surat,Home Office,Returned,UPI
O008861,2025-08-10,C00585,West,Surat,Consumer,Completed,Credit Card
O008862,2024-09-01,C00169,North,Jaipur,Home Office,Completed,UPI
O008863,2024-02-13,C00285,West,Pune,Consumer,Completed,Debit Card
O008864,2024-04-10,C00416,South,Kochi,Consumer,Returned,Net Banking
O008865,2024-08-14,C00708,North,Chandigarh,Corporate,Completed,Wallet
O008866,2024-12-30,C00599,North,Lucknow,Consumer,Completed,UPI
O008867,2023-04-10,C00191,North,Lucknow,Home Office,Completed,Credit Card
O008868,2025-02-19,C00168,South,Bengaluru,Consumer,Completed,UPI
O008869,2025-06-30,C00639,South,Chennai,Consumer,Completed,Debit Card
O008870,2025-08-19,C00657,East,Patna,Corporate,Completed,UPI
O008871,2025-01-31,C00725,East,Bhubaneswar,Consumer,Completed,Net Banking
O008872,2025-11-11,C00618,South,Hyderabad,Consumer,Completed,UPI
O008873,2025-11-09,C00005,East,Patna,Consumer,Completed,UPI
O008874,2025-10-27,C00498,North,Lucknow,Consumer,Completed,Credit Card
O008875,2023-08-14,C00057,East,Bhubaneswar,Consumer,Completed,Credit Card
O008876,2025-08-14,C00228,South,Chennai,Home Office,Completed,Wallet
O008877,2024-06-22,C00536,South,Bengaluru,Consumer,Completed,Wallet
O008878,2025-12-18,C00414,East,Bhubaneswar,Consumer,Completed,Net Banking
O008879,2024-04-17,C00108,East,Kolkata,Corporate,Completed,Net Banking
O008880,2024-01-14,C00660,South,Bengaluru,Consumer,Completed,Wallet
O008881,2024-02-18,C00479,South,Kochi,Consumer,Completed,Wallet
O008882,2023-02-22,C00038,East,Guwahati,Consumer,Completed,Net Banking
O008883,2025-11-16,C00365,East,Guwahati,Corporate,Completed,Credit Card
O008884,2024-03-25,C00508,North,Delhi,Consumer,Completed,Net Banking
O008885,2023-02-11,C00142,East,Patna,Corporate,Completed,Debit Card
O008886,2025-12-28,C00133,West,Surat,Corporate,Completed,Net Banking
O008887,2024-05-11,C00639,South,Chennai,Consumer,Completed,Debit Card
O008888,2024-06-16,C00499,North,Delhi,Home Office,Completed,Credit Card
O008889,2023-05-19,C00225,West,Mumbai,Consumer,Returned,Wallet
O008890,2025-11-26,C00653,West,Mumbai,Consumer,Completed,Net Banking
O008891,2025-03-10,C00495,North,Chandigarh,Home Office,Completed,Credit Card
O008892,2025-10-07,C00654,South,Kochi,Consumer,Completed,Wallet
O008893,2024-01-10,C00710,West,Mumbai,Home Office,Completed,Credit Card
O008894,2025-12-01,C00529,South,Hyderabad,Home Office,Completed,Credit Card
O008895,2024-07-28,C00128,West,Mumbai,Consumer,Completed,Debit Card
O008896,2023-11-03,C00057,East,Bhubaneswar,Consumer,Completed,Debit Card
O008897,2025-04-22,C00723,South,Bengaluru,Consumer,Completed,Debit Card
O008898,2023-02-16,C00283,East,Bhubaneswar,Home Office,Completed,Wallet
O008899,2025-12-02,C00177,North,Delhi,Consumer,Completed,Debit Card
O008900,2025-09-08,C00133,West,Surat,Corporate,Completed,Wallet
O008901,2023-11-02,C00650,South,Kochi,Consumer,Completed,UPI
O008902,2024-08-29,C00121,North,Jaipur,Corporate,Completed,UPI
O008903,2023-09-09,C00313,South,Hyderabad,Consumer,Completed,Credit Card
O008904,2024-07-12,C00358,West,Mumbai,Consumer,Completed,Wallet
O008905,2025-04-05,C00089,East,Guwahati,Corporate,Completed,Debit Card
O008906,2024-04-23,C00431,East,Guwahati,Home Office,Completed,Credit Card
O008907,2023-01-25,C00358,West,Mumbai,Consumer,Completed,Wallet
O008908,2023-04-08,C00233,South,Kochi,Consumer,Completed,Credit Card
O008909,2024-07-05,C00337,East,Bhubaneswar,Consumer,Completed,UPI
O008910,2024-04-29,C00357,West,Surat,Corporate,Completed,UPI
O008911,2025-03-06,C00004,East,Bhubaneswar,Corporate,Completed,Credit Card
O008912,2024-04-17,C00444,North,Jaipur,Consumer,Completed,Wallet
O008913,2024-01-22,C00442,North,Jaipur,Corporate,Cancelled,UPI
O008914,2025-12-21,C00242,West,Pune,Corporate,Completed,Wallet
O008915,2023-09-06,C00359,West,Surat,Home Office,Completed,UPI
O008916,2025-11-14,C00547,East,Patna,Consumer,Completed,Wallet
O008917,2024-01-21,C00118,East,Guwahati,Corporate,Completed,Net Banking
O008918,2024-07-15,C00315,South,Bengaluru,Corporate,Completed,Debit Card
O008919,2023-08-19,C00736,South,Kochi,Corporate,Completed,Wallet
O008920,2025-02-02,C00659,East,Patna,Home Office,Completed,Credit Card
O008921,2023-11-20,C00607,West,Pune,Consumer,Completed,Wallet
O008922,2023-09-04,C00069,South,Chennai,Home Office,Completed,UPI
O008923,2023-12-19,C00577,East,Bhubaneswar,Home Office,Completed,UPI
O008924,2025-03-14,C00093,East,Kolkata,Consumer,Completed,Debit Card
O008925,2024-04-03,C00265,East,Guwahati,Consumer,Returned,Wallet
O008926,2024-08-31,C00073,South,Kochi,Home Office,Completed,Credit Card
O008927,2024-10-24,C00540,East,Bhubaneswar,Consumer,Completed,Wallet
O008928,2023-06-27,C00225,West,Mumbai,Consumer,Completed,UPI
O008929,2023-08-10,C00632,North,Lucknow,Consumer,Completed,UPI
O008930,2025-06-09,C00662,West,Surat,Home Office,Cancelled,UPI
O008931,2024-09-09,C00312,North,Lucknow,Consumer,Completed,UPI
O008932,2025-04-12,C00567,West,Ahmedabad,Consumer,Completed,UPI
O008933,2023-02-22,C00444,North,Jaipur,Consumer,Completed,Net Banking
O008934,2025-01-23,C00222,West,Surat,Corporate,Completed,Credit Card
O008935,2025-07-22,C00691,North,Delhi,Consumer,Returned,Credit Card
O008936,2023-04-16,C00131,West,Ahmedabad,Corporate,Completed,Net Banking
O008937,2023-07-13,C00431,East,Guwahati,Home Office,Completed,Net Banking
O008938,2024-09-28,C00167,South,Chennai,Home Office,Completed,Net Banking
O008939,2023-09-25,C00440,North,Delhi,Consumer,Completed,Credit Card
O008940,2024-09-25,C00190,West,Mumbai,Home Office,Completed,Net Banking
O008941,2025-05-21,C00417,North,Delhi,Consumer,Completed,Wallet
O008942,2024-01-10,C00684,North,Jaipur,Consumer,Completed,Wallet
O008943,2024-12-06,C00251,West,Ahmedabad,Consumer,Completed,Net Banking
O008944,2025-11-30,C00554,West,Mumbai,Consumer,Completed,Wallet
O008945,2024-06-20,C00450,South,Chennai,Corporate,Completed,Debit Card
O008946,2024-01-16,C00206,East,Bhubaneswar,Corporate,Completed,UPI
O008947,2024-11-30,C00317,West,Pune,Consumer,Completed,Credit Card
O008948,2025-03-30,C00450,South,Chennai,Corporate,Completed,Debit Card
O008949,2024-04-06,C00457,South,Hyderabad,Home Office,Completed,Wallet
O008950,2023-10-11,C00012,South,Kochi,Corporate,Completed,UPI
O008951,2023-04-14,C00157,South,Hyderabad,Consumer,Completed,Net Banking
O008952,2024-06-13,C00552,East,Bhubaneswar,Consumer,Completed,Debit Card
O008953,2024-06-07,C00512,South,Hyderabad,Home Office,Completed,Debit Card
O008954,2025-01-16,C00241,East,Patna,Consumer,Completed,Credit Card
O008955,2024-12-08,C00476,East,Kolkata,Home Office,Completed,Credit Card
O008956,2023-02-05,C00611,East,Guwahati,Consumer,Completed,UPI
O008957,2024-01-09,C00230,South,Chennai,Consumer,Completed,Wallet
O008958,2024-08-06,C00493,North,Chandigarh,Corporate,Completed,Credit Card
O008959,2024-11-17,C00636,East,Guwahati,Consumer,Completed,Wallet
O008960,2025-04-20,C00175,East,Bhubaneswar,Corporate,Completed,Debit Card
O008961,2023-02-17,C00006,West,Pune,Home Office,Completed,Net Banking
O008962,2024-08-06,C00139,East,Bhubaneswar,Consumer,Completed,Credit Card
O008963,2025-11-02,C00245,West,Mumbai,Consumer,Completed,Credit Card
O008964,2024-12-13,C00140,West,Mumbai,Consumer,Completed,Debit Card
O008965,2025-02-19,C00433,West,Ahmedabad,Consumer,Returned,Net Banking
O008966,2025-02-09,C00199,West,Mumbai,Corporate,Completed,Credit Card
O008967,2025-05-22,C00538,West,Pune,Home Office,Completed,Credit Card
O008968,2024-02-19,C00042,East,Guwahati,Consumer,Completed,Debit Card
O008969,2025-03-22,C00216,South,Chennai,Corporate,Completed,Debit Card
O008970,2025-04-06,C00321,West,Surat,Consumer,Completed,Net Banking
O008971,2024-03-07,C00441,South,Bengaluru,Consumer,Completed,Wallet
O008972,2024-02-04,C00200,West,Mumbai,Home Office,Completed,Net Banking
O008973,2025-07-25,C00155,North,Lucknow,Consumer,Completed,Net Banking
O008974,2025-01-15,C00519,North,Delhi,Consumer,Completed,Net Banking
O008975,2025-04-03,C00493,North,Chandigarh,Corporate,Completed,Debit Card
O008976,2024-11-27,C00378,West,Pune,Home Office,Completed,Wallet
O008977,2024-04-06,C00742,South,Kochi,Consumer,Returned,Net Banking
O008978,2023-11-13,C00490,South,Hyderabad,Consumer,Completed,Wallet
O008979,2024-10-08,C00693,North,Chandigarh,Consumer,Completed,Net Banking
O008980,2024-08-05,C00523,West,Mumbai,Consumer,Completed,Credit Card
O008981,2024-04-02,C00398,South,Kochi,Corporate,Completed,Net Banking
O008982,2025-05-20,C00383,East,Bhubaneswar,Corporate,Completed,Debit Card
O008983,2023-03-16,C00397,South,Bengaluru,Consumer,Completed,UPI
O008984,2025-05-26,C00324,South,Kochi,Consumer,Completed,Wallet
O008985,2023-04-24,C00032,West,Mumbai,Consumer,Completed,Debit Card
O008986,2025-10-08,C00046,North,Lucknow,Consumer,Returned,Net Banking
O008987,2025-03-12,C00532,South,Hyderabad,Consumer,Completed,Net Banking
O008988,2024-02-20,C00522,North,Chandigarh,Consumer,Completed,Net Banking
O008989,2024-01-01,C00126,East,Kolkata,Consumer,Completed,Credit Card
O008990,2023-06-28,C00286,South,Bengaluru,Consumer,Completed,Net Banking
O008991,2025-05-07,C00167,South,Chennai,Home Office,Cancelled,UPI
O008992,2025-09-27,C00624,South,Hyderabad,Consumer,Completed,Credit Card
O008993,2025-04-26,C00584,East,Guwahati,Consumer,Completed,Debit Card
O008994,2025-07-30,C00029,North,Chandigarh,Corporate,Completed,Net Banking
O008995,2023-08-31,C00381,South,Hyderabad,Home Office,Completed,Net Banking
O008996,2023-08-14,C00441,South,Bengaluru,Consumer,Completed,Debit Card
O008997,2024-11-25,C00042,East,Guwahati,Consumer,Completed,Credit Card
O008998,2025-05-15,C00670,North,Jaipur,Consumer,Completed,UPI
O008999,2024-11-27,C00366,North,Chandigarh,Consumer,Completed,Debit Card
O009000,2025-03-17,C00567,West,Ahmedabad,Consumer,Returned,UPI
O009001,2025-12-27,C00692,North,Chandigarh,Consumer,Completed,Wallet
O009002,2025-01-15,C00237,South,Chennai,Home Office,Completed,Credit Card
O009003,2023-01-28,C00549,South,Kochi,Consumer,Completed,UPI
O009004,2024-06-13,C00090,East,Guwahati,Consumer,Completed,Net Banking
O009005,2023-06-02,C00490,South,Hyderabad,Consumer,Completed,UPI
O009006,2024-02-17,C00641,North,Delhi,Corporate,Completed,Net Banking
O009007,2023-06-30,C00548,East,Bhubaneswar,Consumer,Completed,Wallet
O009008,2023-02-10,C00380,West,Mumbai,Home Office,Completed,Debit Card
O009009,2025-12-06,C00224,East,Patna,Home Office,Completed,Credit Card
O009010,2024-09-06,C00478,South,Chennai,Consumer,Completed,Wallet
O009011,2023-10-19,C00234,West,Ahmedabad,Consumer,Completed,Debit Card
O009012,2024-11-20,C00542,West,Ahmedabad,Consumer,Completed,UPI
O009013,2024-10-22,C00179,East,Guwahati,Home Office,Completed,Net Banking
O009014,2025-11-26,C00651,West,Surat,Consumer,Completed,Credit Card
O009015,2025-06-08,C00208,North,Delhi,Corporate,Completed,UPI
O009016,2025-04-22,C00651,West,Surat,Consumer,Completed,Credit Card
O009017,2023-07-02,C00065,East,Kolkata,Home Office,Completed,Net Banking
O009018,2024-05-26,C00603,North,Delhi,Consumer,Completed,UPI
O009019,2023-05-03,C00116,South,Kochi,Consumer,Completed,UPI
O009020,2025-05-27,C00669,West,Pune,Home Office,Completed,Net Banking
O009021,2024-01-13,C00404,North,Jaipur,Consumer,Completed,Credit Card
O009022,2025-01-27,C00058,West,Surat,Consumer,Completed,Wallet
O009023,2023-09-21,C00384,South,Kochi,Corporate,Completed,Wallet
O009024,2025-07-12,C00171,North,Lucknow,Consumer,Completed,Debit Card
O009025,2025-01-27,C00099,West,Ahmedabad,Consumer,Completed,Credit Card
O009026,2023-09-02,C00748,North,Delhi,Consumer,Completed,UPI
O009027,2025-09-05,C00496,North,Jaipur,Consumer,Completed,Net Banking
O009028,2023-03-25,C00700,East,Patna,Home Office,Completed,Debit Card
O009029,2024-04-07,C00087,South,Kochi,Home Office,Completed,UPI
O009030,2025-04-12,C00334,South,Chennai,Consumer,Completed,Net Banking
O009031,2024-02-28,C00637,East,Kolkata,Home Office,Completed,UPI
O009032,2023-02-05,C00486,North,Chandigarh,Corporate,Completed,Credit Card
O009033,2024-01-24,C00374,South,Kochi,Consumer,Completed,Net Banking
O009034,2025-10-28,C00258,North,Lucknow,Consumer,Completed,Net Banking
O009035,2023-03-28,C00081,West,Pune,Corporate,Completed,Debit Card
O009036,2023-09-20,C00528,East,Kolkata,Consumer,Completed,Debit Card
O009037,2025-12-15,C00131,West,Ahmedabad,Corporate,Completed,UPI
O009038,2023-06-07,C00280,South,Hyderabad,Home Office,Completed,Credit Card
O009039,2023-05-30,C00429,North,Delhi,Consumer,Completed,Debit Card
O009040,2025-12-17,C00025,North,Chandigarh,Consumer,Completed,Net Banking
O009041,2025-05-27,C00508,North,Delhi,Consumer,Completed,Credit Card
O009042,2025-08-24,C00343,North,Lucknow,Corporate,Completed,Net Banking
O009043,2024-08-18,C00159,South,Chennai,Consumer,Completed,Wallet
O009044,2025-11-27,C00567,West,Ahmedabad,Consumer,Completed,Wallet
O009045,2024-05-18,C00212,West,Surat,Corporate,Completed,Debit Card
O009046,2023-12-19,C00567,West,Ahmedabad,Consumer,Completed,Debit Card
O009047,2024-07-30,C00163,West,Mumbai,Consumer,Completed,Debit Card
O009048,2025-11-12,C00561,East,Kolkata,Consumer,Completed,Wallet
O009049,2023-02-28,C00284,South,Hyderabad,Consumer,Completed,Credit Card
O009050,2025-01-08,C00581,East,Kolkata,Home Office,Completed,UPI
O009051,2024-05-31,C00555,South,Hyderabad,Home Office,Completed,Wallet
O009052,2025-04-22,C00060,West,Surat,Corporate,Completed,Wallet
O009053,2024-09-06,C00204,East,Bhubaneswar,Consumer,Completed,UPI
O009054,2025-01-21,C00323,North,Lucknow,Home Office,Completed,Net Banking
O009055,2023-06-12,C00175,East,Bhubaneswar,Corporate,Completed,Net Banking
O009056,2023-05-07,C00180,East,Guwahati,Consumer,Completed,Debit Card
O009057,2024-12-13,C00653,West,Mumbai,Consumer,Completed,Debit Card
O009058,2024-10-30,C00547,East,Patna,Consumer,Completed,Wallet
O009059,2025-09-11,C00205,North,Jaipur,Corporate,Completed,Debit Card
O009060,2025-02-17,C00151,West,Ahmedabad,Consumer,Completed,Net Banking
O009061,2024-10-22,C00500,South,Kochi,Consumer,Completed,UPI
O009062,2023-03-03,C00043,South,Chennai,Consumer,Completed,Net Banking
O009063,2024-01-01,C00217,North,Chandigarh,Home Office,Completed,Debit Card
O009064,2025-10-06,C00377,West,Ahmedabad,Consumer,Completed,Net Banking
O009065,2024-03-13,C00737,East,Patna,Consumer,Completed,Credit Card
O009066,2023-07-17,C00192,East,Guwahati,Consumer,Completed,Debit Card
O009067,2025-05-29,C00235,East,Kolkata,Corporate,Completed,Wallet
O009068,2025-11-04,C00162,West,Ahmedabad,Corporate,Completed,Credit Card
O009069,2023-11-21,C00341,North,Lucknow,Consumer,Completed,Wallet
O009070,2023-10-22,C00035,South,Hyderabad,Consumer,Completed,Credit Card
O009071,2024-07-12,C00177,North,Delhi,Consumer,Completed,Debit Card
O009072,2023-07-20,C00310,East,Patna,Consumer,Completed,Wallet
O009073,2025-07-02,C00432,South,Kochi,Home Office,Completed,Net Banking
O009074,2023-09-02,C00363,West,Pune,Consumer,Completed,Credit Card
O009075,2025-12-08,C00100,North,Lucknow,Consumer,Completed,Net Banking
O009076,2023-08-16,C00296,East,Guwahati,Consumer,Completed,Credit Card
O009077,2024-04-17,C00490,South,Hyderabad,Consumer,Completed,Debit Card
O009078,2023-03-17,C00369,East,Patna,Corporate,Completed,Credit Card
O009079,2024-11-12,C00469,East,Bhubaneswar,Consumer,Completed,Debit Card
O009080,2024-09-17,C00394,East,Guwahati,Consumer,Completed,Debit Card
O009081,2024-08-17,C00486,North,Chandigarh,Corporate,Completed,Debit Card
O009082,2024-05-29,C00634,South,Hyderabad,Home Office,Completed,Debit Card
O009083,2024-04-10,C00123,West,Mumbai,Consumer,Completed,Credit Card
O009084,2023-09-24,C00436,East,Kolkata,Home Office,Completed,Credit Card
O009085,2024-02-20,C00541,North,Delhi,Consumer,Completed,Debit Card
O009086,2023-04-17,C00558,South,Chennai,Consumer,Completed,Wallet
O009087,2023-05-04,C00077,South,Kochi,Home Office,Completed,Debit Card
O009088,2023-08-12,C00727,East,Patna,Home Office,Completed,Wallet
O009089,2025-05-26,C00721,West,Pune,Consumer,Completed,Wallet
O009090,2025-06-06,C00604,South,Kochi,Corporate,Completed,Debit Card
O009091,2023-10-31,C00430,East,Patna,Consumer,Completed,Debit Card
O009092,2023-11-08,C00583,West,Ahmedabad,Corporate,Completed,Credit Card
O009093,2023-11-16,C00483,South,Bengaluru,Consumer,Completed,Net Banking
O009094,2025-10-11,C00028,East,Guwahati,Consumer,Completed,UPI
O009095,2023-04-15,C00438,West,Ahmedabad,Consumer,Completed,Debit Card
O009096,2025-09-17,C00642,East,Patna,Home Office,Completed,Credit Card
O009097,2024-12-02,C00053,West,Surat,Home Office,Completed,Wallet
O009098,2024-12-18,C00432,South,Kochi,Home Office,Completed,Net Banking
O009099,2024-11-04,C00152,East,Guwahati,Corporate,Completed,Net Banking
O009100,2023-05-19,C00203,West,Ahmedabad,Corporate,Completed,Credit Card
O009101,2023-08-06,C00197,West,Pune,Consumer,Completed,Net Banking
O009102,2023-05-24,C00457,South,Hyderabad,Home Office,Completed,Wallet
O009103,2024-11-25,C00635,East,Patna,Corporate,Completed,Debit Card
O009104,2025-05-16,C00727,East,Patna,Home Office,Completed,Debit Card
O009105,2023-12-22,C00374,South,Kochi,Consumer,Completed,Net Banking
O009106,2023-10-10,C00241,East,Patna,Consumer,Completed,Net Banking
O009107,2023-11-18,C00557,East,Kolkata,Home Office,Completed,Net Banking
O009108,2024-04-14,C00308,West,Mumbai,Consumer,Completed,Credit Card
O009109,2025-10-25,C00649,South,Kochi,Home Office,Completed,Wallet
O009110,2024-11-06,C00691,North,Delhi,Consumer,Completed,Wallet
O009111,2024-01-18,C00445,East,Bhubaneswar,Corporate,Completed,Net Banking
O009112,2025-12-11,C00318,South,Kochi,Consumer,Completed,UPI
O009113,2025-10-03,C00285,West,Pune,Consumer,Completed,Credit Card
O009114,2024-01-10,C00524,North,Jaipur,Consumer,Completed,Credit Card
O009115,2025-12-21,C00432,South,Kochi,Home Office,Completed,Net Banking
O009116,2024-10-23,C00040,North,Chandigarh,Consumer,Completed,Net Banking
O009117,2023-03-25,C00153,West,Mumbai,Consumer,Completed,Wallet
O009118,2023-08-29,C00635,East,Patna,Corporate,Completed,UPI
O009119,2025-08-24,C00443,East,Kolkata,Consumer,Completed,Credit Card
O009120,2025-02-22,C00576,North,Delhi,Consumer,Completed,Net Banking
O009121,2024-07-31,C00459,South,Chennai,Consumer,Completed,Credit Card
O009122,2025-07-20,C00391,South,Chennai,Home Office,Completed,Wallet
O009123,2024-12-08,C00035,South,Hyderabad,Consumer,Completed,Net Banking
O009124,2023-09-04,C00391,South,Chennai,Home Office,Completed,Debit Card
O009125,2023-05-30,C00601,East,Bhubaneswar,Consumer,Completed,Net Banking
O009126,2023-11-29,C00478,South,Chennai,Consumer,Completed,Credit Card
O009127,2025-09-19,C00582,South,Bengaluru,Consumer,Completed,Net Banking
O009128,2023-02-15,C00322,South,Bengaluru,Consumer,Completed,Wallet
O009129,2025-03-13,C00290,West,Mumbai,Consumer,Completed,Net Banking
O009130,2023-09-16,C00018,West,Mumbai,Home Office,Completed,Wallet
O009131,2024-05-14,C00746,North,Chandigarh,Consumer,Completed,Debit Card
O009132,2025-09-19,C00516,South,Bengaluru,Consumer,Returned,Debit Card
O009133,2023-07-31,C00215,East,Kolkata,Consumer,Completed,UPI
O009134,2024-05-11,C00210,North,Chandigarh,Consumer,Completed,UPI
O009135,2023-02-06,C00745,North,Chandigarh,Consumer,Completed,Net Banking
O009136,2023-08-03,C00283,East,Bhubaneswar,Home Office,Completed,Net Banking
O009137,2024-06-20,C00434,East,Guwahati,Home Office,Completed,Net Banking
O009138,2025-06-23,C00329,North,Chandigarh,Home Office,Completed,UPI
O009139,2025-01-12,C00484,West,Mumbai,Consumer,Completed,Net Banking
O009140,2024-09-04,C00351,North,Chandigarh,Consumer,Completed,Wallet
O009141,2023-09-25,C00217,North,Chandigarh,Home Office,Completed,UPI
O009142,2023-03-25,C00636,East,Guwahati,Consumer,Completed,Wallet
O009143,2025-04-30,C00483,South,Bengaluru,Consumer,Completed,Net Banking
O009144,2024-12-23,C00093,East,Kolkata,Consumer,Completed,Credit Card
O009145,2023-04-17,C00334,South,Chennai,Consumer,Completed,Wallet
O009146,2025-04-13,C00484,West,Mumbai,Consumer,Completed,Credit Card
O009147,2023-01-14,C00660,South,Bengaluru,Consumer,Completed,Credit Card
O009148,2023-12-03,C00117,West,Surat,Consumer,Completed,Credit Card
O009149,2025-10-23,C00389,North,Delhi,Consumer,Completed,UPI
O009150,2023-03-01,C00531,North,Jaipur,Consumer,Completed,Credit Card
O009151,2025-04-05,C00159,South,Chennai,Consumer,Completed,Credit Card
O009152,2025-06-11,C00461,North,Jaipur,Corporate,Completed,Credit Card
O009153,2023-04-22,C00389,North,Delhi,Consumer,Completed,Credit Card
O009154,2023-12-14,C00577,East,Bhubaneswar,Home Office,Completed,Wallet
O009155,2024-01-13,C00517,North,Jaipur,Home Office,Completed,Net Banking
O009156,2025-12-23,C00098,East,Patna,Home Office,Completed,Debit Card
O009157,2023-10-11,C00622,West,Surat,Consumer,Completed,UPI
O009158,2024-01-15,C00093,East,Kolkata,Consumer,Completed,Wallet
O009159,2023-05-06,C00635,East,Patna,Corporate,Completed,Net Banking
O009160,2024-12-18,C00372,West,Surat,Consumer,Completed,Wallet
O009161,2023-06-13,C00134,East,Patna,Consumer,Completed,Debit Card
O009162,2025-10-30,C00215,East,Kolkata,Consumer,Completed,UPI
O009163,2024-10-23,C00044,East,Kolkata,Consumer,Completed,Debit Card
O009164,2023-05-03,C00163,West,Mumbai,Consumer,Completed,Debit Card
O009165,2023-05-03,C00219,North,Jaipur,Home Office,Completed,UPI
O009166,2025-06-17,C00536,South,Bengaluru,Consumer,Completed,UPI
O009167,2023-07-10,C00340,North,Delhi,Home Office,Completed,Debit Card
O009168,2025-02-20,C00020,West,Mumbai,Home Office,Completed,Debit Card
O009169,2025-04-18,C00118,East,Guwahati,Corporate,Completed,Debit Card
O009170,2024-05-05,C00595,South,Chennai,Corporate,Completed,Net Banking
O009171,2024-11-18,C00545,South,Hyderabad,Consumer,Returned,Credit Card
O009172,2024-04-15,C00545,South,Hyderabad,Consumer,Completed,Debit Card
O009173,2023-01-28,C00005,East,Patna,Consumer,Completed,Credit Card
O009174,2024-12-30,C00078,East,Guwahati,Consumer,Completed,Debit Card
O009175,2025-12-16,C00677,South,Bengaluru,Corporate,Completed,Credit Card
O009176,2025-08-03,C00552,East,Bhubaneswar,Consumer,Completed,UPI
O009177,2023-03-11,C00018,West,Mumbai,Home Office,Completed,UPI
O009178,2025-08-26,C00712,South,Chennai,Corporate,Completed,Wallet
O009179,2025-03-10,C00091,North,Jaipur,Home Office,Completed,Net Banking
O009180,2023-02-13,C00131,West,Ahmedabad,Corporate,Completed,Wallet
O009181,2025-02-25,C00622,West,Surat,Consumer,Completed,Debit Card
O009182,2024-05-17,C00054,East,Bhubaneswar,Consumer,Completed,Net Banking
O009183,2024-09-01,C00070,North,Jaipur,Consumer,Completed,Net Banking
O009184,2023-12-11,C00162,West,Ahmedabad,Corporate,Completed,Debit Card
O009185,2023-07-16,C00745,North,Chandigarh,Consumer,Completed,Wallet
O009186,2024-04-22,C00538,West,Pune,Home Office,Completed,Debit Card
O009187,2023-06-12,C00229,West,Mumbai,Consumer,Completed,Wallet
O009188,2023-11-23,C00608,South,Bengaluru,Corporate,Completed,Net Banking
O009189,2023-08-29,C00007,East,Bhubaneswar,Corporate,Completed,Net Banking
O009190,2025-10-24,C00687,South,Hyderabad,Corporate,Completed,Net Banking
O009191,2025-12-10,C00595,South,Chennai,Corporate,Completed,Net Banking
O009192,2025-08-24,C00292,West,Mumbai,Corporate,Completed,UPI
O009193,2023-01-11,C00449,East,Guwahati,Home Office,Completed,Debit Card
O009194,2025-04-16,C00220,South,Chennai,Consumer,Completed,UPI
O009195,2025-05-02,C00480,South,Bengaluru,Consumer,Completed,Debit Card
O009196,2025-01-27,C00482,North,Lucknow,Home Office,Completed,Net Banking
O009197,2024-02-09,C00517,North,Jaipur,Home Office,Completed,Debit Card
O009198,2023-08-24,C00051,North,Chandigarh,Home Office,Completed,UPI
O009199,2025-10-12,C00445,East,Bhubaneswar,Corporate,Completed,Net Banking
O009200,2024-04-14,C00703,South,Hyderabad,Consumer,Completed,Credit Card
O009201,2024-02-03,C00358,West,Mumbai,Consumer,Completed,Wallet
O009202,2025-05-25,C00388,North,Lucknow,Home Office,Completed,Debit Card
O009203,2023-04-04,C00371,West,Surat,Consumer,Completed,Debit Card
O009204,2024-07-08,C00728,West,Mumbai,Corporate,Completed,Net Banking
O009205,2023-07-22,C00150,East,Patna,Corporate,Completed,UPI
O009206,2025-09-18,C00363,West,Pune,Consumer,Completed,Credit Card
O009207,2025-06-12,C00043,South,Chennai,Consumer,Completed,UPI
O009208,2024-10-14,C00560,East,Kolkata,Corporate,Completed,Debit Card
O009209,2025-10-05,C00481,South,Chennai,Corporate,Completed,Wallet
O009210,2025-07-07,C00281,South,Chennai,Home Office,Completed,Wallet
O009211,2025-08-12,C00383,East,Bhubaneswar,Corporate,Completed,Net Banking
O009212,2024-06-18,C00272,East,Guwahati,Corporate,Completed,Debit Card
O009213,2023-08-10,C00524,North,Jaipur,Consumer,Completed,Wallet
O009214,2023-06-10,C00719,South,Hyderabad,Consumer,Completed,UPI
O009215,2023-05-01,C00128,West,Mumbai,Consumer,Completed,UPI
O009216,2025-09-18,C00519,North,Delhi,Consumer,Completed,Net Banking
O009217,2025-02-12,C00540,East,Bhubaneswar,Consumer,Completed,UPI
O009218,2025-07-12,C00466,North,Delhi,Consumer,Completed,UPI
O009219,2025-09-07,C00580,South,Bengaluru,Corporate,Completed,Credit Card
O009220,2024-07-06,C00036,West,Surat,Consumer,Completed,Debit Card
O009221,2023-06-23,C00739,South,Bengaluru,Corporate,Completed,Debit Card
O009222,2025-06-13,C00382,East,Guwahati,Home Office,Completed,Wallet
O009223,2023-01-03,C00065,East,Kolkata,Home Office,Completed,Credit Card
O009224,2023-11-27,C00186,North,Delhi,Consumer,Completed,Net Banking
O009225,2024-11-04,C00564,East,Kolkata,Consumer,Completed,Credit Card
O009226,2023-10-01,C00097,East,Guwahati,Consumer,Completed,Credit Card
O009227,2024-09-27,C00529,South,Hyderabad,Home Office,Completed,UPI
O009228,2023-02-15,C00581,East,Kolkata,Home Office,Completed,Credit Card
O009229,2023-06-12,C00368,North,Jaipur,Home Office,Completed,Debit Card
O009230,2023-10-03,C00424,South,Chennai,Home Office,Completed,Debit Card
O009231,2025-04-18,C00298,West,Surat,Consumer,Completed,Net Banking
O009232,2025-01-19,C00545,South,Hyderabad,Consumer,Completed,Wallet
O009233,2023-06-21,C00429,North,Delhi,Consumer,Completed,Net Banking
O009234,2024-02-01,C00212,West,Surat,Corporate,Completed,UPI
O009235,2023-11-23,C00505,West,Pune,Home Office,Completed,Debit Card
O009236,2025-08-29,C00007,East,Bhubaneswar,Corporate,Completed,UPI
O009237,2023-06-20,C00183,South,Kochi,Consumer,Returned,Credit Card
O009238,2023-04-08,C00677,South,Bengaluru,Corporate,Completed,Net Banking
O009239,2025-06-05,C00004,East,Bhubaneswar,Corporate,Completed,UPI
O009240,2023-06-07,C00103,South,Bengaluru,Consumer,Completed,Credit Card
O009241,2024-01-22,C00089,East,Guwahati,Corporate,Completed,Debit Card
O009242,2024-08-12,C00016,West,Ahmedabad,Consumer,Completed,Debit Card
O009243,2024-08-29,C00489,West,Surat,Consumer,Completed,Wallet
O009244,2024-11-07,C00626,North,Jaipur,Corporate,Completed,Wallet
O009245,2023-07-09,C00086,West,Mumbai,Consumer,Completed,Wallet
O009246,2024-08-10,C00681,West,Surat,Corporate,Completed,Credit Card
O009247,2025-02-14,C00603,North,Delhi,Consumer,Completed,UPI
O009248,2023-01-23,C00272,East,Guwahati,Corporate,Completed,Debit Card
O009249,2024-10-21,C00636,East,Guwahati,Consumer,Completed,UPI
O009250,2025-02-18,C00732,East,Guwahati,Corporate,Completed,Net Banking
O009251,2025-03-13,C00336,East,Guwahati,Consumer,Returned,Wallet
O009252,2024-03-30,C00081,West,Pune,Corporate,Completed,Wallet
O009253,2023-04-15,C00744,South,Chennai,Consumer,Completed,Wallet
O009254,2024-09-26,C00620,North,Jaipur,Consumer,Completed,UPI
O009255,2023-05-17,C00338,East,Patna,Consumer,Completed,UPI
O009256,2023-02-06,C00750,East,Bhubaneswar,Home Office,Completed,Wallet
O009257,2024-06-27,C00433,West,Ahmedabad,Consumer,Completed,Credit Card
O009258,2025-10-17,C00303,North,Delhi,Consumer,Completed,UPI
O009259,2024-12-04,C00453,East,Patna,Consumer,Completed,Wallet
O009260,2023-02-11,C00321,West,Surat,Consumer,Completed,UPI
O009261,2023-05-28,C00744,South,Chennai,Consumer,Completed,Debit Card
O009262,2025-07-10,C00246,East,Guwahati,Consumer,Completed,Net Banking
O009263,2023-02-18,C00336,East,Guwahati,Consumer,Completed,Credit Card
O009264,2025-12-02,C00108,East,Kolkata,Corporate,Completed,Credit Card
O009265,2024-05-08,C00724,South,Kochi,Home Office,Completed,Net Banking
O009266,2024-07-23,C00416,South,Kochi,Consumer,Completed,Credit Card
O009267,2025-03-02,C00492,South,Kochi,Consumer,Completed,Credit Card
O009268,2023-12-09,C00062,West,Mumbai,Home Office,Completed,Credit Card
O009269,2024-08-08,C00232,North,Delhi,Consumer,Completed,Net Banking
O009270,2023-11-02,C00061,South,Kochi,Home Office,Completed,UPI
O009271,2024-03-20,C00139,East,Bhubaneswar,Consumer,Completed,Net Banking
O009272,2023-07-25,C00253,South,Chennai,Corporate,Completed,Credit Card
O009273,2024-09-17,C00611,East,Guwahati,Consumer,Completed,UPI
O009274,2025-11-04,C00053,West,Surat,Home Office,Completed,Credit Card
O009275,2024-07-27,C00058,West,Surat,Consumer,Completed,Credit Card
O009276,2024-12-30,C00324,South,Kochi,Consumer,Completed,Wallet
O009277,2023-03-15,C00252,South,Kochi,Consumer,Completed,Net Banking
O009278,2025-12-28,C00331,West,Ahmedabad,Consumer,Completed,Wallet
O009279,2024-09-30,C00476,East,Kolkata,Home Office,Completed,Wallet
O009280,2025-08-06,C00025,North,Chandigarh,Consumer,Completed,Debit Card
O009281,2025-12-27,C00544,East,Kolkata,Consumer,Completed,Net Banking
O009282,2024-03-24,C00308,West,Mumbai,Consumer,Completed,UPI
O009283,2023-08-08,C00087,South,Kochi,Home Office,Returned,Net Banking
O009284,2024-05-31,C00735,South,Bengaluru,Consumer,Completed,Net Banking
O009285,2025-06-29,C00424,South,Chennai,Home Office,Completed,Debit Card
O009286,2023-06-27,C00526,West,Pune,Corporate,Completed,Credit Card
O009287,2025-01-19,C00633,East,Patna,Corporate,Completed,Debit Card
O009288,2024-11-20,C00491,East,Guwahati,Consumer,Completed,UPI
O009289,2024-05-12,C00471,North,Chandigarh,Consumer,Completed,Credit Card
O009290,2023-02-18,C00148,South,Bengaluru,Consumer,Completed,Wallet
O009291,2023-12-25,C00151,West,Ahmedabad,Consumer,Completed,Wallet
O009292,2025-04-27,C00373,West,Pune,Corporate,Completed,Wallet
O009293,2025-04-26,C00579,West,Mumbai,Consumer,Completed,Wallet
O009294,2025-11-09,C00481,South,Chennai,Corporate,Completed,UPI
O009295,2023-06-26,C00406,South,Chennai,Consumer,Completed,Credit Card
O009296,2024-10-17,C00078,East,Guwahati,Consumer,Completed,Wallet
O009297,2025-03-06,C00255,East,Guwahati,Consumer,Completed,Credit Card
O009298,2023-04-24,C00127,South,Chennai,Corporate,Completed,UPI
O009299,2025-03-22,C00221,South,Bengaluru,Corporate,Completed,Net Banking
O009300,2023-05-25,C00664,West,Pune,Consumer,Completed,UPI
O009301,2023-06-01,C00539,North,Jaipur,Consumer,Cancelled,Debit Card
O009302,2025-04-25,C00230,South,Chennai,Consumer,Completed,Wallet
O009303,2025-08-25,C00370,South,Kochi,Consumer,Completed,UPI
O009304,2024-07-31,C00638,North,Jaipur,Corporate,Completed,UPI
O009305,2025-12-17,C00719,South,Hyderabad,Consumer,Completed,Credit Card
O009306,2024-07-01,C00400,East,Patna,Consumer,Completed,Debit Card
O009307,2024-03-11,C00384,South,Kochi,Corporate,Completed,Credit Card
O009308,2023-01-17,C00370,South,Kochi,Consumer,Completed,Wallet
O009309,2023-10-24,C00026,North,Chandigarh,Consumer,Completed,UPI
O009310,2025-10-04,C00412,South,Kochi,Home Office,Returned,Credit Card
O009311,2025-12-24,C00573,North,Chandigarh,Consumer,Completed,UPI
O009312,2023-07-19,C00338,East,Patna,Consumer,Completed,Net Banking
O009313,2025-11-20,C00477,West,Mumbai,Consumer,Completed,UPI
O009314,2025-06-15,C00439,East,Guwahati,Corporate,Completed,Net Banking
O009315,2024-05-08,C00452,South,Kochi,Consumer,Completed,Debit Card
O009316,2024-11-15,C00640,South,Kochi,Consumer,Completed,Debit Card
O009317,2023-10-13,C00667,West,Surat,Corporate,Completed,Credit Card
O009318,2025-08-26,C00119,East,Kolkata,Consumer,Completed,Credit Card
O009319,2024-12-09,C00087,South,Kochi,Home Office,Completed,Credit Card
O009320,2025-07-27,C00747,South,Hyderabad,Consumer,Completed,Debit Card
O009321,2025-11-19,C00565,East,Kolkata,Consumer,Completed,Debit Card
O009322,2024-03-14,C00527,West,Ahmedabad,Consumer,Completed,Net Banking
O009323,2024-04-02,C00107,West,Mumbai,Consumer,Completed,Debit Card
O009324,2025-09-12,C00460,South,Bengaluru,Consumer,Completed,Credit Card
O009325,2023-09-01,C00040,North,Chandigarh,Consumer,Completed,Wallet
O009326,2023-07-28,C00106,North,Jaipur,Corporate,Completed,Wallet
O009327,2025-11-30,C00214,North,Delhi,Corporate,Returned,Debit Card
O009328,2025-12-20,C00531,North,Jaipur,Consumer,Completed,Credit Card
O009329,2024-04-11,C00743,South,Bengaluru,Home Office,Completed,UPI
O009330,2024-06-13,C00525,East,Patna,Corporate,Completed,Debit Card
O009331,2025-02-19,C00289,West,Surat,Consumer,Completed,Net Banking
O009332,2023-08-10,C00259,South,Hyderabad,Consumer,Completed,Credit Card
O009333,2024-09-10,C00297,North,Chandigarh,Consumer,Completed,Wallet
O009334,2025-11-14,C00192,East,Guwahati,Consumer,Completed,Credit Card
O009335,2025-03-14,C00219,North,Jaipur,Home Office,Completed,Debit Card
O009336,2023-08-16,C00042,East,Guwahati,Consumer,Completed,Net Banking
O009337,2023-08-23,C00696,East,Patna,Consumer,Completed,Net Banking
O009338,2024-10-29,C00662,West,Surat,Home Office,Completed,UPI
O009339,2024-01-10,C00602,East,Guwahati,Corporate,Completed,Debit Card
O009340,2025-04-20,C00174,East,Guwahati,Corporate,Completed,Debit Card
O009341,2024-08-18,C00363,West,Pune,Consumer,Completed,Wallet
O009342,2023-12-17,C00409,East,Bhubaneswar,Consumer,Completed,Credit Card
O009343,2025-01-11,C00202,East,Guwahati,Home Office,Completed,Credit Card
O009344,2024-06-24,C00599,North,Lucknow,Consumer,Completed,Net Banking
O009345,2025-01-20,C00014,West,Ahmedabad,Consumer,Completed,Net Banking
O009346,2023-05-07,C00119,East,Kolkata,Consumer,Completed,UPI
O009347,2023-04-08,C00551,South,Hyderabad,Consumer,Completed,Debit Card
O009348,2024-01-26,C00029,North,Chandigarh,Corporate,Completed,Wallet
O009349,2023-02-06,C00444,North,Jaipur,Consumer,Completed,Debit Card
O009350,2024-02-04,C00537,North,Jaipur,Consumer,Completed,Wallet
O009351,2024-11-24,C00712,South,Chennai,Corporate,Completed,Net Banking
O009352,2023-09-09,C00223,North,Delhi,Consumer,Completed,Debit Card
O009353,2024-08-06,C00383,East,Bhubaneswar,Corporate,Completed,Net Banking
O009354,2025-02-20,C00569,West,Surat,Consumer,Returned,Wallet
O009355,2023-03-09,C00695,North,Chandigarh,Home Office,Returned,Net Banking
O009356,2024-12-13,C00077,South,Kochi,Home Office,Cancelled,Net Banking
O009357,2024-02-08,C00384,South,Kochi,Corporate,Completed,Debit Card
O009358,2023-09-02,C00391,South,Chennai,Home Office,Completed,Wallet
O009359,2025-10-06,C00392,West,Surat,Home Office,Completed,Net Banking
O009360,2025-03-27,C00689,West,Surat,Consumer,Completed,UPI
O009361,2024-01-17,C00380,West,Mumbai,Home Office,Completed,Credit Card
O009362,2024-03-14,C00634,South,Hyderabad,Home Office,Returned,Credit Card
O009363,2025-10-07,C00743,South,Bengaluru,Home Office,Completed,Credit Card
O009364,2023-07-05,C00552,East,Bhubaneswar,Consumer,Completed,UPI
O009365,2025-07-08,C00334,South,Chennai,Consumer,Completed,UPI
O009366,2023-04-01,C00297,North,Chandigarh,Consumer,Completed,UPI
O009367,2024-07-24,C00741,East,Kolkata,Home Office,Completed,Wallet
O009368,2023-05-19,C00204,East,Bhubaneswar,Consumer,Completed,Wallet
O009369,2025-06-17,C00705,East,Bhubaneswar,Consumer,Completed,Credit Card
O009370,2024-10-26,C00418,North,Lucknow,Consumer,Completed,UPI
O009371,2024-06-18,C00278,West,Ahmedabad,Corporate,Cancelled,Wallet
O009372,2023-03-20,C00673,East,Patna,Consumer,Completed,Debit Card
O009373,2023-01-28,C00350,East,Patna,Consumer,Completed,UPI
O009374,2025-05-02,C00131,West,Ahmedabad,Corporate,Completed,Credit Card
O009375,2025-02-12,C00104,North,Jaipur,Home Office,Completed,Wallet
O009376,2023-03-05,C00175,East,Bhubaneswar,Corporate,Completed,Net Banking
O009377,2024-06-11,C00563,West,Surat,Consumer,Completed,UPI
O009378,2025-04-09,C00383,East,Bhubaneswar,Corporate,Returned,UPI
O009379,2024-11-03,C00364,West,Ahmedabad,Consumer,Completed,UPI
O009380,2025-09-23,C00693,North,Chandigarh,Consumer,Completed,Wallet
O009381,2023-03-01,C00544,East,Kolkata,Consumer,Completed,UPI
O009382,2023-10-13,C00451,West,Mumbai,Home Office,Completed,Wallet
O009383,2025-12-23,C00739,South,Bengaluru,Corporate,Completed,Debit Card
O009384,2025-09-01,C00239,North,Jaipur,Consumer,Completed,Net Banking
O009385,2024-11-05,C00235,East,Kolkata,Corporate,Completed,UPI
O009386,2025-07-12,C00724,South,Kochi,Home Office,Completed,Net Banking
O009387,2023-01-15,C00052,North,Chandigarh,Consumer,Completed,Net Banking
O009388,2024-11-29,C00610,South,Hyderabad,Home Office,Completed,Net Banking
O009389,2024-12-11,C00198,West,Ahmedabad,Consumer,Completed,Wallet
O009390,2023-03-02,C00136,West,Mumbai,Consumer,Completed,Debit Card
O009391,2024-01-02,C00636,East,Guwahati,Consumer,Completed,Net Banking
O009392,2025-12-03,C00324,South,Kochi,Consumer,Completed,Wallet
O009393,2024-07-15,C00552,East,Bhubaneswar,Consumer,Completed,Debit Card
O009394,2023-03-21,C00223,North,Delhi,Consumer,Completed,Credit Card
O009395,2023-07-11,C00089,East,Guwahati,Corporate,Completed,UPI
O009396,2024-01-05,C00421,North,Chandigarh,Consumer,Returned,Wallet
O009397,2024-08-19,C00275,South,Hyderabad,Consumer,Cancelled,Credit Card
O009398,2025-02-07,C00720,East,Bhubaneswar,Consumer,Completed,Debit Card
O009399,2024-06-06,C00743,South,Bengaluru,Home Office,Completed,Wallet
O009400,2023-11-24,C00481,South,Chennai,Corporate,Completed,Debit Card
O009401,2023-12-02,C00563,West,Surat,Consumer,Completed,Debit Card
O009402,2024-01-15,C00319,South,Kochi,Consumer,Completed,Wallet
O009403,2025-07-14,C00064,South,Hyderabad,Consumer,Completed,Wallet
O009404,2025-12-28,C00083,West,Pune,Consumer,Completed,UPI
O009405,2025-02-14,C00285,West,Pune,Consumer,Completed,Debit Card
O009406,2024-05-15,C00574,South,Hyderabad,Consumer,Completed,Credit Card
O009407,2024-03-04,C00087,South,Kochi,Home Office,Completed,UPI
O009408,2023-01-07,C00705,East,Bhubaneswar,Consumer,Completed,Wallet
O009409,2025-07-12,C00335,South,Bengaluru,Consumer,Completed,UPI
O009410,2023-01-13,C00312,North,Lucknow,Consumer,Completed,Net Banking
O009411,2023-05-05,C00713,North,Jaipur,Consumer,Completed,Credit Card
O009412,2023-10-30,C00376,East,Guwahati,Consumer,Completed,Credit Card
O009413,2025-11-28,C00471,North,Chandigarh,Consumer,Completed,UPI
O009414,2025-07-20,C00445,East,Bhubaneswar,Corporate,Completed,UPI
O009415,2025-06-01,C00019,West,Pune,Consumer,Completed,Debit Card
O009416,2025-05-21,C00086,West,Mumbai,Consumer,Completed,UPI
O009417,2023-04-13,C00485,East,Guwahati,Consumer,Completed,Credit Card
O009418,2025-07-25,C00557,East,Kolkata,Home Office,Completed,Wallet
O009419,2024-11-08,C00315,South,Bengaluru,Corporate,Completed,UPI
O009420,2023-05-31,C00361,East,Patna,Consumer,Completed,Credit Card
O009421,2023-08-25,C00657,East,Patna,Corporate,Completed,UPI
O009422,2024-08-27,C00563,West,Surat,Consumer,Completed,Debit Card
O009423,2025-04-25,C00702,West,Pune,Consumer,Completed,Net Banking
O009424,2023-09-13,C00392,West,Surat,Home Office,Completed,UPI
O009425,2023-07-11,C00638,North,Jaipur,Corporate,Completed,Credit Card
O009426,2025-06-26,C00501,West,Mumbai,Consumer,Completed,Net Banking
O009427,2023-08-25,C00041,South,Kochi,Corporate,Returned,UPI
O009428,2024-01-26,C00185,East,Kolkata,Corporate,Completed,Debit Card
O009429,2023-05-28,C00621,South,Bengaluru,Corporate,Returned,Credit Card
O009430,2025-09-04,C00728,West,Mumbai,Corporate,Completed,Wallet
O009431,2023-02-28,C00282,North,Jaipur,Consumer,Completed,Credit Card
O009432,2023-09-05,C00350,East,Patna,Consumer,Completed,UPI
O009433,2023-03-04,C00538,West,Pune,Home Office,Returned,Wallet
O009434,2025-12-15,C00355,South,Bengaluru,Corporate,Completed,Net Banking
O009435,2023-07-12,C00093,East,Kolkata,Consumer,Completed,Debit Card
O009436,2025-11-30,C00139,East,Bhubaneswar,Consumer,Completed,Wallet
O009437,2023-07-08,C00711,East,Guwahati,Consumer,Completed,Debit Card
O009438,2024-04-15,C00448,North,Delhi,Consumer,Completed,Credit Card
O009439,2025-12-04,C00524,North,Jaipur,Consumer,Completed,Wallet
O009440,2025-05-04,C00099,West,Ahmedabad,Consumer,Completed,UPI
O009441,2023-01-19,C00350,East,Patna,Consumer,Completed,Net Banking
O009442,2024-12-05,C00436,East,Kolkata,Home Office,Completed,UPI
O009443,2025-07-21,C00250,West,Mumbai,Consumer,Completed,Wallet
O009444,2024-01-15,C00716,North,Chandigarh,Corporate,Completed,Debit Card
O009445,2025-03-23,C00498,North,Lucknow,Consumer,Completed,Debit Card
O009446,2025-07-06,C00570,East,Bhubaneswar,Home Office,Completed,UPI
O009447,2023-10-06,C00405,South,Chennai,Home Office,Completed,Debit Card
O009448,2024-12-17,C00720,East,Bhubaneswar,Consumer,Completed,Wallet
O009449,2025-10-11,C00642,East,Patna,Home Office,Completed,Wallet
O009450,2025-04-25,C00036,West,Surat,Consumer,Completed,Credit Card
O009451,2025-06-29,C00314,North,Chandigarh,Corporate,Completed,Credit Card
O009452,2023-11-02,C00698,North,Delhi,Consumer,Completed,Wallet
O009453,2023-05-30,C00667,West,Surat,Corporate,Completed,Debit Card
O009454,2024-02-03,C00352,West,Mumbai,Home Office,Completed,UPI
O009455,2023-08-08,C00180,East,Guwahati,Consumer,Completed,Wallet
O009456,2024-09-03,C00279,South,Hyderabad,Home Office,Completed,Wallet
O009457,2023-04-25,C00403,East,Guwahati,Consumer,Completed,Net Banking
O009458,2025-09-15,C00153,West,Mumbai,Consumer,Completed,Wallet
O009459,2024-02-19,C00648,North,Delhi,Corporate,Completed,UPI
O009460,2023-01-13,C00064,South,Hyderabad,Consumer,Completed,UPI
O009461,2023-12-29,C00723,South,Bengaluru,Consumer,Completed,Net Banking
O009462,2025-08-06,C00426,West,Pune,Corporate,Completed,Net Banking
O009463,2025-06-22,C00353,South,Kochi,Consumer,Completed,UPI
O009464,2025-09-21,C00686,North,Delhi,Corporate,Completed,Net Banking
O009465,2023-02-27,C00646,East,Patna,Consumer,Completed,Net Banking
O009466,2024-08-18,C00490,South,Hyderabad,Consumer,Completed,Debit Card
O009467,2025-06-24,C00152,East,Guwahati,Corporate,Completed,UPI
O009468,2023-06-24,C00622,West,Surat,Consumer,Completed,Net Banking
O009469,2024-07-15,C00085,West,Pune,Consumer,Completed,Debit Card
O009470,2024-04-04,C00585,West,Surat,Consumer,Completed,Debit Card
O009471,2025-03-01,C00640,South,Kochi,Consumer,Completed,Credit Card
O009472,2023-10-25,C00135,West,Surat,Consumer,Completed,Net Banking
O009473,2025-06-24,C00227,North,Delhi,Consumer,Completed,UPI
O009474,2023-08-11,C00366,North,Chandigarh,Consumer,Completed,Net Banking
O009475,2023-02-15,C00292,West,Mumbai,Corporate,Completed,Credit Card
O009476,2025-09-30,C00050,South,Chennai,Consumer,Completed,Net Banking
O009477,2024-10-20,C00234,West,Ahmedabad,Consumer,Completed,Credit Card
O009478,2024-01-19,C00599,North,Lucknow,Consumer,Completed,Net Banking
O009479,2024-05-26,C00625,East,Bhubaneswar,Home Office,Completed,UPI
O009480,2025-07-23,C00233,South,Kochi,Consumer,Completed,UPI
O009481,2024-03-10,C00259,South,Hyderabad,Consumer,Completed,UPI
O009482,2025-04-09,C00141,North,Lucknow,Home Office,Completed,Net Banking
O009483,2025-06-16,C00282,North,Jaipur,Consumer,Completed,Debit Card
O009484,2023-05-12,C00563,West,Surat,Consumer,Completed,Debit Card
O009485,2025-10-06,C00514,North,Chandigarh,Corporate,Completed,UPI
O009486,2023-10-10,C00079,East,Guwahati,Consumer,Completed,Net Banking
O009487,2023-02-08,C00082,North,Delhi,Consumer,Completed,Net Banking
O009488,2025-08-30,C00276,North,Chandigarh,Consumer,Completed,Credit Card
O009489,2024-06-14,C00326,South,Hyderabad,Consumer,Completed,UPI
O009490,2025-07-05,C00204,East,Bhubaneswar,Consumer,Completed,UPI
O009491,2023-09-20,C00406,South,Chennai,Consumer,Completed,Wallet
O009492,2025-09-02,C00438,West,Ahmedabad,Consumer,Completed,Wallet
O009493,2025-07-23,C00014,West,Ahmedabad,Consumer,Completed,Wallet
O009494,2023-09-15,C00425,West,Mumbai,Consumer,Completed,Credit Card
O009495,2025-01-02,C00310,East,Patna,Consumer,Completed,Wallet
O009496,2023-06-07,C00628,West,Ahmedabad,Corporate,Completed,Wallet
O009497,2025-05-11,C00331,West,Ahmedabad,Consumer,Completed,Credit Card
O009498,2025-03-11,C00043,South,Chennai,Consumer,Completed,Credit Card
O009499,2025-12-16,C00532,South,Hyderabad,Consumer,Completed,Wallet
O009500,2024-03-11,C00690,South,Chennai,Consumer,Completed,Debit Card
O009501,2023-11-28,C00668,North,Lucknow,Consumer,Completed,UPI
O009502,2024-06-20,C00528,East,Kolkata,Consumer,Completed,Credit Card
O009503,2024-08-01,C00468,North,Lucknow,Consumer,Completed,Net Banking
O009504,2023-10-18,C00531,North,Jaipur,Consumer,Completed,Debit Card
O009505,2025-02-25,C00200,West,Mumbai,Home Office,Returned,UPI
O009506,2025-03-31,C00294,East,Guwahati,Consumer,Completed,Credit Card
O009507,2025-10-12,C00032,West,Mumbai,Consumer,Completed,Net Banking
O009508,2023-01-14,C00043,South,Chennai,Consumer,Completed,UPI
O009509,2025-04-03,C00116,South,Kochi,Consumer,Completed,Wallet
O009510,2025-01-16,C00546,West,Mumbai,Consumer,Returned,Credit Card
O009511,2025-05-30,C00207,North,Jaipur,Consumer,Completed,Debit Card
O009512,2024-08-24,C00072,South,Hyderabad,Consumer,Completed,UPI
O009513,2023-11-21,C00338,East,Patna,Consumer,Completed,Net Banking
O009514,2025-11-24,C00591,East,Kolkata,Consumer,Completed,Debit Card
O009515,2024-12-31,C00403,East,Guwahati,Consumer,Completed,UPI
O009516,2024-11-03,C00128,West,Mumbai,Consumer,Completed,Debit Card
O009517,2025-12-10,C00446,North,Chandigarh,Consumer,Completed,UPI
O009518,2025-10-11,C00629,North,Delhi,Home Office,Completed,UPI
O009519,2025-07-18,C00596,South,Chennai,Consumer,Returned,Wallet
O009520,2025-02-09,C00005,East,Patna,Consumer,Completed,Wallet
O009521,2023-09-03,C00635,East,Patna,Corporate,Completed,UPI
O009522,2024-08-01,C00378,West,Pune,Home Office,Completed,UPI
O009523,2025-05-22,C00099,West,Ahmedabad,Consumer,Completed,Credit Card
O009524,2025-05-24,C00539,North,Jaipur,Consumer,Returned,Wallet
O009525,2023-11-18,C00670,North,Jaipur,Consumer,Completed,UPI
O009526,2025-08-07,C00745,North,Chandigarh,Consumer,Cancelled,UPI
O009527,2025-03-08,C00661,West,Surat,Consumer,Completed,Net Banking
O009528,2023-07-31,C00264,West,Surat,Consumer,Completed,UPI
O009529,2023-06-07,C00196,South,Bengaluru,Consumer,Completed,Net Banking
O009530,2024-07-17,C00174,East,Guwahati,Corporate,Completed,Debit Card
O009531,2025-08-29,C00318,South,Kochi,Consumer,Completed,Wallet
O009532,2023-04-17,C00032,West,Mumbai,Consumer,Completed,Net Banking
O009533,2023-10-15,C00406,South,Chennai,Consumer,Completed,Net Banking
O009534,2023-07-26,C00096,South,Kochi,Corporate,Completed,UPI
O009535,2023-06-20,C00304,North,Delhi,Home Office,Completed,Wallet
O009536,2024-11-17,C00603,North,Delhi,Consumer,Completed,Debit Card
O009537,2023-09-02,C00011,North,Chandigarh,Corporate,Completed,Credit Card
O009538,2023-04-03,C00744,South,Chennai,Consumer,Completed,UPI
O009539,2023-01-08,C00749,North,Lucknow,Consumer,Completed,UPI
O009540,2023-06-07,C00230,South,Chennai,Consumer,Completed,Credit Card
O009541,2025-02-08,C00414,East,Bhubaneswar,Consumer,Completed,Credit Card
O009542,2025-08-07,C00088,North,Lucknow,Consumer,Completed,Debit Card
O009543,2023-10-07,C00145,East,Patna,Consumer,Completed,UPI
O009544,2024-05-31,C00144,East,Guwahati,Consumer,Completed,Wallet
O009545,2025-01-25,C00405,South,Chennai,Home Office,Completed,Net Banking
O009546,2023-10-25,C00516,South,Bengaluru,Consumer,Completed,Wallet
O009547,2023-03-09,C00656,North,Lucknow,Consumer,Completed,Wallet
O009548,2024-12-04,C00610,South,Hyderabad,Home Office,Returned,Credit Card
O009549,2025-04-23,C00623,East,Bhubaneswar,Corporate,Completed,UPI
O009550,2024-12-10,C00595,South,Chennai,Corporate,Completed,Credit Card
O009551,2023-10-27,C00065,East,Kolkata,Home Office,Completed,Wallet
O009552,2025-04-21,C00368,North,Jaipur,Home Office,Completed,Debit Card
O009553,2025-06-07,C00721,West,Pune,Consumer,Completed,UPI
O009554,2023-01-18,C00181,South,Hyderabad,Consumer,Completed,Credit Card
O009555,2023-09-12,C00708,North,Chandigarh,Corporate,Cancelled,Net Banking
O009556,2023-03-16,C00688,North,Lucknow,Consumer,Completed,Debit Card
O009557,2025-07-04,C00689,West,Surat,Consumer,Completed,Wallet
O009558,2024-08-04,C00273,West,Ahmedabad,Consumer,Completed,Wallet
O009559,2023-05-09,C00097,East,Guwahati,Consumer,Completed,Wallet
O009560,2023-01-15,C00514,North,Chandigarh,Corporate,Completed,UPI
O009561,2024-10-02,C00241,East,Patna,Consumer,Completed,Net Banking
O009562,2023-10-02,C00745,North,Chandigarh,Consumer,Completed,UPI
O009563,2024-05-04,C00141,North,Lucknow,Home Office,Completed,Net Banking
O009564,2025-09-18,C00252,South,Kochi,Consumer,Completed,Net Banking
O009565,2023-01-11,C00576,North,Delhi,Consumer,Completed,UPI
O009566,2023-05-16,C00137,North,Chandigarh,Consumer,Completed,Wallet
O009567,2025-06-07,C00087,South,Kochi,Home Office,Completed,Debit Card
O009568,2023-08-25,C00171,North,Lucknow,Consumer,Completed,Credit Card
O009569,2024-06-12,C00039,South,Hyderabad,Home Office,Completed,Net Banking
O009570,2023-06-07,C00373,West,Pune,Corporate,Completed,Net Banking
O009571,2023-03-25,C00475,North,Chandigarh,Consumer,Completed,Debit Card
O009572,2024-07-29,C00178,East,Bhubaneswar,Home Office,Completed,UPI
O009573,2025-05-29,C00120,East,Kolkata,Corporate,Completed,Credit Card
O009574,2024-01-12,C00549,South,Kochi,Consumer,Completed,Credit Card
O009575,2024-05-30,C00554,West,Mumbai,Consumer,Completed,Net Banking
O009576,2024-12-25,C00678,North,Lucknow,Consumer,Completed,Debit Card
O009577,2023-07-24,C00068,North,Lucknow,Home Office,Completed,Wallet
O009578,2023-12-28,C00513,East,Guwahati,Corporate,Completed,UPI
O009579,2023-05-08,C00019,West,Pune,Consumer,Completed,UPI
O009580,2023-07-07,C00012,South,Kochi,Corporate,Completed,Net Banking
O009581,2024-05-10,C00296,East,Guwahati,Consumer,Completed,Credit Card
O009582,2023-05-16,C00645,East,Patna,Corporate,Completed,Wallet
O009583,2023-11-22,C00714,East,Guwahati,Home Office,Completed,Wallet
O009584,2025-01-29,C00639,South,Chennai,Consumer,Completed,Credit Card
O009585,2025-05-27,C00514,North,Chandigarh,Corporate,Completed,UPI
O009586,2023-10-16,C00670,North,Jaipur,Consumer,Completed,Net Banking
O009587,2024-09-09,C00091,North,Jaipur,Home Office,Completed,UPI
O009588,2025-03-20,C00175,East,Bhubaneswar,Corporate,Completed,Credit Card
O009589,2025-11-06,C00522,North,Chandigarh,Consumer,Completed,Credit Card
O009590,2023-06-11,C00642,East,Patna,Home Office,Completed,Credit Card
O009591,2025-09-03,C00369,East,Patna,Corporate,Completed,Credit Card
O009592,2025-01-15,C00456,North,Delhi,Consumer,Completed,UPI
O009593,2024-01-11,C00464,North,Chandigarh,Corporate,Completed,Net Banking
O009594,2023-12-02,C00181,South,Hyderabad,Consumer,Completed,Debit Card
O009595,2024-10-23,C00134,East,Patna,Consumer,Completed,Net Banking
O009596,2025-06-07,C00387,North,Delhi,Corporate,Completed,UPI
O009597,2024-04-06,C00595,South,Chennai,Corporate,Completed,Credit Card
O009598,2023-06-05,C00556,South,Bengaluru,Corporate,Completed,Net Banking
O009599,2024-08-02,C00607,West,Pune,Consumer,Completed,Debit Card
O009600,2024-05-26,C00049,North,Delhi,Home Office,Returned,Net Banking
O009601,2024-09-04,C00354,North,Chandigarh,Home Office,Completed,Debit Card
O009602,2025-01-05,C00464,North,Chandigarh,Corporate,Completed,Net Banking
O009603,2025-05-19,C00101,North,Delhi,Corporate,Returned,Credit Card
O009604,2023-11-06,C00432,South,Kochi,Home Office,Completed,Net Banking
O009605,2024-08-12,C00682,North,Jaipur,Consumer,Completed,Debit Card
O009606,2025-04-08,C00567,West,Ahmedabad,Consumer,Completed,Wallet
O009607,2025-01-13,C00059,South,Kochi,Consumer,Completed,Wallet
O009608,2023-05-08,C00136,West,Mumbai,Consumer,Completed,Debit Card
O009609,2024-07-14,C00203,West,Ahmedabad,Corporate,Completed,Debit Card
O009610,2024-03-09,C00206,East,Bhubaneswar,Corporate,Completed,UPI
O009611,2024-04-01,C00260,East,Bhubaneswar,Home Office,Completed,UPI
O009612,2024-01-17,C00412,South,Kochi,Home Office,Completed,Net Banking
O009613,2025-05-09,C00587,North,Jaipur,Home Office,Completed,Wallet
O009614,2025-07-22,C00450,South,Chennai,Corporate,Completed,Credit Card
O009615,2025-11-25,C00573,North,Chandigarh,Consumer,Completed,Wallet
O009616,2023-07-15,C00645,East,Patna,Corporate,Completed,Wallet
O009617,2025-09-08,C00468,North,Lucknow,Consumer,Completed,Debit Card
O009618,2023-03-17,C00011,North,Chandigarh,Corporate,Completed,Wallet
O009619,2023-04-19,C00732,East,Guwahati,Corporate,Completed,Debit Card
O009620,2025-11-29,C00190,West,Mumbai,Home Office,Completed,Net Banking
O009621,2024-07-19,C00091,North,Jaipur,Home Office,Completed,Debit Card
O009622,2023-10-21,C00060,West,Surat,Corporate,Completed,Net Banking
O009623,2024-03-10,C00194,West,Pune,Consumer,Completed,Credit Card
O009624,2023-04-27,C00341,North,Lucknow,Consumer,Completed,Credit Card
O009625,2023-09-22,C00282,North,Jaipur,Consumer,Completed,Credit Card
O009626,2025-07-14,C00040,North,Chandigarh,Consumer,Completed,Wallet
O009627,2024-08-05,C00270,East,Guwahati,Home Office,Completed,Wallet
O009628,2023-11-26,C00161,West,Mumbai,Consumer,Completed,Wallet
O009629,2024-04-03,C00618,South,Hyderabad,Consumer,Completed,Net Banking
O009630,2024-02-25,C00450,South,Chennai,Corporate,Cancelled,Net Banking
O009631,2025-09-08,C00215,East,Kolkata,Consumer,Completed,Credit Card
O009632,2025-06-24,C00248,North,Lucknow,Consumer,Completed,UPI
O009633,2024-02-20,C00148,South,Bengaluru,Consumer,Completed,Wallet
O009634,2024-05-28,C00513,East,Guwahati,Corporate,Completed,Credit Card
O009635,2024-11-20,C00530,North,Chandigarh,Consumer,Completed,UPI
O009636,2024-03-26,C00450,South,Chennai,Corporate,Completed,Wallet
O009637,2025-01-24,C00396,West,Mumbai,Corporate,Completed,Net Banking
O009638,2025-09-30,C00160,East,Guwahati,Corporate,Completed,Wallet
O009639,2024-07-18,C00673,East,Patna,Consumer,Completed,UPI
O009640,2025-12-12,C00474,West,Mumbai,Consumer,Completed,UPI
O009641,2025-09-01,C00327,North,Delhi,Consumer,Completed,Credit Card
O009642,2023-05-16,C00100,North,Lucknow,Consumer,Completed,Debit Card
O009643,2023-02-27,C00462,South,Hyderabad,Home Office,Completed,Net Banking
O009644,2024-02-15,C00571,West,Mumbai,Consumer,Completed,UPI
O009645,2024-02-12,C00516,South,Bengaluru,Consumer,Completed,Wallet
O009646,2024-03-04,C00104,North,Jaipur,Home Office,Completed,Credit Card
O009647,2025-11-12,C00215,East,Kolkata,Consumer,Completed,Wallet
O009648,2025-12-23,C00367,East,Kolkata,Consumer,Completed,Debit Card
O009649,2023-01-14,C00280,South,Hyderabad,Home Office,Completed,Debit Card
O009650,2025-08-09,C00659,East,Patna,Home Office,Completed,Wallet
O009651,2024-12-08,C00514,North,Chandigarh,Corporate,Returned,Credit Card
O009652,2025-04-12,C00234,West,Ahmedabad,Consumer,Completed,Debit Card
O009653,2025-03-11,C00177,North,Delhi,Consumer,Completed,Debit Card
O009654,2025-03-07,C00723,South,Bengaluru,Consumer,Completed,UPI
O009655,2023-12-18,C00670,North,Jaipur,Consumer,Completed,Debit Card
O009656,2025-11-15,C00318,South,Kochi,Consumer,Completed,UPI
O009657,2025-12-04,C00115,East,Patna,Consumer,Completed,UPI
O009658,2024-04-25,C00360,West,Surat,Consumer,Completed,UPI
O009659,2024-06-04,C00719,South,Hyderabad,Consumer,Completed,UPI
O009660,2024-02-05,C00253,South,Chennai,Corporate,Completed,Wallet
O009661,2023-03-12,C00044,East,Kolkata,Consumer,Completed,UPI
O009662,2025-01-20,C00048,West,Pune,Home Office,Completed,Credit Card
O009663,2023-11-14,C00421,North,Chandigarh,Consumer,Completed,Wallet
O009664,2024-04-24,C00053,West,Surat,Home Office,Completed,Credit Card
O009665,2024-07-18,C00524,North,Jaipur,Consumer,Completed,Net Banking
O009666,2023-09-09,C00655,North,Lucknow,Consumer,Completed,UPI
O009667,2024-02-12,C00111,East,Patna,Consumer,Completed,Debit Card
O009668,2025-04-04,C00284,South,Hyderabad,Consumer,Completed,Debit Card
O009669,2023-02-14,C00211,East,Kolkata,Consumer,Completed,UPI
O009670,2024-08-02,C00696,East,Patna,Consumer,Completed,Net Banking
O009671,2025-09-28,C00502,East,Bhubaneswar,Consumer,Completed,Wallet
O009672,2024-05-26,C00379,East,Bhubaneswar,Consumer,Completed,Debit Card
O009673,2023-10-09,C00159,South,Chennai,Consumer,Completed,Wallet
O009674,2023-08-13,C00564,East,Kolkata,Consumer,Completed,Net Banking
O009675,2024-11-24,C00546,West,Mumbai,Consumer,Completed,Debit Card
O009676,2023-09-05,C00320,East,Guwahati,Corporate,Completed,Credit Card
O009677,2023-05-12,C00530,North,Chandigarh,Consumer,Completed,UPI
O009678,2023-09-07,C00329,North,Chandigarh,Home Office,Completed,Debit Card
O009679,2024-10-20,C00324,South,Kochi,Consumer,Completed,UPI
O009680,2023-09-18,C00266,East,Bhubaneswar,Home Office,Completed,Net Banking
O009681,2024-11-12,C00006,West,Pune,Home Office,Completed,Wallet
O009682,2025-08-22,C00097,East,Guwahati,Consumer,Completed,Credit Card
O009683,2023-12-14,C00401,West,Mumbai,Consumer,Completed,Credit Card
O009684,2024-09-02,C00091,North,Jaipur,Home Office,Completed,Wallet
O009685,2023-07-06,C00634,South,Hyderabad,Home Office,Completed,Debit Card
O009686,2023-10-03,C00598,North,Delhi,Consumer,Completed,Wallet
O009687,2025-08-25,C00205,North,Jaipur,Corporate,Completed,UPI
O009688,2025-12-06,C00273,West,Ahmedabad,Consumer,Completed,UPI
O009689,2025-05-20,C00677,South,Bengaluru,Corporate,Completed,Net Banking
O009690,2025-08-23,C00554,West,Mumbai,Consumer,Completed,Net Banking
O009691,2025-06-17,C00604,South,Kochi,Corporate,Completed,Net Banking
O009692,2024-04-21,C00695,North,Chandigarh,Home Office,Returned,Credit Card
O009693,2025-01-20,C00544,East,Kolkata,Consumer,Completed,Debit Card
O009694,2025-06-19,C00532,South,Hyderabad,Consumer,Completed,Net Banking
O009695,2023-08-08,C00039,South,Hyderabad,Home Office,Completed,Net Banking
O009696,2024-06-01,C00029,North,Chandigarh,Corporate,Completed,Net Banking
O009697,2025-03-02,C00660,South,Bengaluru,Consumer,Completed,UPI
O009698,2024-10-28,C00410,South,Bengaluru,Consumer,Completed,Credit Card
O009699,2025-06-01,C00577,East,Bhubaneswar,Home Office,Completed,Debit Card
O009700,2023-02-10,C00269,West,Ahmedabad,Consumer,Completed,Net Banking
O009701,2024-02-29,C00536,South,Bengaluru,Consumer,Completed,Net Banking
O009702,2024-05-03,C00276,North,Chandigarh,Consumer,Completed,UPI
O009703,2024-12-01,C00039,South,Hyderabad,Home Office,Completed,Wallet
O009704,2025-03-27,C00678,North,Lucknow,Consumer,Completed,Net Banking
O009705,2025-07-01,C00135,West,Surat,Consumer,Completed,Debit Card
O009706,2025-12-29,C00551,South,Hyderabad,Consumer,Completed,UPI
O009707,2023-02-11,C00086,West,Mumbai,Consumer,Completed,Wallet
O009708,2025-11-22,C00602,East,Guwahati,Corporate,Completed,Debit Card
O009709,2023-11-08,C00433,West,Ahmedabad,Consumer,Completed,Net Banking
O009710,2023-11-17,C00501,West,Mumbai,Consumer,Completed,Wallet
O009711,2025-12-10,C00450,South,Chennai,Corporate,Completed,Credit Card
O009712,2023-12-27,C00121,North,Jaipur,Corporate,Completed,UPI
O009713,2023-12-02,C00285,West,Pune,Consumer,Completed,Wallet
O009714,2023-08-09,C00536,South,Bengaluru,Consumer,Completed,Net Banking
O009715,2024-02-01,C00499,North,Delhi,Home Office,Completed,Credit Card
O009716,2025-10-14,C00147,North,Chandigarh,Home Office,Returned,Wallet
O009717,2025-05-28,C00607,West,Pune,Consumer,Completed,Credit Card
O009718,2023-11-14,C00459,South,Chennai,Consumer,Completed,Net Banking
O009719,2025-04-15,C00178,East,Bhubaneswar,Home Office,Completed,UPI
O009720,2025-01-02,C00562,North,Delhi,Consumer,Completed,Credit Card
O009721,2023-04-10,C00142,East,Patna,Corporate,Completed,Credit Card
O009722,2024-02-22,C00603,North,Delhi,Consumer,Completed,Net Banking
O009723,2025-01-10,C00306,East,Guwahati,Home Office,Completed,Credit Card
O009724,2024-08-08,C00389,North,Delhi,Consumer,Completed,Credit Card
O009725,2024-05-20,C00093,East,Kolkata,Consumer,Completed,UPI
O009726,2023-03-17,C00074,East,Guwahati,Consumer,Completed,UPI
O009727,2025-06-02,C00377,West,Ahmedabad,Consumer,Completed,Debit Card
O009728,2024-06-17,C00678,North,Lucknow,Consumer,Completed,Net Banking
O009729,2023-06-09,C00065,East,Kolkata,Home Office,Completed,Credit Card
O009730,2025-11-04,C00083,West,Pune,Consumer,Completed,Net Banking
O009731,2023-01-14,C00649,South,Kochi,Home Office,Completed,UPI
O009732,2024-02-11,C00475,North,Chandigarh,Consumer,Completed,Debit Card
O009733,2023-07-28,C00569,West,Surat,Consumer,Completed,Credit Card
O009734,2024-05-19,C00012,South,Kochi,Corporate,Completed,Wallet
O009735,2024-05-15,C00686,North,Delhi,Corporate,Completed,Wallet
O009736,2025-09-23,C00385,East,Patna,Consumer,Completed,Wallet
O009737,2023-05-01,C00147,North,Chandigarh,Home Office,Completed,Wallet
O009738,2025-12-23,C00348,West,Surat,Consumer,Completed,Debit Card
O009739,2024-11-15,C00713,North,Jaipur,Consumer,Completed,Credit Card
O009740,2024-01-10,C00064,South,Hyderabad,Consumer,Completed,Net Banking
O009741,2023-03-20,C00165,East,Guwahati,Corporate,Completed,Credit Card
O009742,2025-12-22,C00319,South,Kochi,Consumer,Completed,Net Banking
O009743,2024-03-15,C00428,South,Chennai,Corporate,Completed,Wallet
O009744,2024-05-05,C00166,East,Guwahati,Consumer,Completed,UPI
O009745,2024-05-14,C00060,West,Surat,Corporate,Completed,Wallet
O009746,2023-08-11,C00478,South,Chennai,Consumer,Completed,UPI
O009747,2024-11-10,C00616,North,Delhi,Corporate,Completed,UPI
O009748,2024-04-12,C00625,East,Bhubaneswar,Home Office,Completed,UPI
O009749,2023-01-19,C00472,South,Bengaluru,Home Office,Completed,Credit Card
O009750,2025-11-04,C00413,East,Patna,Corporate,Completed,Net Banking
O009751,2023-01-30,C00151,West,Ahmedabad,Consumer,Completed,Net Banking
O009752,2023-11-23,C00693,North,Chandigarh,Consumer,Completed,Credit Card
O009753,2025-03-09,C00254,South,Bengaluru,Consumer,Completed,Debit Card
O009754,2024-02-13,C00065,East,Kolkata,Home Office,Completed,Debit Card
O009755,2024-01-10,C00686,North,Delhi,Corporate,Completed,UPI
O009756,2023-04-13,C00521,West,Pune,Home Office,Completed,Debit Card
O009757,2024-12-26,C00748,North,Delhi,Consumer,Completed,Net Banking
O009758,2023-12-12,C00139,East,Bhubaneswar,Consumer,Completed,Credit Card
O009759,2024-04-06,C00025,North,Chandigarh,Consumer,Completed,UPI
O009760,2025-06-21,C00458,West,Surat,Consumer,Completed,Debit Card
O009761,2024-01-16,C00460,South,Bengaluru,Consumer,Completed,Credit Card
O009762,2025-04-27,C00392,West,Surat,Home Office,Completed,Net Banking
O009763,2023-08-17,C00406,South,Chennai,Consumer,Completed,Credit Card
O009764,2024-11-25,C00493,North,Chandigarh,Corporate,Completed,Debit Card
O009765,2023-01-26,C00602,East,Guwahati,Corporate,Completed,Credit Card
O009766,2025-01-20,C00333,East,Kolkata,Corporate,Completed,Credit Card
O009767,2024-11-23,C00143,North,Lucknow,Consumer,Completed,Wallet
O009768,2024-09-12,C00073,South,Kochi,Home Office,Completed,Net Banking
O009769,2023-06-22,C00542,West,Ahmedabad,Consumer,Completed,Debit Card
O009770,2024-11-29,C00491,East,Guwahati,Consumer,Completed,Credit Card
O009771,2023-11-17,C00295,South,Bengaluru,Corporate,Completed,Debit Card
O009772,2025-08-10,C00272,East,Guwahati,Corporate,Completed,Wallet
O009773,2024-10-09,C00723,South,Bengaluru,Consumer,Completed,Debit Card
O009774,2023-02-10,C00568,South,Bengaluru,Consumer,Completed,Wallet
O009775,2024-10-11,C00629,North,Delhi,Home Office,Completed,Wallet
O009776,2024-09-01,C00179,East,Guwahati,Home Office,Completed,UPI
O009777,2023-09-15,C00083,West,Pune,Consumer,Completed,Net Banking
O009778,2025-06-11,C00104,North,Jaipur,Home Office,Completed,UPI
O009779,2025-08-20,C00558,South,Chennai,Consumer,Completed,Net Banking
O009780,2025-10-10,C00718,North,Delhi,Corporate,Completed,Credit Card
O009781,2025-04-03,C00165,East,Guwahati,Corporate,Completed,Net Banking
O009782,2025-09-05,C00349,West,Mumbai,Corporate,Completed,Credit Card
O009783,2023-06-05,C00624,South,Hyderabad,Consumer,Completed,Net Banking
O009784,2024-09-29,C00603,North,Delhi,Consumer,Completed,UPI
O009785,2023-08-26,C00528,East,Kolkata,Consumer,Completed,Wallet
O009786,2023-09-07,C00154,North,Jaipur,Home Office,Completed,Net Banking
O009787,2024-11-24,C00585,West,Surat,Consumer,Completed,Wallet
O009788,2024-02-24,C00066,West,Surat,Home Office,Completed,UPI
O009789,2025-11-30,C00081,West,Pune,Corporate,Completed,Credit Card
O009790,2023-04-25,C00076,West,Surat,Corporate,Completed,Credit Card
O009791,2023-07-24,C00017,North,Chandigarh,Consumer,Completed,Debit Card
O009792,2024-02-12,C00219,North,Jaipur,Home Office,Completed,Wallet
O009793,2023-07-15,C00306,East,Guwahati,Home Office,Completed,Credit Card
O009794,2023-12-17,C00031,North,Lucknow,Consumer,Completed,Debit Card
O009795,2023-03-05,C00140,West,Mumbai,Consumer,Completed,UPI
O009796,2024-01-22,C00536,South,Bengaluru,Consumer,Completed,Debit Card
O009797,2024-05-23,C00625,East,Bhubaneswar,Home Office,Completed,UPI
O009798,2024-01-16,C00233,South,Kochi,Consumer,Returned,Net Banking
O009799,2023-01-17,C00683,North,Chandigarh,Consumer,Completed,Wallet
O009800,2025-10-24,C00589,North,Lucknow,Corporate,Completed,UPI
O009801,2023-03-04,C00104,North,Jaipur,Home Office,Completed,Wallet
O009802,2025-10-12,C00553,East,Patna,Consumer,Completed,Net Banking
O009803,2025-08-21,C00457,South,Hyderabad,Home Office,Completed,UPI
O009804,2025-06-24,C00445,East,Bhubaneswar,Corporate,Completed,Credit Card
O009805,2023-12-13,C00022,West,Surat,Consumer,Completed,Net Banking
O009806,2024-08-26,C00675,East,Bhubaneswar,Home Office,Completed,Net Banking
O009807,2023-07-01,C00252,South,Kochi,Consumer,Completed,UPI
O009808,2025-08-29,C00725,East,Bhubaneswar,Consumer,Completed,Net Banking
O009809,2024-10-17,C00133,West,Surat,Corporate,Completed,Credit Card
O009810,2024-03-24,C00396,West,Mumbai,Corporate,Completed,Net Banking
O009811,2023-09-15,C00376,East,Guwahati,Consumer,Completed,Credit Card
O009812,2023-05-26,C00394,East,Guwahati,Consumer,Completed,Debit Card
O009813,2023-02-12,C00030,South,Bengaluru,Consumer,Completed,Wallet
O009814,2025-09-29,C00046,North,Lucknow,Consumer,Completed,UPI
O009815,2023-06-04,C00437,South,Chennai,Consumer,Completed,Debit Card
O009816,2024-07-10,C00626,North,Jaipur,Corporate,Completed,Debit Card
O009817,2025-11-22,C00366,North,Chandigarh,Consumer,Completed,Net Banking
O009818,2024-07-02,C00449,East,Guwahati,Home Office,Completed,Net Banking
O009819,2024-01-09,C00101,North,Delhi,Corporate,Completed,Net Banking
O009820,2024-05-23,C00541,North,Delhi,Consumer,Completed,Net Banking
O009821,2025-04-01,C00135,West,Surat,Consumer,Completed,Net Banking
O009822,2023-12-08,C00398,South,Kochi,Corporate,Completed,Wallet
O009823,2025-01-18,C00190,West,Mumbai,Home Office,Completed,Wallet
O009824,2025-06-10,C00565,East,Kolkata,Consumer,Completed,Net Banking
O009825,2024-03-13,C00396,West,Mumbai,Corporate,Completed,Credit Card
O009826,2024-06-04,C00002,North,Jaipur,Consumer,Completed,Credit Card
O009827,2024-06-04,C00507,West,Surat,Consumer,Completed,Credit Card
O009828,2025-04-18,C00732,East,Guwahati,Corporate,Completed,Wallet
O009829,2024-03-06,C00212,West,Surat,Corporate,Completed,Debit Card
O009830,2024-09-23,C00340,North,Delhi,Home Office,Completed,Wallet
O009831,2025-03-09,C00609,South,Hyderabad,Consumer,Completed,Net Banking
O009832,2023-12-13,C00394,East,Guwahati,Consumer,Returned,UPI
O009833,2025-10-03,C00214,North,Delhi,Corporate,Completed,UPI
O009834,2023-02-17,C00111,East,Patna,Consumer,Completed,Debit Card
O009835,2023-03-18,C00129,East,Kolkata,Consumer,Completed,Credit Card
O009836,2023-06-07,C00413,East,Patna,Corporate,Completed,Credit Card
O009837,2023-04-05,C00385,East,Patna,Consumer,Completed,Net Banking
O009838,2025-05-31,C00693,North,Chandigarh,Consumer,Completed,Debit Card
O009839,2024-07-09,C00272,East,Guwahati,Corporate,Completed,Credit Card
O009840,2024-04-19,C00317,West,Pune,Consumer,Completed,Credit Card
O009841,2025-07-03,C00137,North,Chandigarh,Consumer,Returned,UPI
O009842,2024-06-18,C00491,East,Guwahati,Consumer,Returned,Debit Card
O009843,2023-04-27,C00071,South,Kochi,Consumer,Completed,Net Banking
O009844,2023-12-08,C00429,North,Delhi,Consumer,Completed,UPI
O009845,2023-06-27,C00417,North,Delhi,Consumer,Completed,Credit Card
O009846,2023-10-16,C00290,West,Mumbai,Consumer,Completed,Debit Card
O009847,2025-06-06,C00304,North,Delhi,Home Office,Completed,Credit Card
O009848,2024-11-26,C00079,East,Guwahati,Consumer,Completed,UPI
O009849,2024-06-25,C00433,West,Ahmedabad,Consumer,Completed,Wallet
O009850,2024-10-03,C00579,West,Mumbai,Consumer,Completed,Wallet
O009851,2023-02-19,C00267,West,Pune,Home Office,Completed,Net Banking
O009852,2024-10-15,C00025,North,Chandigarh,Consumer,Completed,Debit Card
O009853,2025-08-08,C00286,South,Bengaluru,Consumer,Completed,Debit Card
O009854,2025-09-05,C00027,South,Kochi,Consumer,Completed,UPI
O009855,2024-12-31,C00416,South,Kochi,Consumer,Completed,UPI
O009856,2025-12-24,C00293,South,Bengaluru,Home Office,Cancelled,Wallet
O009857,2024-02-13,C00679,South,Chennai,Consumer,Completed,Debit Card
O009858,2025-06-15,C00128,West,Mumbai,Consumer,Returned,Net Banking
O009859,2025-06-27,C00595,South,Chennai,Corporate,Completed,Debit Card
O009860,2023-06-12,C00597,West,Ahmedabad,Consumer,Completed,Debit Card
O009861,2025-09-09,C00090,East,Guwahati,Consumer,Completed,UPI
O009862,2024-02-08,C00167,South,Chennai,Home Office,Completed,UPI
O009863,2025-12-22,C00153,West,Mumbai,Consumer,Completed,UPI
O009864,2023-01-22,C00196,South,Bengaluru,Consumer,Completed,UPI
O009865,2023-07-23,C00148,South,Bengaluru,Consumer,Completed,UPI
O009866,2025-03-13,C00561,East,Kolkata,Consumer,Completed,UPI
O009867,2025-12-21,C00382,East,Guwahati,Home Office,Completed,Credit Card
O009868,2025-07-08,C00345,West,Mumbai,Consumer,Completed,Net Banking
O009869,2024-01-30,C00189,West,Pune,Consumer,Completed,Credit Card
O009870,2024-09-30,C00090,East,Guwahati,Consumer,Completed,UPI
O009871,2025-01-06,C00230,South,Chennai,Consumer,Completed,Wallet
O009872,2024-02-10,C00694,North,Delhi,Consumer,Completed,Debit Card
O009873,2024-02-07,C00515,North,Chandigarh,Consumer,Completed,Debit Card
O009874,2023-08-19,C00159,South,Chennai,Consumer,Completed,Credit Card
O009875,2023-07-23,C00480,South,Bengaluru,Consumer,Completed,Wallet
O009876,2025-01-19,C00129,East,Kolkata,Consumer,Completed,Net Banking
O009877,2025-07-19,C00051,North,Chandigarh,Home Office,Completed,Debit Card
O009878,2025-02-23,C00721,West,Pune,Consumer,Completed,Wallet
O009879,2025-04-15,C00482,North,Lucknow,Home Office,Completed,Credit Card
O009880,2024-09-14,C00383,East,Bhubaneswar,Corporate,Completed,Wallet
O009881,2023-02-18,C00223,North,Delhi,Consumer,Completed,UPI
O009882,2025-11-01,C00130,South,Kochi,Consumer,Completed,Debit Card
O009883,2023-09-11,C00532,South,Hyderabad,Consumer,Completed,Wallet
O009884,2024-05-05,C00373,West,Pune,Corporate,Completed,Net Banking
O009885,2025-12-07,C00439,East,Guwahati,Corporate,Completed,Credit Card
O009886,2025-07-05,C00474,West,Mumbai,Consumer,Completed,Credit Card
O009887,2025-06-23,C00070,North,Jaipur,Consumer,Completed,Net Banking
O009888,2023-03-15,C00150,East,Patna,Corporate,Completed,Wallet
O009889,2023-06-14,C00270,East,Guwahati,Home Office,Completed,UPI
O009890,2023-07-12,C00528,East,Kolkata,Consumer,Completed,Debit Card
O009891,2025-06-14,C00733,East,Kolkata,Consumer,Completed,Credit Card
O009892,2024-05-16,C00317,West,Pune,Consumer,Completed,Credit Card
O009893,2025-03-29,C00695,North,Chandigarh,Home Office,Completed,UPI
O009894,2025-09-03,C00710,West,Mumbai,Home Office,Completed,UPI
O009895,2023-10-18,C00571,West,Mumbai,Consumer,Completed,Wallet
O009896,2023-09-20,C00352,West,Mumbai,Home Office,Completed,UPI
O009897,2024-11-18,C00229,West,Mumbai,Consumer,Completed,Net Banking
O009898,2023-10-12,C00597,West,Ahmedabad,Consumer,Completed,Net Banking
O009899,2025-02-09,C00399,East,Patna,Consumer,Completed,Net Banking
O009900,2025-05-16,C00020,West,Mumbai,Home Office,Completed,UPI
O009901,2023-12-24,C00215,East,Kolkata,Consumer,Completed,Net Banking
O009902,2023-04-23,C00506,East,Bhubaneswar,Consumer,Completed,UPI
O009903,2024-02-05,C00063,East,Kolkata,Corporate,Completed,Credit Card
O009904,2025-03-08,C00513,East,Guwahati,Corporate,Completed,Wallet
O009905,2023-07-06,C00466,North,Delhi,Consumer,Completed,Wallet
O009906,2025-06-23,C00662,West,Surat,Home Office,Completed,Debit Card
O009907,2023-11-20,C00149,South,Bengaluru,Corporate,Completed,Credit Card
O009908,2024-12-13,C00604,South,Kochi,Corporate,Completed,UPI
O009909,2024-04-05,C00400,East,Patna,Consumer,Completed,Net Banking
O009910,2023-02-02,C00521,West,Pune,Home Office,Completed,Net Banking
O009911,2024-10-01,C00045,West,Mumbai,Home Office,Completed,Credit Card
O009912,2024-03-29,C00428,South,Chennai,Corporate,Completed,Credit Card
O009913,2023-10-01,C00727,East,Patna,Home Office,Completed,Wallet
O009914,2024-03-30,C00579,West,Mumbai,Consumer,Completed,Credit Card
O009915,2023-04-17,C00431,East,Guwahati,Home Office,Completed,UPI
O009916,2024-02-20,C00289,West,Surat,Consumer,Completed,UPI
O009917,2025-02-25,C00379,East,Bhubaneswar,Consumer,Completed,Net Banking
O009918,2024-09-29,C00603,North,Delhi,Consumer,Cancelled,UPI
O009919,2025-06-08,C00477,West,Mumbai,Consumer,Completed,Debit Card
O009920,2024-02-11,C00149,South,Bengaluru,Corporate,Completed,UPI
O009921,2025-06-29,C00126,East,Kolkata,Consumer,Completed,Credit Card
O009922,2023-07-29,C00132,North,Delhi,Consumer,Cancelled,Credit Card
O009923,2023-08-11,C00232,North,Delhi,Consumer,Completed,Credit Card
O009924,2025-10-17,C00518,South,Kochi,Consumer,Completed,UPI
O009925,2024-11-05,C00107,West,Mumbai,Consumer,Completed,Debit Card
O009926,2023-12-18,C00250,West,Mumbai,Consumer,Completed,Wallet
O009927,2023-01-16,C00714,East,Guwahati,Home Office,Completed,Credit Card
O009928,2025-03-24,C00431,East,Guwahati,Home Office,Completed,Net Banking
O009929,2023-02-11,C00600,South,Bengaluru,Home Office,Completed,Wallet
O009930,2024-11-30,C00424,South,Chennai,Home Office,Completed,Credit Card
O009931,2025-03-20,C00327,North,Delhi,Consumer,Completed,Net Banking
O009932,2025-07-22,C00100,North,Lucknow,Consumer,Completed,Wallet
O009933,2024-05-16,C00720,East,Bhubaneswar,Consumer,Cancelled,Net Banking
O009934,2023-11-19,C00439,East,Guwahati,Corporate,Completed,Debit Card
O009935,2023-11-02,C00590,East,Guwahati,Consumer,Completed,Debit Card
O009936,2025-05-27,C00260,East,Bhubaneswar,Home Office,Completed,UPI
O009937,2025-03-21,C00360,West,Surat,Consumer,Completed,Wallet
O009938,2025-11-13,C00362,North,Jaipur,Corporate,Completed,Debit Card
O009939,2023-08-04,C00672,East,Bhubaneswar,Consumer,Completed,Debit Card
O009940,2023-10-01,C00063,East,Kolkata,Corporate,Completed,Credit Card
O009941,2023-07-19,C00203,West,Ahmedabad,Corporate,Cancelled,UPI
O009942,2023-11-08,C00683,North,Chandigarh,Consumer,Completed,Wallet
O009943,2025-11-24,C00293,South,Bengaluru,Home Office,Completed,Wallet
O009944,2023-12-21,C00184,North,Jaipur,Consumer,Completed,Debit Card
O009945,2023-03-17,C00546,West,Mumbai,Consumer,Completed,UPI
O009946,2025-07-29,C00689,West,Surat,Consumer,Completed,UPI
O009947,2025-06-08,C00312,North,Lucknow,Consumer,Completed,Net Banking
O009948,2024-07-03,C00009,East,Bhubaneswar,Consumer,Completed,Wallet
O009949,2024-08-11,C00428,South,Chennai,Corporate,Completed,Net Banking
O009950,2024-10-11,C00347,West,Ahmedabad,Consumer,Completed,UPI
O009951,2023-06-20,C00260,East,Bhubaneswar,Home Office,Completed,Debit Card
O009952,2024-09-25,C00278,West,Ahmedabad,Corporate,Completed,UPI
O009953,2024-06-11,C00106,North,Jaipur,Corporate,Completed,Wallet
O009954,2024-03-23,C00139,East,Bhubaneswar,Consumer,Completed,Wallet
O009955,2023-08-13,C00495,North,Chandigarh,Home Office,Completed,Wallet
O009956,2023-08-01,C00307,East,Patna,Consumer,Completed,UPI
O009957,2025-08-13,C00598,North,Delhi,Consumer,Completed,UPI
O009958,2025-05-20,C00114,West,Surat,Home Office,Cancelled,Wallet
O009959,2024-08-12,C00707,East,Kolkata,Consumer,Completed,Credit Card
O009960,2024-06-19,C00453,East,Patna,Consumer,Completed,Net Banking
O009961,2024-08-04,C00093,East,Kolkata,Consumer,Completed,Credit Card
O009962,2024-10-08,C00246,East,Guwahati,Consumer,Completed,Net Banking
O009963,2024-12-21,C00153,West,Mumbai,Consumer,Completed,Credit Card
O009964,2025-12-27,C00061,South,Kochi,Home Office,Completed,Net Banking
O009965,2024-12-06,C00349,West,Mumbai,Corporate,Completed,Wallet
O009966,2024-01-08,C00378,West,Pune,Home Office,Completed,UPI
O009967,2025-08-25,C00420,West,Ahmedabad,Home Office,Completed,Debit Card
O009968,2023-05-30,C00681,West,Surat,Corporate,Completed,Credit Card
O009969,2025-05-16,C00421,North,Chandigarh,Consumer,Completed,Net Banking
O009970,2023-01-26,C00259,South,Hyderabad,Consumer,Completed,Wallet
O009971,2024-07-18,C00036,West,Surat,Consumer,Completed,Net Banking
O009972,2025-03-09,C00698,North,Delhi,Consumer,Completed,UPI
O009973,2023-08-03,C00377,West,Ahmedabad,Consumer,Completed,Credit Card
O009974,2025-03-25,C00347,West,Ahmedabad,Consumer,Completed,UPI
O009975,2023-05-18,C00573,North,Chandigarh,Consumer,Completed,Wallet
O009976,2025-07-27,C00181,South,Hyderabad,Consumer,Completed,Debit Card
O009977,2024-11-03,C00384,South,Kochi,Corporate,Cancelled,Net Banking
O009978,2024-09-24,C00414,East,Bhubaneswar,Consumer,Completed,Credit Card
O009979,2025-02-18,C00722,East,Guwahati,Consumer,Completed,Credit Card
O009980,2025-01-11,C00471,North,Chandigarh,Consumer,Completed,Credit Card
O009981,2025-08-05,C00562,North,Delhi,Consumer,Completed,UPI
O009982,2024-10-28,C00662,West,Surat,Home Office,Completed,UPI
O009983,2025-04-03,C00558,South,Chennai,Consumer,Completed,Credit Card
O009984,2024-07-23,C00035,South,Hyderabad,Consumer,Completed,Wallet
O009985,2023-07-24,C00550,West,Pune,Home Office,Completed,Net Banking
O009986,2023-04-15,C00499,North,Delhi,Home Office,Completed,Wallet
O009987,2025-12-19,C00127,South,Chennai,Corporate,Completed,Credit Card
O009988,2023-02-20,C00717,South,Bengaluru,Consumer,Completed,Debit Card
O009989,2023-04-09,C00030,South,Bengaluru,Consumer,Completed,UPI
O009990,2023-11-23,C00474,West,Mumbai,Consumer,Completed,Wallet
O009991,2025-04-11,C00269,West,Ahmedabad,Consumer,Completed,Net Banking
O009992,2025-10-06,C00312,North,Lucknow,Consumer,Completed,Net Banking
O009993,2025-11-05,C00428,South,Chennai,Corporate,Completed,UPI
O009994,2023-10-04,C00124,East,Bhubaneswar,Home Office,Completed,Wallet
O009995,2025-08-21,C00097,East,Guwahati,Consumer,Completed,UPI
O009996,2024-07-12,C00344,East,Kolkata,Consumer,Completed,Debit Card
O009997,2023-01-17,C00556,South,Bengaluru,Corporate,Completed,Debit Card
O009998,2025-06-22,C00590,East,Guwahati,Consumer,Completed,Wallet
O009999,2025-08-12,C00274,South,Hyderabad,Corporate,Completed,Credit Card
O010000,2024-01-04,C00711,East,Guwahati,Consumer,Completed,Wallet
O010001,2024-04-26,C00012,South,Kochi,Corporate,Completed,Net Banking
O010002,2023-06-28,C00168,South,Bengaluru,Consumer,Completed,Wallet
O010003,2023-09-03,C00067,North,Chandigarh,Corporate,Completed,Net Banking
O010004,2025-07-25,C00746,North,Chandigarh,Consumer,Completed,Credit Card
O010005,2024-03-08,C00616,North,Delhi,Corporate,Completed,Wallet
O010006,2024-07-31,C00083,West,Pune,Consumer,Completed,Net Banking
O010007,2025-09-26,C00048,West,Pune,Home Office,Completed,Credit Card
O010008,2024-04-20,C00578,West,Ahmedabad,Consumer,Completed,Net Banking
O010009,2025-10-20,C00311,East,Guwahati,Consumer,Completed,Net Banking
O010010,2025-02-15,C00263,East,Kolkata,Corporate,Completed,Credit Card
O010011,2025-11-10,C00451,West,Mumbai,Home Office,Completed,Wallet
O010012,2025-08-24,C00384,South,Kochi,Corporate,Completed,Credit Card
O010013,2025-11-01,C00618,South,Hyderabad,Consumer,Completed,Credit Card
O010014,2024-03-10,C00212,West,Surat,Corporate,Completed,Debit Card
O010015,2025-05-15,C00088,North,Lucknow,Consumer,Completed,Debit Card
O010016,2024-09-04,C00628,West,Ahmedabad,Corporate,Completed,Wallet
O010017,2023-07-06,C00464,North,Chandigarh,Corporate,Completed,Net Banking
O010018,2025-07-03,C00595,South,Chennai,Corporate,Completed,UPI
O010019,2024-06-08,C00557,East,Kolkata,Home Office,Returned,UPI
O010020,2023-08-30,C00712,South,Chennai,Corporate,Completed,Credit Card
O010021,2023-01-13,C00195,South,Kochi,Home Office,Completed,Credit Card
O010022,2023-07-27,C00601,East,Bhubaneswar,Consumer,Completed,Net Banking
O010023,2023-05-24,C00003,North,Lucknow,Home Office,Completed,UPI
O010024,2024-09-01,C00054,East,Bhubaneswar,Consumer,Completed,Credit Card
O010025,2023-01-25,C00287,West,Mumbai,Consumer,Completed,Credit Card
O010026,2025-11-30,C00422,East,Bhubaneswar,Consumer,Completed,Debit Card
O010027,2025-05-07,C00446,North,Chandigarh,Consumer,Completed,Debit Card
O010028,2023-01-15,C00202,East,Guwahati,Home Office,Completed,Wallet
O010029,2023-07-25,C00674,North,Delhi,Corporate,Completed,Debit Card
O010030,2023-11-19,C00001,North,Delhi,Consumer,Completed,Net Banking
O010031,2023-09-24,C00621,South,Bengaluru,Corporate,Completed,UPI
O010032,2024-09-08,C00607,West,Pune,Consumer,Completed,Credit Card
O010033,2025-07-15,C00618,South,Hyderabad,Consumer,Completed,Net Banking
O010034,2025-07-02,C00256,East,Guwahati,Consumer,Completed,Debit Card
O010035,2025-08-08,C00547,East,Patna,Consumer,Completed,Debit Card
O010036,2024-01-27,C00091,North,Jaipur,Home Office,Completed,UPI
O010037,2023-10-26,C00039,South,Hyderabad,Home Office,Completed,Debit Card
O010038,2025-08-30,C00451,West,Mumbai,Home Office,Completed,Debit Card
O010039,2025-02-20,C00225,West,Mumbai,Consumer,Completed,UPI
O010040,2025-12-26,C00426,West,Pune,Corporate,Returned,UPI
O010041,2024-08-18,C00211,East,Kolkata,Consumer,Completed,Debit Card
O010042,2025-12-07,C00270,East,Guwahati,Home Office,Completed,UPI
O010043,2025-07-20,C00321,West,Surat,Consumer,Completed,Net Banking
O010044,2024-11-19,C00137,North,Chandigarh,Consumer,Completed,UPI
O010045,2025-11-13,C00046,North,Lucknow,Consumer,Completed,Net Banking
O010046,2025-10-25,C00458,West,Surat,Consumer,Completed,Credit Card
O010047,2024-10-10,C00024,North,Lucknow,Consumer,Completed,Net Banking
O010048,2023-11-29,C00540,East,Bhubaneswar,Consumer,Completed,Debit Card
O010049,2023-08-23,C00600,South,Bengaluru,Home Office,Completed,Credit Card
O010050,2025-11-09,C00370,South,Kochi,Consumer,Completed,Wallet
O010051,2024-08-15,C00715,East,Patna,Consumer,Completed,Net Banking
O010052,2023-06-29,C00120,East,Kolkata,Corporate,Completed,Net Banking
O010053,2023-04-17,C00091,North,Jaipur,Home Office,Completed,UPI
O010054,2023-11-06,C00077,South,Kochi,Home Office,Completed,Credit Card
O010055,2025-07-06,C00147,North,Chandigarh,Home Office,Completed,Credit Card
O010056,2024-08-31,C00461,North,Jaipur,Corporate,Completed,Net Banking
O010057,2024-05-15,C00306,East,Guwahati,Home Office,Completed,Wallet
O010058,2025-06-01,C00050,South,Chennai,Consumer,Completed,Net Banking
O010059,2023-02-21,C00610,South,Hyderabad,Home Office,Completed,Credit Card
O010060,2025-09-12,C00333,East,Kolkata,Corporate,Returned,Credit Card
O010061,2024-04-30,C00318,South,Kochi,Consumer,Completed,Credit Card
O010062,2023-01-29,C00366,North,Chandigarh,Consumer,Completed,UPI
O010063,2023-07-30,C00716,North,Chandigarh,Corporate,Returned,UPI
O010064,2024-12-18,C00673,East,Patna,Consumer,Returned,Wallet
O010065,2024-01-12,C00744,South,Chennai,Consumer,Completed,Wallet
O010066,2023-05-12,C00063,East,Kolkata,Corporate,Completed,Net Banking
O010067,2024-07-02,C00317,West,Pune,Consumer,Completed,Credit Card
O010068,2024-09-13,C00731,West,Surat,Home Office,Completed,Net Banking
O010069,2024-11-10,C00298,West,Surat,Consumer,Completed,UPI
O010070,2023-11-05,C00349,West,Mumbai,Corporate,Completed,Wallet
O010071,2025-02-23,C00450,South,Chennai,Corporate,Completed,UPI
O010072,2024-02-16,C00256,East,Guwahati,Consumer,Completed,Wallet
O010073,2025-07-22,C00055,South,Hyderabad,Consumer,Completed,UPI
O010074,2024-02-22,C00116,South,Kochi,Consumer,Cancelled,Credit Card
O010075,2023-07-30,C00133,West,Surat,Corporate,Completed,Wallet
O010076,2024-06-14,C00416,South,Kochi,Consumer,Completed,Net Banking
O010077,2023-10-01,C00343,North,Lucknow,Corporate,Completed,Wallet
O010078,2025-07-05,C00526,West,Pune,Corporate,Completed,UPI
O010079,2024-08-01,C00412,South,Kochi,Home Office,Completed,Net Banking
O010080,2024-01-04,C00324,South,Kochi,Consumer,Completed,Wallet
O010081,2025-02-19,C00192,East,Guwahati,Consumer,Returned,UPI
O010082,2023-09-05,C00298,West,Surat,Consumer,Completed,Debit Card
O010083,2023-07-13,C00560,East,Kolkata,Corporate,Returned,Debit Card
O010084,2025-01-15,C00256,East,Guwahati,Consumer,Completed,UPI
O010085,2023-04-15,C00184,North,Jaipur,Consumer,Completed,Net Banking
O010086,2025-09-10,C00049,North,Delhi,Home Office,Completed,UPI
O010087,2023-03-24,C00446,North,Chandigarh,Consumer,Completed,UPI
O010088,2023-02-19,C00382,East,Guwahati,Home Office,Completed,Net Banking
O010089,2025-12-20,C00618,South,Hyderabad,Consumer,Completed,UPI
O010090,2023-01-28,C00283,East,Bhubaneswar,Home Office,Completed,Net Banking
O010091,2023-12-12,C00453,East,Patna,Consumer,Completed,UPI
O010092,2025-05-08,C00629,North,Delhi,Home Office,Completed,Debit Card
O010093,2024-02-12,C00715,East,Patna,Consumer,Completed,Wallet
O010094,2024-03-01,C00652,West,Ahmedabad,Home Office,Completed,UPI
O010095,2024-01-17,C00407,South,Chennai,Corporate,Completed,Debit Card
O010096,2025-01-17,C00355,South,Bengaluru,Corporate,Completed,Net Banking
O010097,2025-12-19,C00424,South,Chennai,Home Office,Completed,Credit Card
O010098,2023-09-26,C00678,North,Lucknow,Consumer,Completed,Credit Card
O010099,2024-02-08,C00602,East,Guwahati,Corporate,Completed,Credit Card
O010100,2023-06-21,C00459,South,Chennai,Consumer,Completed,Credit Card
O010101,2024-05-19,C00421,North,Chandigarh,Consumer,Completed,Credit Card
O010102,2025-10-03,C00380,West,Mumbai,Home Office,Completed,Credit Card
O010103,2023-01-25,C00111,East,Patna,Consumer,Completed,Net Banking
O010104,2023-01-28,C00104,North,Jaipur,Home Office,Completed,Debit Card
O010105,2024-11-26,C00691,North,Delhi,Consumer,Completed,Credit Card
O010106,2024-12-19,C00610,South,Hyderabad,Home Office,Completed,Wallet
O010107,2023-04-04,C00702,West,Pune,Consumer,Completed,UPI
O010108,2024-02-24,C00178,East,Bhubaneswar,Home Office,Completed,UPI
O010109,2025-05-13,C00149,South,Bengaluru,Corporate,Completed,Debit Card
O010110,2023-07-19,C00339,South,Kochi,Consumer,Completed,Net Banking
O010111,2024-08-12,C00361,East,Patna,Consumer,Completed,Credit Card
O010112,2023-01-27,C00666,West,Surat,Consumer,Completed,Net Banking
O010113,2023-01-08,C00317,West,Pune,Consumer,Completed,Credit Card
O010114,2025-04-02,C00319,South,Kochi,Consumer,Completed,Net Banking
O010115,2023-02-23,C00635,East,Patna,Corporate,Completed,UPI
O010116,2025-09-28,C00491,East,Guwahati,Consumer,Completed,Credit Card
O010117,2024-04-30,C00024,North,Lucknow,Consumer,Completed,Wallet
O010118,2025-04-25,C00584,East,Guwahati,Consumer,Completed,Wallet
O010119,2025-01-03,C00518,South,Kochi,Consumer,Completed,Wallet
O010120,2023-07-07,C00087,South,Kochi,Home Office,Completed,Wallet
O010121,2023-10-25,C00649,South,Kochi,Home Office,Completed,Credit Card
O010122,2023-03-18,C00236,East,Patna,Consumer,Completed,Net Banking
O010123,2023-01-03,C00480,South,Bengaluru,Consumer,Completed,UPI
O010124,2024-11-23,C00261,North,Chandigarh,Consumer,Completed,Debit Card
O010125,2025-03-15,C00216,South,Chennai,Corporate,Completed,Credit Card
O010126,2024-04-01,C00158,South,Hyderabad,Consumer,Completed,Credit Card
O010127,2025-10-07,C00328,South,Kochi,Consumer,Completed,Wallet
O010128,2025-09-30,C00713,North,Jaipur,Consumer,Completed,Credit Card
O010129,2024-10-28,C00268,South,Kochi,Consumer,Completed,Net Banking
O010130,2024-06-13,C00420,West,Ahmedabad,Home Office,Completed,Credit Card
O010131,2023-01-17,C00707,East,Kolkata,Consumer,Completed,Wallet
O010132,2024-09-27,C00658,East,Kolkata,Consumer,Completed,Debit Card
O010133,2023-03-01,C00716,North,Chandigarh,Corporate,Completed,Wallet
O010134,2024-09-24,C00239,North,Jaipur,Consumer,Completed,Credit Card
O010135,2025-08-04,C00353,South,Kochi,Consumer,Completed,Credit Card
O010136,2024-07-31,C00227,North,Delhi,Consumer,Completed,Wallet
O010137,2025-01-21,C00562,North,Delhi,Consumer,Completed,Wallet
O010138,2024-11-18,C00031,North,Lucknow,Consumer,Completed,Net Banking
O010139,2024-06-30,C00286,South,Bengaluru,Consumer,Completed,Wallet
O010140,2025-04-10,C00042,East,Guwahati,Consumer,Completed,Credit Card
O010141,2023-10-05,C00073,South,Kochi,Home Office,Completed,Debit Card
O010142,2024-06-26,C00707,East,Kolkata,Consumer,Completed,Wallet
O010143,2023-04-03,C00121,North,Jaipur,Corporate,Completed,Net Banking
O010144,2023-10-27,C00517,North,Jaipur,Home Office,Completed,Net Banking
O010145,2024-11-14,C00740,South,Hyderabad,Consumer,Completed,Credit Card
O010146,2024-04-14,C00406,South,Chennai,Consumer,Completed,Net Banking
O010147,2023-09-28,C00714,East,Guwahati,Home Office,Completed,Wallet
O010148,2024-01-16,C00014,West,Ahmedabad,Consumer,Completed,Debit Card
O010149,2025-02-12,C00293,South,Bengaluru,Home Office,Completed,UPI
O010150,2025-05-08,C00462,South,Hyderabad,Home Office,Completed,UPI
O010151,2025-05-14,C00642,East,Patna,Home Office,Completed,Credit Card
O010152,2025-02-28,C00082,North,Delhi,Consumer,Completed,UPI
O010153,2023-02-17,C00475,North,Chandigarh,Consumer,Completed,Net Banking
O010154,2024-08-29,C00725,East,Bhubaneswar,Consumer,Completed,Debit Card
O010155,2025-11-07,C00222,West,Surat,Corporate,Completed,UPI
O010156,2023-05-07,C00407,South,Chennai,Corporate,Completed,Wallet
O010157,2024-09-28,C00138,West,Ahmedabad,Consumer,Completed,UPI
O010158,2023-05-20,C00158,South,Hyderabad,Consumer,Cancelled,Credit Card
O010159,2025-04-22,C00125,West,Mumbai,Corporate,Completed,Net Banking
O010160,2023-11-21,C00105,West,Pune,Consumer,Completed,Wallet
O010161,2023-10-21,C00160,East,Guwahati,Corporate,Completed,Net Banking
O010162,2025-07-19,C00578,West,Ahmedabad,Consumer,Completed,Wallet
O010163,2025-03-24,C00694,North,Delhi,Consumer,Completed,Wallet
O010164,2024-12-16,C00344,East,Kolkata,Consumer,Completed,UPI
O010165,2025-12-04,C00356,West,Pune,Consumer,Completed,Net Banking
O010166,2024-02-12,C00116,South,Kochi,Consumer,Completed,Debit Card
O010167,2025-06-29,C00592,West,Pune,Corporate,Completed,Credit Card
O010168,2023-12-03,C00385,East,Patna,Consumer,Completed,Net Banking
O010169,2023-10-01,C00012,South,Kochi,Corporate,Returned,Wallet
O010170,2023-11-13,C00603,North,Delhi,Consumer,Completed,Credit Card
O010171,2023-10-20,C00133,West,Surat,Corporate,Completed,Credit Card
O010172,2023-05-30,C00498,North,Lucknow,Consumer,Completed,UPI
O010173,2024-12-20,C00620,North,Jaipur,Consumer,Completed,UPI
O010174,2024-05-29,C00602,East,Guwahati,Corporate,Completed,Debit Card
O010175,2023-05-05,C00306,East,Guwahati,Home Office,Completed,Wallet
O010176,2023-09-17,C00329,North,Chandigarh,Home Office,Completed,Debit Card
O010177,2023-10-08,C00078,East,Guwahati,Consumer,Completed,Credit Card
O010178,2025-06-25,C00353,South,Kochi,Consumer,Completed,UPI
O010179,2024-07-17,C00222,West,Surat,Corporate,Completed,Wallet
O010180,2023-08-07,C00374,South,Kochi,Consumer,Completed,Credit Card
O010181,2024-10-01,C00572,West,Surat,Consumer,Completed,Wallet
O010182,2023-11-08,C00629,North,Delhi,Home Office,Completed,Wallet
O010183,2023-02-19,C00405,South,Chennai,Home Office,Completed,Net Banking
O010184,2023-12-15,C00414,East,Bhubaneswar,Consumer,Completed,UPI
O010185,2024-12-20,C00343,North,Lucknow,Corporate,Completed,Wallet
O010186,2025-09-30,C00536,South,Bengaluru,Consumer,Returned,Credit Card
O010187,2024-12-07,C00527,West,Ahmedabad,Consumer,Returned,Net Banking
O010188,2024-11-23,C00580,South,Bengaluru,Corporate,Completed,Credit Card
O010189,2025-11-26,C00321,West,Surat,Consumer,Completed,Net Banking
O010190,2024-09-25,C00016,West,Ahmedabad,Consumer,Completed,Net Banking
O010191,2023-06-06,C00172,West,Surat,Consumer,Completed,Debit Card
O010192,2024-08-14,C00016,West,Ahmedabad,Consumer,Completed,UPI
O010193,2023-07-08,C00486,North,Chandigarh,Corporate,Completed,Debit Card
O010194,2024-10-17,C00338,East,Patna,Consumer,Completed,Wallet
O010195,2023-02-10,C00452,South,Kochi,Consumer,Completed,UPI
O010196,2023-02-07,C00470,North,Chandigarh,Corporate,Completed,Net Banking
O010197,2023-08-25,C00094,East,Kolkata,Consumer,Returned,UPI
O010198,2023-11-26,C00654,South,Kochi,Consumer,Completed,Debit Card
O010199,2025-09-12,C00544,East,Kolkata,Consumer,Completed,Debit Card
O010200,2023-01-26,C00065,East,Kolkata,Home Office,Completed,UPI
O010201,2024-12-05,C00119,East,Kolkata,Consumer,Completed,Debit Card
O010202,2023-03-20,C00644,South,Kochi,Consumer,Completed,Debit Card
O010203,2024-08-17,C00115,East,Patna,Consumer,Completed,Credit Card
O010204,2024-05-17,C00235,East,Kolkata,Corporate,Completed,Wallet
O010205,2023-05-01,C00146,West,Pune,Consumer,Completed,Credit Card
O010206,2025-12-30,C00404,North,Jaipur,Consumer,Completed,Debit Card
O010207,2023-02-27,C00483,South,Bengaluru,Consumer,Completed,Wallet
O010208,2025-05-28,C00310,East,Patna,Consumer,Completed,Net Banking
O010209,2024-05-09,C00063,East,Kolkata,Corporate,Completed,UPI
O010210,2024-07-25,C00419,South,Chennai,Home Office,Completed,Wallet
O010211,2024-12-15,C00589,North,Lucknow,Corporate,Completed,Credit Card
O010212,2025-02-27,C00141,North,Lucknow,Home Office,Completed,UPI
O010213,2025-05-25,C00649,South,Kochi,Home Office,Completed,Credit Card
O010214,2023-10-30,C00392,West,Surat,Home Office,Completed,Debit Card
O010215,2024-10-29,C00219,North,Jaipur,Home Office,Returned,Debit Card
O010216,2023-02-27,C00533,North,Lucknow,Consumer,Completed,Wallet
O010217,2025-06-28,C00617,East,Kolkata,Consumer,Completed,Net Banking
O010218,2025-10-13,C00178,East,Bhubaneswar,Home Office,Completed,Wallet
O010219,2025-08-23,C00430,East,Patna,Consumer,Completed,Debit Card
O010220,2025-10-26,C00357,West,Surat,Corporate,Completed,Credit Card
O010221,2023-09-24,C00657,East,Patna,Corporate,Completed,Debit Card
O010222,2025-06-18,C00293,South,Bengaluru,Home Office,Completed,Credit Card
O010223,2025-03-31,C00181,South,Hyderabad,Consumer,Completed,Wallet
O010224,2025-10-09,C00264,West,Surat,Consumer,Completed,Debit Card
O010225,2023-01-13,C00386,North,Jaipur,Corporate,Completed,Debit Card
O010226,2024-01-25,C00527,West,Ahmedabad,Consumer,Completed,Wallet
O010227,2024-08-23,C00649,South,Kochi,Home Office,Completed,UPI
O010228,2025-06-23,C00090,East,Guwahati,Consumer,Completed,Wallet
O010229,2024-02-10,C00257,West,Mumbai,Home Office,Completed,Wallet
O010230,2023-08-29,C00639,South,Chennai,Consumer,Completed,Credit Card
O010231,2024-06-18,C00294,East,Guwahati,Consumer,Completed,Net Banking
O010232,2023-04-16,C00389,North,Delhi,Consumer,Completed,Wallet
O010233,2023-02-13,C00729,West,Ahmedabad,Consumer,Completed,UPI
O010234,2023-05-22,C00519,North,Delhi,Consumer,Completed,Wallet
O010235,2025-11-09,C00659,East,Patna,Home Office,Completed,Credit Card
O010236,2024-07-26,C00312,North,Lucknow,Consumer,Completed,Credit Card
O010237,2024-09-30,C00548,East,Bhubaneswar,Consumer,Completed,Credit Card
O010238,2025-04-05,C00612,East,Guwahati,Corporate,Completed,Wallet
O010239,2023-11-25,C00451,West,Mumbai,Home Office,Completed,Credit Card
O010240,2023-07-21,C00285,West,Pune,Consumer,Completed,UPI
O010241,2023-06-06,C00732,East,Guwahati,Corporate,Completed,Net Banking
O010242,2023-02-16,C00474,West,Mumbai,Consumer,Completed,Debit Card
O010243,2025-11-09,C00681,West,Surat,Corporate,Completed,Credit Card
O010244,2024-11-25,C00306,East,Guwahati,Home Office,Completed,Credit Card
O010245,2024-03-26,C00006,West,Pune,Home Office,Completed,Wallet
O010246,2025-01-05,C00727,East,Patna,Home Office,Completed,Credit Card
O010247,2025-02-06,C00516,South,Bengaluru,Consumer,Completed,Credit Card
O010248,2024-10-10,C00717,South,Bengaluru,Consumer,Completed,Debit Card
O010249,2025-04-14,C00040,North,Chandigarh,Consumer,Completed,Net Banking
O010250,2023-05-07,C00277,East,Patna,Consumer,Completed,Wallet
O010251,2024-02-21,C00532,South,Hyderabad,Consumer,Completed,Debit Card
O010252,2024-01-11,C00528,East,Kolkata,Consumer,Completed,Wallet
O010253,2023-07-10,C00740,South,Hyderabad,Consumer,Completed,Wallet
O010254,2023-02-04,C00519,North,Delhi,Consumer,Completed,Debit Card
O010255,2024-08-15,C00682,North,Jaipur,Consumer,Completed,Credit Card
O010256,2024-12-01,C00614,North,Chandigarh,Consumer,Completed,UPI
O010257,2024-04-19,C00301,North,Lucknow,Corporate,Completed,UPI
O010258,2025-01-18,C00444,North,Jaipur,Consumer,Completed,UPI
O010259,2023-07-16,C00220,South,Chennai,Consumer,Returned,Net Banking
O010260,2025-01-09,C00740,South,Hyderabad,Consumer,Completed,Credit Card
O010261,2024-02-10,C00704,East,Kolkata,Consumer,Completed,Debit Card
O010262,2023-05-26,C00135,West,Surat,Consumer,Completed,UPI
O010263,2024-08-14,C00427,South,Chennai,Home Office,Completed,Wallet
O010264,2024-02-26,C00565,East,Kolkata,Consumer,Completed,UPI
O010265,2025-03-12,C00690,South,Chennai,Consumer,Completed,UPI
O010266,2025-06-15,C00246,East,Guwahati,Consumer,Completed,UPI
O010267,2024-09-04,C00591,East,Kolkata,Consumer,Completed,Credit Card
O010268,2023-10-15,C00279,South,Hyderabad,Home Office,Completed,Debit Card
O010269,2023-06-09,C00243,East,Patna,Home Office,Completed,Wallet
O010270,2023-12-31,C00203,West,Ahmedabad,Corporate,Completed,UPI
O010271,2024-09-23,C00337,East,Bhubaneswar,Consumer,Completed,UPI
O010272,2025-05-09,C00169,North,Jaipur,Home Office,Completed,Net Banking
O010273,2024-10-19,C00719,South,Hyderabad,Consumer,Completed,Wallet
O010274,2024-05-19,C00005,East,Patna,Consumer,Completed,Credit Card
O010275,2023-06-25,C00106,North,Jaipur,Corporate,Completed,Net Banking
O010276,2023-11-16,C00073,South,Kochi,Home Office,Completed,Credit Card
O010277,2025-09-27,C00021,South,Kochi,Consumer,Completed,Debit Card
O010278,2025-08-30,C00353,South,Kochi,Consumer,Completed,Credit Card
O010279,2025-07-21,C00253,South,Chennai,Corporate,Completed,UPI
O010280,2023-07-27,C00482,North,Lucknow,Home Office,Completed,Wallet
O010281,2023-02-18,C00385,East,Patna,Consumer,Completed,Credit Card
O010282,2025-10-10,C00258,North,Lucknow,Consumer,Completed,Wallet
O010283,2024-01-25,C00297,North,Chandigarh,Consumer,Cancelled,UPI
O010284,2023-10-31,C00651,West,Surat,Consumer,Completed,UPI
O010285,2024-10-19,C00032,West,Mumbai,Consumer,Completed,Credit Card
O010286,2023-08-17,C00315,South,Bengaluru,Corporate,Completed,Net Banking
O010287,2024-10-14,C00113,South,Hyderabad,Consumer,Completed,UPI
O010288,2025-12-10,C00666,West,Surat,Consumer,Completed,Credit Card
O010289,2025-01-31,C00019,West,Pune,Consumer,Completed,Wallet
O010290,2025-03-14,C00031,North,Lucknow,Consumer,Completed,Debit Card
O010291,2025-10-17,C00358,West,Mumbai,Consumer,Completed,UPI
O010292,2025-03-28,C00348,West,Surat,Consumer,Completed,Debit Card
O010293,2024-09-15,C00178,East,Bhubaneswar,Home Office,Completed,Debit Card
O010294,2024-06-25,C00718,North,Delhi,Corporate,Completed,Credit Card
O010295,2023-10-28,C00005,East,Patna,Consumer,Completed,Net Banking
O010296,2025-04-05,C00576,North,Delhi,Consumer,Completed,Wallet
O010297,2025-06-28,C00177,North,Delhi,Consumer,Completed,Wallet
O010298,2023-01-26,C00492,South,Kochi,Consumer,Completed,UPI
O010299,2024-01-24,C00686,North,Delhi,Corporate,Completed,Net Banking
O010300,2024-10-11,C00706,West,Pune,Consumer,Returned,Credit Card
O010301,2024-06-09,C00205,North,Jaipur,Corporate,Completed,UPI
O010302,2025-07-11,C00559,East,Patna,Consumer,Completed,Wallet
O010303,2023-07-19,C00510,East,Guwahati,Consumer,Completed,Net Banking
O010304,2025-01-12,C00526,West,Pune,Corporate,Completed,Wallet
O010305,2023-02-13,C00216,South,Chennai,Corporate,Completed,Credit Card
O010306,2025-08-18,C00380,West,Mumbai,Home Office,Completed,Debit Card
O010307,2024-01-18,C00266,East,Bhubaneswar,Home Office,Completed,UPI
O010308,2024-06-24,C00278,West,Ahmedabad,Corporate,Completed,Debit Card
O010309,2024-01-29,C00743,South,Bengaluru,Home Office,Completed,Debit Card
O010310,2025-04-20,C00324,South,Kochi,Consumer,Completed,Debit Card
O010311,2023-08-14,C00410,South,Bengaluru,Consumer,Completed,Credit Card
O010312,2023-07-18,C00422,East,Bhubaneswar,Consumer,Completed,UPI
O010313,2024-12-29,C00435,North,Lucknow,Consumer,Completed,Net Banking
O010314,2025-09-29,C00512,South,Hyderabad,Home Office,Completed,Debit Card
O010315,2025-12-25,C00414,East,Bhubaneswar,Consumer,Completed,UPI
O010316,2025-10-28,C00065,East,Kolkata,Home Office,Completed,Net Banking
O010317,2024-07-16,C00534,East,Patna,Home Office,Completed,UPI
O010318,2024-12-26,C00470,North,Chandigarh,Corporate,Completed,Net Banking
O010319,2025-12-01,C00345,West,Mumbai,Consumer,Completed,UPI
O010320,2023-05-18,C00619,West,Pune,Consumer,Completed,UPI
O010321,2023-06-23,C00596,South,Chennai,Consumer,Completed,Wallet
O010322,2024-01-18,C00116,South,Kochi,Consumer,Completed,Net Banking
O010323,2025-10-13,C00300,East,Bhubaneswar,Consumer,Completed,Net Banking
O010324,2025-09-29,C00282,North,Jaipur,Consumer,Completed,UPI
O010325,2024-12-08,C00044,East,Kolkata,Consumer,Completed,Wallet
O010326,2025-12-17,C00117,West,Surat,Consumer,Completed,UPI
O010327,2025-11-01,C00685,West,Ahmedabad,Consumer,Completed,Net Banking
O010328,2024-06-23,C00560,East,Kolkata,Corporate,Completed,Debit Card
O010329,2023-06-21,C00082,North,Delhi,Consumer,Completed,Debit Card
O010330,2023-10-21,C00621,South,Bengaluru,Corporate,Completed,Credit Card
O010331,2023-05-18,C00007,East,Bhubaneswar,Corporate,Completed,Net Banking
O010332,2024-10-15,C00157,South,Hyderabad,Consumer,Completed,Wallet
O010333,2023-09-27,C00475,North,Chandigarh,Consumer,Completed,UPI
O010334,2024-12-15,C00420,West,Ahmedabad,Home Office,Completed,UPI
O010335,2024-01-13,C00609,South,Hyderabad,Consumer,Completed,Wallet
O010336,2024-06-05,C00424,South,Chennai,Home Office,Completed,Net Banking
O010337,2024-08-29,C00095,East,Patna,Consumer,Completed,Credit Card
O010338,2023-12-17,C00480,South,Bengaluru,Consumer,Completed,Wallet
O010339,2023-07-11,C00206,East,Bhubaneswar,Corporate,Completed,Net Banking
O010340,2023-10-25,C00655,North,Lucknow,Consumer,Completed,Net Banking
O010341,2024-01-24,C00082,North,Delhi,Consumer,Completed,Debit Card
O010342,2023-10-04,C00184,North,Jaipur,Consumer,Completed,Debit Card
O010343,2023-09-12,C00737,East,Patna,Consumer,Completed,Debit Card
O010344,2025-03-27,C00300,East,Bhubaneswar,Consumer,Completed,UPI
O010345,2023-04-19,C00740,South,Hyderabad,Consumer,Completed,UPI
O010346,2023-10-10,C00008,East,Guwahati,Consumer,Completed,Net Banking
O010347,2024-04-16,C00101,North,Delhi,Corporate,Completed,Net Banking
O010348,2023-01-08,C00087,South,Kochi,Home Office,Completed,Net Banking
O010349,2023-04-26,C00207,North,Jaipur,Consumer,Completed,Credit Card
O010350,2024-10-08,C00533,North,Lucknow,Consumer,Completed,Net Banking
O010351,2025-06-08,C00601,East,Bhubaneswar,Consumer,Completed,Net Banking
O010352,2023-04-15,C00534,East,Patna,Home Office,Completed,Wallet
O010353,2024-08-10,C00020,West,Mumbai,Home Office,Completed,Debit Card
O010354,2025-11-04,C00064,South,Hyderabad,Consumer,Completed,Debit Card
O010355,2024-10-09,C00321,West,Surat,Consumer,Completed,Net Banking
O010356,2025-05-13,C00166,East,Guwahati,Consumer,Completed,Debit Card
O010357,2023-07-08,C00405,South,Chennai,Home Office,Completed,UPI
O010358,2023-06-11,C00744,South,Chennai,Consumer,Completed,Wallet
O010359,2025-04-24,C00483,South,Bengaluru,Consumer,Completed,Debit Card
O010360,2025-12-15,C00364,West,Ahmedabad,Consumer,Completed,Debit Card
O010361,2025-02-10,C00331,West,Ahmedabad,Consumer,Completed,Credit Card
O010362,2024-09-11,C00011,North,Chandigarh,Corporate,Completed,Wallet
O010363,2024-01-14,C00584,East,Guwahati,Consumer,Completed,Debit Card
O010364,2023-10-05,C00486,North,Chandigarh,Corporate,Completed,Credit Card
O010365,2024-11-01,C00069,South,Chennai,Home Office,Completed,Debit Card
O010366,2025-10-24,C00600,South,Bengaluru,Home Office,Completed,Net Banking
O010367,2023-09-15,C00266,East,Bhubaneswar,Home Office,Completed,Credit Card
O010368,2023-03-09,C00028,East,Guwahati,Consumer,Completed,Wallet
O010369,2024-04-02,C00021,South,Kochi,Consumer,Completed,Wallet
O010370,2025-08-19,C00643,West,Pune,Consumer,Returned,Credit Card
O010371,2024-04-18,C00636,East,Guwahati,Consumer,Completed,Debit Card
O010372,2025-02-04,C00465,West,Ahmedabad,Consumer,Completed,Wallet
O010373,2024-09-22,C00353,South,Kochi,Consumer,Completed,UPI
O010374,2025-03-16,C00134,East,Patna,Consumer,Completed,Debit Card
O010375,2025-06-11,C00601,East,Bhubaneswar,Consumer,Completed,UPI
O010376,2024-09-28,C00360,West,Surat,Consumer,Completed,UPI
O010377,2024-08-17,C00268,South,Kochi,Consumer,Completed,Wallet
O010378,2024-06-16,C00251,West,Ahmedabad,Consumer,Completed,Credit Card
O010379,2024-02-14,C00322,South,Bengaluru,Consumer,Completed,Net Banking
O010380,2025-06-05,C00630,South,Bengaluru,Consumer,Completed,Debit Card
O010381,2024-07-07,C00406,South,Chennai,Consumer,Completed,Net Banking
O010382,2025-08-09,C00079,East,Guwahati,Consumer,Completed,Net Banking
O010383,2025-07-25,C00553,East,Patna,Consumer,Completed,Debit Card
O010384,2025-02-10,C00373,West,Pune,Corporate,Completed,UPI
O010385,2025-11-08,C00506,East,Bhubaneswar,Consumer,Completed,UPI
O010386,2023-08-16,C00008,East,Guwahati,Consumer,Completed,Wallet
O010387,2024-10-29,C00350,East,Patna,Consumer,Completed,UPI
O010388,2023-10-08,C00344,East,Kolkata,Consumer,Completed,Net Banking
O010389,2024-05-18,C00431,East,Guwahati,Home Office,Completed,Net Banking
O010390,2024-05-31,C00278,West,Ahmedabad,Corporate,Returned,UPI
O010391,2023-07-27,C00249,West,Ahmedabad,Consumer,Completed,Debit Card
O010392,2024-04-13,C00025,North,Chandigarh,Consumer,Completed,Credit Card
O010393,2025-12-06,C00565,East,Kolkata,Consumer,Completed,Debit Card
O010394,2025-05-30,C00040,North,Chandigarh,Consumer,Completed,UPI
O010395,2024-12-07,C00016,West,Ahmedabad,Consumer,Completed,Net Banking
O010396,2025-08-29,C00669,West,Pune,Home Office,Returned,Debit Card
O010397,2023-01-24,C00268,South,Kochi,Consumer,Completed,Wallet
O010398,2024-05-21,C00499,North,Delhi,Home Office,Completed,UPI
O010399,2025-09-26,C00496,North,Jaipur,Consumer,Completed,Net Banking
O010400,2025-06-14,C00386,North,Jaipur,Corporate,Completed,Wallet
O010401,2023-11-08,C00165,East,Guwahati,Corporate,Completed,Wallet
O010402,2025-10-28,C00428,South,Chennai,Corporate,Completed,Credit Card
O010403,2023-12-29,C00450,South,Chennai,Corporate,Completed,Debit Card
O010404,2025-05-07,C00319,South,Kochi,Consumer,Completed,Credit Card
O010405,2024-03-18,C00328,South,Kochi,Consumer,Completed,Credit Card
O010406,2024-05-07,C00618,South,Hyderabad,Consumer,Completed,Net Banking
O010407,2023-02-17,C00713,North,Jaipur,Consumer,Completed,Wallet
O010408,2025-05-03,C00169,North,Jaipur,Home Office,Completed,Net Banking
O010409,2023-08-01,C00247,South,Chennai,Corporate,Completed,Wallet
O010410,2024-04-17,C00439,East,Guwahati,Corporate,Completed,UPI
O010411,2025-02-09,C00738,East,Kolkata,Consumer,Completed,Credit Card
O010412,2024-11-23,C00252,South,Kochi,Consumer,Completed,Debit Card
O010413,2024-03-03,C00167,South,Chennai,Home Office,Completed,Net Banking
O010414,2024-04-09,C00233,South,Kochi,Consumer,Completed,Debit Card
O010415,2024-07-10,C00643,West,Pune,Consumer,Completed,Wallet
O010416,2024-05-26,C00027,South,Kochi,Consumer,Completed,Net Banking
O010417,2024-06-12,C00636,East,Guwahati,Consumer,Completed,Net Banking
O010418,2023-07-20,C00069,South,Chennai,Home Office,Completed,Net Banking
O010419,2024-12-20,C00255,East,Guwahati,Consumer,Completed,Net Banking
O010420,2025-05-07,C00350,East,Patna,Consumer,Completed,Credit Card
O010421,2023-12-01,C00237,South,Chennai,Home Office,Completed,UPI
O010422,2024-10-15,C00545,South,Hyderabad,Consumer,Completed,Credit Card
O010423,2024-06-16,C00282,North,Jaipur,Consumer,Completed,Wallet
O010424,2024-08-14,C00266,East,Bhubaneswar,Home Office,Completed,UPI
O010425,2024-08-06,C00738,East,Kolkata,Consumer,Completed,Credit Card
O010426,2025-05-08,C00005,East,Patna,Consumer,Completed,UPI
O010427,2025-01-30,C00137,North,Chandigarh,Consumer,Completed,Credit Card
O010428,2025-02-04,C00347,West,Ahmedabad,Consumer,Completed,Wallet
O010429,2023-12-16,C00103,South,Bengaluru,Consumer,Completed,Credit Card
O010430,2025-04-30,C00193,North,Jaipur,Consumer,Completed,Wallet
O010431,2023-07-11,C00636,East,Guwahati,Consumer,Completed,Credit Card
O010432,2024-03-25,C00553,East,Patna,Consumer,Completed,UPI
O010433,2024-10-07,C00358,West,Mumbai,Consumer,Completed,Debit Card
O010434,2025-10-12,C00636,East,Guwahati,Consumer,Completed,Net Banking
O010435,2023-09-29,C00115,East,Patna,Consumer,Completed,Debit Card
O010436,2025-07-14,C00470,North,Chandigarh,Corporate,Completed,UPI
O010437,2025-10-09,C00244,North,Lucknow,Consumer,Completed,Credit Card
O010438,2024-03-17,C00326,South,Hyderabad,Consumer,Completed,Wallet
O010439,2024-11-05,C00527,West,Ahmedabad,Consumer,Completed,Net Banking
O010440,2025-12-19,C00583,West,Ahmedabad,Corporate,Completed,Credit Card
O010441,2024-05-14,C00639,South,Chennai,Consumer,Completed,Debit Card
O010442,2023-10-05,C00123,West,Mumbai,Consumer,Completed,Debit Card
O010443,2024-02-08,C00261,North,Chandigarh,Consumer,Completed,Net Banking
O010444,2025-03-25,C00023,North,Jaipur,Home Office,Completed,UPI
O010445,2023-01-14,C00291,North,Delhi,Consumer,Completed,UPI
O010446,2025-04-23,C00416,South,Kochi,Consumer,Completed,Credit Card
O010447,2025-08-16,C00239,North,Jaipur,Consumer,Completed,UPI
O010448,2025-06-13,C00304,North,Delhi,Home Office,Completed,UPI
O010449,2023-08-09,C00714,East,Guwahati,Home Office,Completed,Wallet
O010450,2023-08-18,C00681,West,Surat,Corporate,Completed,Debit Card
O010451,2024-08-11,C00176,West,Mumbai,Corporate,Completed,Net Banking
O010452,2025-05-09,C00042,East,Guwahati,Consumer,Returned,UPI
O010453,2025-01-23,C00732,East,Guwahati,Corporate,Completed,Credit Card
O010454,2024-06-01,C00293,South,Bengaluru,Home Office,Completed,Wallet
O010455,2024-03-31,C00272,East,Guwahati,Corporate,Completed,Credit Card
O010456,2023-11-17,C00374,South,Kochi,Consumer,Completed,Net Banking
O010457,2023-12-09,C00514,North,Chandigarh,Corporate,Completed,Credit Card
O010458,2025-06-27,C00589,North,Lucknow,Corporate,Completed,Credit Card
O010459,2023-01-12,C00053,West,Surat,Home Office,Completed,Credit Card
O010460,2025-03-22,C00694,North,Delhi,Consumer,Completed,Credit Card
O010461,2024-12-28,C00159,South,Chennai,Consumer,Completed,Net Banking
O010462,2025-05-15,C00211,East,Kolkata,Consumer,Completed,Net Banking
O010463,2024-10-03,C00367,East,Kolkata,Consumer,Completed,Wallet
O010464,2024-02-06,C00155,North,Lucknow,Consumer,Completed,Wallet
O010465,2023-01-03,C00248,North,Lucknow,Consumer,Completed,UPI
O010466,2024-05-02,C00426,West,Pune,Corporate,Completed,Wallet
O010467,2024-04-03,C00306,East,Guwahati,Home Office,Completed,Credit Card
O010468,2023-02-17,C00532,South,Hyderabad,Consumer,Completed,Wallet
O010469,2024-10-02,C00566,North,Lucknow,Home Office,Completed,Debit Card
O010470,2024-09-29,C00503,North,Lucknow,Consumer,Completed,UPI
O010471,2025-09-21,C00596,South,Chennai,Consumer,Completed,Credit Card
O010472,2025-12-12,C00114,West,Surat,Home Office,Completed,Debit Card
O010473,2024-11-02,C00722,East,Guwahati,Consumer,Completed,Wallet
O010474,2023-02-11,C00655,North,Lucknow,Consumer,Completed,Debit Card
O010475,2024-07-02,C00226,South,Bengaluru,Corporate,Completed,Debit Card
O010476,2025-06-06,C00536,South,Bengaluru,Consumer,Completed,UPI
O010477,2024-04-04,C00374,South,Kochi,Consumer,Completed,Credit Card
O010478,2023-11-10,C00287,West,Mumbai,Consumer,Completed,Wallet
O010479,2025-07-18,C00527,West,Ahmedabad,Consumer,Completed,Credit Card
O010480,2025-01-09,C00165,East,Guwahati,Corporate,Completed,UPI
O010481,2024-10-08,C00434,East,Guwahati,Home Office,Returned,Net Banking
O010482,2024-08-08,C00749,North,Lucknow,Consumer,Completed,UPI
O010483,2023-03-15,C00506,East,Bhubaneswar,Consumer,Completed,Debit Card
O010484,2023-05-11,C00557,East,Kolkata,Home Office,Returned,Net Banking
O010485,2024-07-03,C00637,East,Kolkata,Home Office,Completed,Credit Card
O010486,2023-12-11,C00431,East,Guwahati,Home Office,Completed,UPI
O010487,2025-09-07,C00058,West,Surat,Consumer,Completed,Credit Card
O010488,2025-02-03,C00558,South,Chennai,Consumer,Completed,Debit Card
O010489,2025-07-15,C00042,East,Guwahati,Consumer,Completed,Credit Card
O010490,2023-10-04,C00041,South,Kochi,Corporate,Completed,Credit Card
O010491,2025-03-16,C00348,West,Surat,Consumer,Completed,Credit Card
O010492,2023-12-09,C00326,South,Hyderabad,Consumer,Completed,Credit Card
O010493,2024-07-12,C00627,West,Surat,Consumer,Completed,Wallet
O010494,2023-03-19,C00602,East,Guwahati,Corporate,Completed,Net Banking
O010495,2025-09-17,C00227,North,Delhi,Consumer,Completed,UPI
O010496,2023-10-02,C00493,North,Chandigarh,Corporate,Completed,Net Banking
O010497,2023-06-12,C00561,East,Kolkata,Consumer,Completed,Wallet
O010498,2023-04-10,C00397,South,Bengaluru,Consumer,Completed,Wallet
O010499,2024-03-10,C00715,East,Patna,Consumer,Completed,UPI
O010500,2025-06-13,C00065,East,Kolkata,Home Office,Completed,Credit Card
O010501,2024-06-17,C00128,West,Mumbai,Consumer,Completed,Debit Card
O010502,2025-07-03,C00216,South,Chennai,Corporate,Completed,Debit Card
O010503,2023-06-20,C00610,South,Hyderabad,Home Office,Completed,Net Banking
O010504,2024-06-17,C00202,East,Guwahati,Home Office,Completed,Net Banking
O010505,2024-05-18,C00436,East,Kolkata,Home Office,Completed,Debit Card
O010506,2024-09-08,C00284,South,Hyderabad,Consumer,Completed,Debit Card
O010507,2024-10-22,C00030,South,Bengaluru,Consumer,Completed,Credit Card
O010508,2023-01-23,C00118,East,Guwahati,Corporate,Returned,UPI
O010509,2025-05-05,C00718,North,Delhi,Corporate,Returned,Credit Card
O010510,2023-10-19,C00322,South,Bengaluru,Consumer,Completed,UPI
O010511,2023-03-29,C00326,South,Hyderabad,Consumer,Completed,UPI
O010512,2024-04-21,C00348,West,Surat,Consumer,Completed,Credit Card
O010513,2024-05-26,C00299,East,Kolkata,Home Office,Completed,Net Banking
O010514,2024-06-15,C00214,North,Delhi,Corporate,Completed,Debit Card
O010515,2025-03-28,C00178,East,Bhubaneswar,Home Office,Completed,Debit Card
O010516,2023-07-24,C00438,West,Ahmedabad,Consumer,Completed,Debit Card
O010517,2025-02-22,C00149,South,Bengaluru,Corporate,Completed,Wallet
O010518,2024-06-21,C00278,West,Ahmedabad,Corporate,Completed,UPI
O010519,2025-02-17,C00199,West,Mumbai,Corporate,Completed,UPI
O010520,2023-01-09,C00417,North,Delhi,Consumer,Completed,Net Banking
O010521,2023-05-23,C00635,East,Patna,Corporate,Completed,Net Banking
O010522,2025-01-28,C00493,North,Chandigarh,Corporate,Completed,Wallet
O010523,2025-01-11,C00274,South,Hyderabad,Corporate,Completed,Credit Card
O010524,2023-05-07,C00400,East,Patna,Consumer,Completed,Debit Card
O010525,2023-11-05,C00390,South,Kochi,Consumer,Completed,Wallet
O010526,2023-01-30,C00353,South,Kochi,Consumer,Completed,Wallet
O010527,2025-04-17,C00408,East,Bhubaneswar,Consumer,Completed,Net Banking
O010528,2024-03-09,C00009,East,Bhubaneswar,Consumer,Completed,Debit Card
O010529,2023-12-16,C00376,East,Guwahati,Consumer,Completed,Wallet
O010530,2024-01-30,C00335,South,Bengaluru,Consumer,Completed,Credit Card
O010531,2024-08-12,C00562,North,Delhi,Consumer,Completed,Wallet
O010532,2023-07-05,C00190,West,Mumbai,Home Office,Completed,Net Banking
O010533,2025-03-20,C00537,North,Jaipur,Consumer,Completed,Net Banking
O010534,2023-11-18,C00734,South,Bengaluru,Consumer,Completed,Credit Card
O010535,2023-09-22,C00474,West,Mumbai,Consumer,Completed,UPI
O010536,2024-01-05,C00473,East,Bhubaneswar,Consumer,Completed,UPI
O010537,2024-03-03,C00564,East,Kolkata,Consumer,Completed,Net Banking
O010538,2023-01-09,C00031,North,Lucknow,Consumer,Completed,Net Banking
O010539,2025-09-10,C00564,East,Kolkata,Consumer,Completed,UPI
O010540,2024-07-10,C00285,West,Pune,Consumer,Completed,Net Banking
O010541,2024-08-31,C00073,South,Kochi,Home Office,Completed,Debit Card
O010542,2024-05-25,C00006,West,Pune,Home Office,Completed,Credit Card
O010543,2025-03-04,C00538,West,Pune,Home Office,Completed,Credit Card
O010544,2023-09-07,C00114,West,Surat,Home Office,Completed,Debit Card
O010545,2023-03-24,C00721,West,Pune,Consumer,Completed,Net Banking
O010546,2023-10-12,C00149,South,Bengaluru,Corporate,Completed,Wallet
O010547,2024-08-26,C00011,North,Chandigarh,Corporate,Completed,Wallet
O010548,2024-05-12,C00263,East,Kolkata,Corporate,Completed,Credit Card
O010549,2023-10-26,C00201,North,Jaipur,Consumer,Completed,UPI
O010550,2023-10-15,C00174,East,Guwahati,Corporate,Completed,Credit Card
O010551,2024-01-05,C00318,South,Kochi,Consumer,Completed,Wallet
O010552,2023-03-19,C00217,North,Chandigarh,Home Office,Completed,Wallet
O010553,2025-01-30,C00121,North,Jaipur,Corporate,Completed,Credit Card
O010554,2023-08-19,C00612,East,Guwahati,Corporate,Completed,UPI
O010555,2025-07-13,C00116,South,Kochi,Consumer,Completed,Net Banking
O010556,2024-02-14,C00042,East,Guwahati,Consumer,Completed,Wallet
O010557,2024-11-22,C00646,East,Patna,Consumer,Completed,Wallet
O010558,2024-10-07,C00468,North,Lucknow,Consumer,Completed,UPI
O010559,2025-03-16,C00730,East,Patna,Consumer,Completed,Credit Card
O010560,2025-11-25,C00707,East,Kolkata,Consumer,Completed,Wallet
O010561,2023-01-10,C00102,South,Hyderabad,Home Office,Completed,Net Banking
O010562,2025-09-15,C00621,South,Bengaluru,Corporate,Completed,Wallet
O010563,2024-12-31,C00703,South,Hyderabad,Consumer,Completed,Credit Card
O010564,2025-05-12,C00113,South,Hyderabad,Consumer,Returned,Net Banking
O010565,2023-01-25,C00365,East,Guwahati,Corporate,Completed,Debit Card
O010566,2023-08-01,C00400,East,Patna,Consumer,Completed,Credit Card
O010567,2024-03-27,C00387,North,Delhi,Corporate,Completed,UPI
O010568,2024-09-16,C00369,East,Patna,Corporate,Completed,Credit Card
O010569,2024-12-27,C00281,South,Chennai,Home Office,Completed,Debit Card
O010570,2023-12-16,C00135,West,Surat,Consumer,Completed,Wallet
O010571,2023-08-12,C00001,North,Delhi,Consumer,Completed,Debit Card
O010572,2024-12-31,C00087,South,Kochi,Home Office,Completed,Debit Card
O010573,2024-10-14,C00311,East,Guwahati,Consumer,Completed,Debit Card
O010574,2025-12-30,C00308,West,Mumbai,Consumer,Completed,Net Banking
O010575,2025-11-27,C00564,East,Kolkata,Consumer,Completed,Net Banking
O010576,2023-09-06,C00101,North,Delhi,Corporate,Completed,Credit Card
O010577,2025-06-19,C00374,South,Kochi,Consumer,Completed,Net Banking
O010578,2024-08-31,C00332,West,Ahmedabad,Consumer,Completed,Net Banking
O010579,2025-02-21,C00629,North,Delhi,Home Office,Completed,Debit Card
O010580,2024-02-20,C00214,North,Delhi,Corporate,Completed,Credit Card
O010581,2025-03-25,C00080,East,Guwahati,Corporate,Completed,Wallet
O010582,2025-09-02,C00383,East,Bhubaneswar,Corporate,Completed,Net Banking
O010583,2024-11-27,C00449,East,Guwahati,Home Office,Completed,Credit Card
O010584,2023-06-09,C00633,East,Patna,Corporate,Completed,Net Banking
O010585,2023-05-29,C00144,East,Guwahati,Consumer,Completed,Wallet
O010586,2024-11-19,C00640,South,Kochi,Consumer,Completed,Debit Card
O010587,2024-05-19,C00584,East,Guwahati,Consumer,Completed,Net Banking
O010588,2024-09-05,C00012,South,Kochi,Corporate,Completed,Wallet
O010589,2025-03-28,C00698,North,Delhi,Consumer,Completed,Debit Card
O010590,2025-08-01,C00677,South,Bengaluru,Corporate,Completed,UPI
O010591,2024-04-03,C00427,South,Chennai,Home Office,Completed,UPI
O010592,2024-10-23,C00190,West,Mumbai,Home Office,Completed,Net Banking
O010593,2023-05-10,C00472,South,Bengaluru,Home Office,Completed,Debit Card
O010594,2025-09-28,C00388,North,Lucknow,Home Office,Completed,Debit Card
O010595,2023-11-07,C00525,East,Patna,Corporate,Completed,Wallet
O010596,2024-10-02,C00416,South,Kochi,Consumer,Completed,UPI
O010597,2025-05-15,C00443,East,Kolkata,Consumer,Completed,Wallet
O010598,2025-03-18,C00708,North,Chandigarh,Corporate,Completed,UPI
O010599,2025-06-04,C00703,South,Hyderabad,Consumer,Completed,Credit Card
O010600,2025-01-14,C00116,South,Kochi,Consumer,Completed,UPI
O010601,2023-01-04,C00306,East,Guwahati,Home Office,Completed,Net Banking
O010602,2025-06-03,C00434,East,Guwahati,Home Office,Completed,Debit Card
O010603,2024-03-30,C00272,East,Guwahati,Corporate,Completed,Credit Card
O010604,2024-07-29,C00116,South,Kochi,Consumer,Completed,Credit Card
O010605,2023-06-24,C00651,West,Surat,Consumer,Completed,Wallet
O010606,2023-04-23,C00691,North,Delhi,Consumer,Completed,Net Banking
O010607,2024-12-21,C00744,South,Chennai,Consumer,Completed,Net Banking
O010608,2024-06-29,C00724,South,Kochi,Home Office,Completed,Wallet
O010609,2024-06-11,C00263,East,Kolkata,Corporate,Completed,Debit Card
O010610,2025-12-31,C00517,North,Jaipur,Home Office,Completed,Credit Card
O010611,2025-05-29,C00171,North,Lucknow,Consumer,Completed,Debit Card
O010612,2024-01-23,C00067,North,Chandigarh,Corporate,Completed,Debit Card
O010613,2023-07-29,C00216,South,Chennai,Corporate,Completed,UPI
O010614,2024-11-25,C00646,East,Patna,Consumer,Completed,UPI
O010615,2025-01-21,C00433,West,Ahmedabad,Consumer,Completed,Wallet
O010616,2024-02-14,C00120,East,Kolkata,Corporate,Completed,Net Banking
O010617,2025-03-29,C00395,West,Mumbai,Consumer,Completed,Wallet
O010618,2024-10-23,C00271,North,Jaipur,Home Office,Completed,Wallet
O010619,2025-03-10,C00703,South,Hyderabad,Consumer,Completed,Net Banking
O010620,2023-09-05,C00344,East,Kolkata,Consumer,Completed,UPI
O010621,2025-09-11,C00612,East,Guwahati,Corporate,Completed,UPI
O010622,2024-08-22,C00015,East,Guwahati,Consumer,Completed,UPI
O010623,2023-09-12,C00202,East,Guwahati,Home Office,Completed,UPI
O010624,2023-01-21,C00022,West,Surat,Consumer,Completed,UPI
O010625,2023-03-03,C00455,East,Patna,Consumer,Completed,Wallet
O010626,2024-05-21,C00645,East,Patna,Corporate,Completed,Net Banking
O010627,2023-01-02,C00173,East,Bhubaneswar,Consumer,Completed,Wallet
O010628,2025-08-03,C00637,East,Kolkata,Home Office,Completed,Credit Card
O010629,2024-06-16,C00380,West,Mumbai,Home Office,Completed,Wallet
O010630,2023-12-13,C00054,East,Bhubaneswar,Consumer,Completed,Credit Card
O010631,2025-08-22,C00109,West,Mumbai,Consumer,Completed,Wallet
O010632,2025-11-11,C00154,North,Jaipur,Home Office,Completed,Debit Card
O010633,2024-02-24,C00395,West,Mumbai,Consumer,Completed,Credit Card
O010634,2023-03-16,C00502,East,Bhubaneswar,Consumer,Completed,Net Banking
O010635,2025-11-18,C00429,North,Delhi,Consumer,Completed,Net Banking
O010636,2023-07-21,C00679,South,Chennai,Consumer,Completed,Wallet
O010637,2025-07-05,C00292,West,Mumbai,Corporate,Completed,Credit Card
O010638,2023-05-25,C00555,South,Hyderabad,Home Office,Completed,Net Banking
O010639,2023-03-28,C00708,North,Chandigarh,Corporate,Completed,Credit Card
O010640,2024-08-06,C00467,North,Jaipur,Corporate,Completed,UPI
O010641,2023-08-06,C00349,West,Mumbai,Corporate,Completed,Wallet
O010642,2025-03-14,C00606,North,Delhi,Consumer,Completed,UPI
O010643,2023-04-16,C00112,East,Kolkata,Home Office,Completed,UPI
O010644,2024-09-03,C00257,West,Mumbai,Home Office,Completed,UPI
O010645,2024-10-12,C00390,South,Kochi,Consumer,Completed,Net Banking
O010646,2023-07-25,C00587,North,Jaipur,Home Office,Completed,Net Banking
O010647,2023-11-02,C00633,East,Patna,Corporate,Completed,Debit Card
O010648,2023-06-25,C00706,West,Pune,Consumer,Completed,UPI
O010649,2025-08-04,C00622,West,Surat,Consumer,Completed,Net Banking
O010650,2023-04-29,C00418,North,Lucknow,Consumer,Completed,Net Banking
O010651,2023-11-02,C00731,West,Surat,Home Office,Completed,UPI
O010652,2023-05-17,C00250,West,Mumbai,Consumer,Completed,UPI
O010653,2023-01-27,C00138,West,Ahmedabad,Consumer,Completed,Debit Card
O010654,2023-02-14,C00378,West,Pune,Home Office,Completed,Net Banking
O010655,2023-02-12,C00640,South,Kochi,Consumer,Completed,Net Banking
O010656,2024-09-06,C00023,North,Jaipur,Home Office,Completed,Debit Card
O010657,2023-03-30,C00586,West,Ahmedabad,Consumer,Completed,Wallet
O010658,2024-05-12,C00268,South,Kochi,Consumer,Completed,Net Banking
O010659,2025-11-04,C00685,West,Ahmedabad,Consumer,Completed,UPI
O010660,2024-01-29,C00020,West,Mumbai,Home Office,Completed,Net Banking
O010661,2025-06-24,C00106,North,Jaipur,Corporate,Completed,UPI
O010662,2023-09-13,C00350,East,Patna,Consumer,Completed,Wallet
O010663,2023-07-07,C00045,West,Mumbai,Home Office,Cancelled,Wallet
O010664,2025-11-17,C00162,West,Ahmedabad,Corporate,Completed,Debit Card
O010665,2024-03-06,C00505,West,Pune,Home Office,Completed,UPI
O010666,2025-06-06,C00276,North,Chandigarh,Consumer,Completed,Debit Card
O010667,2025-09-03,C00392,West,Surat,Home Office,Completed,Net Banking
O010668,2025-12-05,C00083,West,Pune,Consumer,Completed,UPI
O010669,2025-03-10,C00223,North,Delhi,Consumer,Completed,UPI
O010670,2025-10-05,C00504,East,Patna,Consumer,Completed,Debit Card
O010671,2023-04-13,C00380,West,Mumbai,Home Office,Completed,UPI
O010672,2023-11-24,C00354,North,Chandigarh,Home Office,Completed,Wallet
O010673,2023-12-11,C00049,North,Delhi,Home Office,Completed,Debit Card
O010674,2024-05-23,C00337,East,Bhubaneswar,Consumer,Completed,Debit Card
O010675,2024-08-23,C00355,South,Bengaluru,Corporate,Completed,Credit Card
O010676,2024-01-11,C00658,East,Kolkata,Consumer,Returned,UPI
O010677,2023-02-20,C00282,North,Jaipur,Consumer,Completed,Wallet
O010678,2024-07-06,C00099,West,Ahmedabad,Consumer,Completed,Net Banking
O010679,2025-08-02,C00205,North,Jaipur,Corporate,Completed,Net Banking
O010680,2024-05-15,C00420,West,Ahmedabad,Home Office,Completed,Credit Card
O010681,2025-11-16,C00744,South,Chennai,Consumer,Completed,Credit Card
O010682,2025-01-10,C00580,South,Bengaluru,Corporate,Completed,UPI
O010683,2024-12-07,C00142,East,Patna,Corporate,Completed,UPI
O010684,2025-06-29,C00613,North,Chandigarh,Consumer,Completed,Net Banking
O010685,2023-03-20,C00326,South,Hyderabad,Consumer,Completed,Debit Card
O010686,2023-07-03,C00252,South,Kochi,Consumer,Completed,Credit Card
O010687,2024-08-30,C00193,North,Jaipur,Consumer,Completed,Credit Card
O010688,2023-12-03,C00491,East,Guwahati,Consumer,Completed,Net Banking
O010689,2023-08-14,C00468,North,Lucknow,Consumer,Completed,Net Banking
O010690,2024-08-11,C00546,West,Mumbai,Consumer,Completed,UPI
O010691,2024-09-21,C00584,East,Guwahati,Consumer,Completed,Credit Card
O010692,2024-03-02,C00041,South,Kochi,Corporate,Completed,Credit Card
O010693,2023-12-09,C00326,South,Hyderabad,Consumer,Completed,Wallet
O010694,2024-04-27,C00285,West,Pune,Consumer,Completed,Wallet
O010695,2023-11-06,C00324,South,Kochi,Consumer,Completed,Debit Card
O010696,2023-06-05,C00103,South,Bengaluru,Consumer,Completed,UPI
O010697,2024-12-04,C00405,South,Chennai,Home Office,Completed,Wallet
O010698,2023-07-20,C00490,South,Hyderabad,Consumer,Completed,Wallet
O010699,2025-03-14,C00500,South,Kochi,Consumer,Completed,UPI
O010700,2025-09-17,C00590,East,Guwahati,Consumer,Completed,Debit Card
O010701,2024-11-11,C00317,West,Pune,Consumer,Completed,Wallet
O010702,2025-06-25,C00475,North,Chandigarh,Consumer,Completed,UPI
O010703,2023-04-07,C00732,East,Guwahati,Corporate,Completed,Net Banking
O010704,2024-10-29,C00035,South,Hyderabad,Consumer,Completed,Net Banking
O010705,2024-05-16,C00730,East,Patna,Consumer,Completed,Net Banking
O010706,2025-06-27,C00210,North,Chandigarh,Consumer,Completed,Debit Card
O010707,2025-03-04,C00300,East,Bhubaneswar,Consumer,Completed,Wallet
O010708,2023-05-10,C00297,North,Chandigarh,Consumer,Completed,Debit Card
O010709,2024-03-04,C00270,East,Guwahati,Home Office,Completed,Net Banking
O010710,2024-06-16,C00195,South,Kochi,Home Office,Completed,Wallet
O010711,2025-12-21,C00640,South,Kochi,Consumer,Completed,Debit Card
O010712,2024-02-01,C00660,South,Bengaluru,Consumer,Cancelled,Net Banking
O010713,2024-07-11,C00364,West,Ahmedabad,Consumer,Returned,Wallet
O010714,2023-10-31,C00171,North,Lucknow,Consumer,Completed,UPI
O010715,2025-06-18,C00042,East,Guwahati,Consumer,Completed,UPI
O010716,2023-02-14,C00009,East,Bhubaneswar,Consumer,Completed,Debit Card
O010717,2023-03-08,C00206,East,Bhubaneswar,Corporate,Completed,Net Banking
O010718,2024-11-12,C00384,South,Kochi,Corporate,Completed,UPI
O010719,2025-12-25,C00277,East,Patna,Consumer,Completed,Wallet
O010720,2024-07-09,C00090,East,Guwahati,Consumer,Completed,UPI
O010721,2025-07-18,C00667,West,Surat,Corporate,Completed,Debit Card
O010722,2025-04-13,C00515,North,Chandigarh,Consumer,Completed,Net Banking
O010723,2023-04-19,C00191,North,Lucknow,Home Office,Completed,Wallet
O010724,2025-01-29,C00653,West,Mumbai,Consumer,Completed,Wallet
O010725,2025-09-01,C00288,South,Kochi,Consumer,Completed,UPI
O010726,2025-12-05,C00198,West,Ahmedabad,Consumer,Completed,Wallet
O010727,2025-12-17,C00684,North,Jaipur,Consumer,Completed,Net Banking
O010728,2024-11-25,C00644,South,Kochi,Consumer,Completed,Credit Card
O010729,2025-12-07,C00515,North,Chandigarh,Consumer,Completed,Wallet
O010730,2025-08-02,C00323,North,Lucknow,Home Office,Completed,Credit Card
O010731,2025-12-14,C00016,West,Ahmedabad,Consumer,Completed,Net Banking
O010732,2023-11-13,C00078,East,Guwahati,Consumer,Completed,Net Banking
O010733,2023-12-15,C00576,North,Delhi,Consumer,Completed,Wallet
O010734,2023-10-08,C00311,East,Guwahati,Consumer,Completed,Debit Card
O010735,2023-05-16,C00495,North,Chandigarh,Home Office,Completed,Wallet
O010736,2024-04-14,C00410,South,Bengaluru,Consumer,Completed,Wallet
O010737,2024-12-08,C00358,West,Mumbai,Consumer,Completed,UPI
O010738,2025-01-13,C00256,East,Guwahati,Consumer,Completed,Wallet
O010739,2024-03-03,C00712,South,Chennai,Corporate,Completed,UPI
O010740,2025-10-06,C00498,North,Lucknow,Consumer,Completed,Net Banking
O010741,2024-11-03,C00729,West,Ahmedabad,Consumer,Completed,Debit Card
O010742,2023-09-14,C00127,South,Chennai,Corporate,Completed,Net Banking
O010743,2024-12-19,C00730,East,Patna,Consumer,Completed,Credit Card
O010744,2024-07-14,C00654,South,Kochi,Consumer,Completed,Debit Card
O010745,2024-09-18,C00107,West,Mumbai,Consumer,Completed,Net Banking
O010746,2023-03-16,C00276,North,Chandigarh,Consumer,Returned,Wallet
O010747,2025-11-29,C00185,East,Kolkata,Corporate,Completed,Net Banking
O010748,2023-06-19,C00009,East,Bhubaneswar,Consumer,Completed,Net Banking
O010749,2024-01-31,C00513,East,Guwahati,Corporate,Completed,Wallet
O010750,2025-03-16,C00634,South,Hyderabad,Home Office,Completed,Credit Card
O010751,2025-08-30,C00119,East,Kolkata,Consumer,Completed,Credit Card
O010752,2023-04-16,C00151,West,Ahmedabad,Consumer,Completed,UPI
O010753,2025-06-02,C00410,South,Bengaluru,Consumer,Completed,UPI
O010754,2025-08-28,C00424,South,Chennai,Home Office,Completed,Net Banking
O010755,2025-10-20,C00600,South,Bengaluru,Home Office,Completed,Credit Card
O010756,2023-01-01,C00158,South,Hyderabad,Consumer,Completed,UPI
O010757,2023-03-16,C00733,East,Kolkata,Consumer,Completed,UPI
O010758,2025-03-28,C00549,South,Kochi,Consumer,Completed,Wallet
O010759,2023-01-17,C00180,East,Guwahati,Consumer,Completed,Wallet
O010760,2023-03-24,C00080,East,Guwahati,Corporate,Completed,Net Banking
O010761,2025-04-27,C00099,West,Ahmedabad,Consumer,Completed,Debit Card
O010762,2023-03-15,C00656,North,Lucknow,Consumer,Completed,Debit Card
O010763,2023-10-29,C00643,West,Pune,Consumer,Completed,Debit Card
O010764,2023-09-24,C00417,North,Delhi,Consumer,Completed,Credit Card
O010765,2024-12-04,C00058,West,Surat,Consumer,Completed,Credit Card
O010766,2025-08-20,C00583,West,Ahmedabad,Corporate,Completed,Net Banking
O010767,2024-09-18,C00387,North,Delhi,Corporate,Completed,Net Banking
O010768,2023-11-08,C00314,North,Chandigarh,Corporate,Completed,Wallet
O010769,2024-07-05,C00133,West,Surat,Corporate,Completed,Credit Card
O010770,2025-05-12,C00588,West,Ahmedabad,Consumer,Completed,Net Banking
O010771,2025-12-31,C00457,South,Hyderabad,Home Office,Completed,Net Banking
O010772,2023-01-29,C00564,East,Kolkata,Consumer,Completed,Net Banking
O010773,2024-01-24,C00700,East,Patna,Home Office,Completed,Credit Card
O010774,2025-12-15,C00207,North,Jaipur,Consumer,Completed,Debit Card
O010775,2024-11-05,C00360,West,Surat,Consumer,Completed,Wallet
O010776,2025-01-27,C00335,South,Bengaluru,Consumer,Completed,Credit Card
O010777,2025-01-09,C00068,North,Lucknow,Home Office,Completed,UPI
O010778,2025-03-05,C00310,East,Patna,Consumer,Completed,Debit Card
O010779,2024-07-28,C00177,North,Delhi,Consumer,Completed,Credit Card
O010780,2025-11-27,C00380,West,Mumbai,Home Office,Completed,Wallet
O010781,2025-05-22,C00212,West,Surat,Corporate,Completed,Net Banking
O010782,2025-09-06,C00464,North,Chandigarh,Corporate,Completed,Wallet
O010783,2025-10-22,C00466,North,Delhi,Consumer,Completed,Debit Card
O010784,2023-06-10,C00523,West,Mumbai,Consumer,Completed,Debit Card
O010785,2024-06-12,C00667,West,Surat,Corporate,Completed,Debit Card
O010786,2024-08-17,C00055,South,Hyderabad,Consumer,Completed,Credit Card
O010787,2024-05-08,C00014,West,Ahmedabad,Consumer,Completed,Wallet
O010788,2024-10-18,C00100,North,Lucknow,Consumer,Completed,Credit Card
O010789,2025-06-21,C00310,East,Patna,Consumer,Cancelled,Net Banking
O010790,2025-12-10,C00269,West,Ahmedabad,Consumer,Completed,Wallet
O010791,2023-11-20,C00090,East,Guwahati,Consumer,Completed,Debit Card
O010792,2025-01-03,C00660,South,Bengaluru,Consumer,Completed,Net Banking
O010793,2023-11-04,C00513,East,Guwahati,Corporate,Completed,UPI
O010794,2024-06-12,C00697,North,Delhi,Corporate,Completed,Net Banking
O010795,2025-12-13,C00014,West,Ahmedabad,Consumer,Completed,UPI
O010796,2024-11-13,C00611,East,Guwahati,Consumer,Completed,UPI
O010797,2023-02-08,C00437,South,Chennai,Consumer,Completed,Credit Card
O010798,2024-11-29,C00551,South,Hyderabad,Consumer,Completed,Net Banking
O010799,2024-03-30,C00619,West,Pune,Consumer,Completed,Wallet
O010800,2025-10-05,C00614,North,Chandigarh,Consumer,Completed,Wallet
O010801,2025-10-31,C00544,East,Kolkata,Consumer,Completed,Wallet
O010802,2024-01-12,C00057,East,Bhubaneswar,Consumer,Completed,Credit Card
O010803,2025-08-19,C00266,East,Bhubaneswar,Home Office,Completed,Wallet
O010804,2025-10-10,C00051,North,Chandigarh,Home Office,Completed,Wallet
O010805,2025-10-31,C00368,North,Jaipur,Home Office,Completed,Credit Card
O010806,2023-09-24,C00708,North,Chandigarh,Corporate,Completed,Wallet
O010807,2023-03-05,C00214,North,Delhi,Corporate,Completed,Wallet
O010808,2025-01-14,C00021,South,Kochi,Consumer,Completed,Credit Card
O010809,2025-10-26,C00402,West,Ahmedabad,Consumer,Completed,Debit Card
O010810,2023-04-24,C00668,North,Lucknow,Consumer,Completed,Debit Card
O010811,2024-12-13,C00274,South,Hyderabad,Corporate,Completed,UPI
O010812,2024-01-03,C00614,North,Chandigarh,Consumer,Completed,Credit Card
O010813,2025-05-22,C00477,West,Mumbai,Consumer,Completed,Debit Card
O010814,2023-06-27,C00630,South,Bengaluru,Consumer,Completed,Wallet
O010815,2025-07-13,C00220,South,Chennai,Consumer,Completed,Net Banking
O010816,2023-06-30,C00222,West,Surat,Corporate,Completed,Credit Card
O010817,2023-11-14,C00482,North,Lucknow,Home Office,Completed,Net Banking
O010818,2025-05-11,C00195,South,Kochi,Home Office,Completed,Wallet
O010819,2025-05-08,C00615,West,Mumbai,Consumer,Completed,Net Banking
O010820,2024-08-18,C00625,East,Bhubaneswar,Home Office,Completed,Net Banking
O010821,2023-03-18,C00255,East,Guwahati,Consumer,Completed,Wallet
O010822,2023-11-16,C00439,East,Guwahati,Corporate,Completed,Net Banking
O010823,2023-01-06,C00244,North,Lucknow,Consumer,Completed,UPI
O010824,2023-12-04,C00446,North,Chandigarh,Consumer,Completed,Wallet
O010825,2024-07-29,C00544,East,Kolkata,Consumer,Completed,Debit Card
O010826,2024-12-01,C00388,North,Lucknow,Home Office,Completed,Credit Card
O010827,2024-06-05,C00459,South,Chennai,Consumer,Completed,Debit Card
O010828,2023-01-19,C00417,North,Delhi,Consumer,Completed,Debit Card
O010829,2025-07-11,C00095,East,Patna,Consumer,Completed,Debit Card
O010830,2025-05-16,C00601,East,Bhubaneswar,Consumer,Completed,Credit Card
O010831,2025-10-23,C00659,East,Patna,Home Office,Completed,Debit Card
O010832,2023-02-19,C00677,South,Bengaluru,Corporate,Completed,Net Banking
O010833,2024-02-09,C00439,East,Guwahati,Corporate,Completed,UPI
O010834,2023-06-24,C00367,East,Kolkata,Consumer,Completed,Net Banking
O010835,2024-02-15,C00646,East,Patna,Consumer,Completed,Debit Card
O010836,2024-05-14,C00510,East,Guwahati,Consumer,Completed,Wallet
O010837,2024-12-26,C00740,South,Hyderabad,Consumer,Completed,Credit Card
O010838,2024-04-27,C00698,North,Delhi,Consumer,Completed,UPI
O010839,2023-03-01,C00442,North,Jaipur,Corporate,Completed,Credit Card
O010840,2023-04-11,C00004,East,Bhubaneswar,Corporate,Completed,UPI
O010841,2025-12-18,C00469,East,Bhubaneswar,Consumer,Completed,Net Banking
O010842,2024-07-22,C00669,West,Pune,Home Office,Completed,UPI
O010843,2025-01-18,C00626,North,Jaipur,Corporate,Completed,UPI
O010844,2023-05-14,C00563,West,Surat,Consumer,Completed,Wallet
O010845,2025-01-28,C00603,North,Delhi,Consumer,Completed,Credit Card
O010846,2024-04-04,C00542,West,Ahmedabad,Consumer,Completed,Debit Card
O010847,2025-10-02,C00102,South,Hyderabad,Home Office,Completed,Net Banking
O010848,2023-06-28,C00093,East,Kolkata,Consumer,Completed,Wallet
O010849,2025-06-26,C00578,West,Ahmedabad,Consumer,Completed,Debit Card
O010850,2024-01-20,C00344,East,Kolkata,Consumer,Completed,Wallet
O010851,2025-06-30,C00681,West,Surat,Corporate,Completed,Net Banking
O010852,2023-08-03,C00191,North,Lucknow,Home Office,Completed,Net Banking
O010853,2025-06-23,C00722,East,Guwahati,Consumer,Completed,Debit Card
O010854,2023-05-01,C00325,North,Lucknow,Home Office,Completed,Credit Card
O010855,2024-06-07,C00319,South,Kochi,Consumer,Completed,Credit Card
O010856,2025-12-29,C00577,East,Bhubaneswar,Home Office,Completed,Net Banking
O010857,2023-08-07,C00416,South,Kochi,Consumer,Completed,Wallet
O010858,2024-02-16,C00262,South,Kochi,Corporate,Completed,UPI
O010859,2023-12-13,C00568,South,Bengaluru,Consumer,Completed,Net Banking
O010860,2025-03-26,C00015,East,Guwahati,Consumer,Completed,Credit Card
O010861,2025-10-18,C00171,North,Lucknow,Consumer,Completed,Credit Card
O010862,2024-10-26,C00376,East,Guwahati,Consumer,Completed,Debit Card
O010863,2023-12-19,C00376,East,Guwahati,Consumer,Completed,Wallet
O010864,2024-03-18,C00483,South,Bengaluru,Consumer,Completed,Net Banking
O010865,2024-06-28,C00274,South,Hyderabad,Corporate,Completed,Net Banking
O010866,2025-03-29,C00702,West,Pune,Consumer,Completed,Credit Card
O010867,2024-01-02,C00720,East,Bhubaneswar,Consumer,Completed,Wallet
O010868,2023-08-19,C00189,West,Pune,Consumer,Completed,Wallet
O010869,2023-07-30,C00341,North,Lucknow,Consumer,Completed,Debit Card
O010870,2023-11-05,C00084,East,Bhubaneswar,Consumer,Completed,Debit Card
O010871,2023-12-10,C00194,West,Pune,Consumer,Completed,Wallet
O010872,2023-05-01,C00146,West,Pune,Consumer,Completed,Wallet
O010873,2025-10-09,C00209,South,Hyderabad,Consumer,Returned,Credit Card
O010874,2023-12-31,C00207,North,Jaipur,Consumer,Completed,UPI
O010875,2025-01-07,C00612,East,Guwahati,Corporate,Completed,Credit Card
O010876,2025-04-11,C00018,West,Mumbai,Home Office,Completed,Wallet
O010877,2023-03-29,C00613,North,Chandigarh,Consumer,Completed,Debit Card
O010878,2024-05-06,C00031,North,Lucknow,Consumer,Completed,Wallet
O010879,2024-01-21,C00254,South,Bengaluru,Consumer,Completed,Credit Card
O010880,2023-01-22,C00743,South,Bengaluru,Home Office,Completed,Net Banking
O010881,2024-09-24,C00025,North,Chandigarh,Consumer,Completed,Wallet
O010882,2025-09-20,C00734,South,Bengaluru,Consumer,Completed,Wallet
O010883,2024-03-03,C00243,East,Patna,Home Office,Completed,Credit Card
O010884,2023-02-07,C00065,East,Kolkata,Home Office,Completed,Net Banking
O010885,2024-05-05,C00316,West,Pune,Corporate,Completed,Net Banking
O010886,2023-07-24,C00095,East,Patna,Consumer,Completed,Net Banking
O010887,2024-04-22,C00121,North,Jaipur,Corporate,Returned,Debit Card
O010888,2025-12-02,C00611,East,Guwahati,Consumer,Completed,UPI
O010889,2023-07-31,C00517,North,Jaipur,Home Office,Completed,Net Banking
O010890,2025-08-25,C00246,East,Guwahati,Consumer,Completed,Net Banking
O010891,2024-05-06,C00555,South,Hyderabad,Home Office,Completed,Wallet
O010892,2025-12-12,C00084,East,Bhubaneswar,Consumer,Completed,Credit Card
O010893,2025-04-12,C00099,West,Ahmedabad,Consumer,Completed,UPI
O010894,2024-02-21,C00656,North,Lucknow,Consumer,Completed,Credit Card
O010895,2023-05-27,C00225,West,Mumbai,Consumer,Completed,Debit Card
O010896,2023-04-05,C00724,South,Kochi,Home Office,Completed,Debit Card
O010897,2025-10-08,C00246,East,Guwahati,Consumer,Completed,Net Banking
O010898,2024-07-26,C00162,West,Ahmedabad,Corporate,Returned,Credit Card
O010899,2024-12-23,C00157,South,Hyderabad,Consumer,Completed,UPI
O010900,2023-02-07,C00367,East,Kolkata,Consumer,Completed,Debit Card
O010901,2023-10-14,C00645,East,Patna,Corporate,Completed,UPI
O010902,2023-08-04,C00172,West,Surat,Consumer,Completed,Debit Card
O010903,2025-10-30,C00024,North,Lucknow,Consumer,Completed,Net Banking
O010904,2025-09-11,C00323,North,Lucknow,Home Office,Cancelled,Wallet
O010905,2024-06-28,C00601,East,Bhubaneswar,Consumer,Completed,Wallet
O010906,2025-12-02,C00056,West,Mumbai,Consumer,Completed,Net Banking
O010907,2025-03-31,C00419,South,Chennai,Home Office,Completed,Debit Card
O010908,2025-10-04,C00090,East,Guwahati,Consumer,Cancelled,Debit Card
O010909,2024-03-04,C00292,West,Mumbai,Corporate,Completed,Net Banking
O010910,2024-11-18,C00027,South,Kochi,Consumer,Completed,Credit Card
O010911,2025-07-06,C00560,East,Kolkata,Corporate,Completed,UPI
O010912,2025-07-19,C00649,South,Kochi,Home Office,Completed,Credit Card
O010913,2025-04-28,C00007,East,Bhubaneswar,Corporate,Completed,UPI
O010914,2024-06-15,C00519,North,Delhi,Consumer,Completed,Credit Card
O010915,2025-10-16,C00014,West,Ahmedabad,Consumer,Completed,UPI
O010916,2024-04-02,C00031,North,Lucknow,Consumer,Completed,UPI
O010917,2025-10-31,C00694,North,Delhi,Consumer,Completed,Net Banking
O010918,2024-02-15,C00224,East,Patna,Home Office,Completed,Debit Card
O010919,2025-02-21,C00460,South,Bengaluru,Consumer,Completed,Debit Card
O010920,2023-09-27,C00276,North,Chandigarh,Consumer,Completed,Wallet
O010921,2024-08-28,C00624,South,Hyderabad,Consumer,Completed,UPI
O010922,2024-01-29,C00272,East,Guwahati,Corporate,Completed,Debit Card
O010923,2025-05-07,C00743,South,Bengaluru,Home Office,Completed,Wallet
O010924,2024-04-18,C00281,South,Chennai,Home Office,Completed,UPI
O010925,2025-10-22,C00359,West,Surat,Home Office,Returned,Wallet
O010926,2023-12-17,C00421,North,Chandigarh,Consumer,Completed,Debit Card
O010927,2024-08-19,C00170,East,Bhubaneswar,Consumer,Completed,UPI
O010928,2023-12-18,C00179,East,Guwahati,Home Office,Completed,UPI
O010929,2023-10-13,C00547,East,Patna,Consumer,Completed,Net Banking
O010930,2023-01-04,C00113,South,Hyderabad,Consumer,Completed,Credit Card
O010931,2025-05-07,C00292,West,Mumbai,Corporate,Completed,Credit Card
O010932,2023-04-17,C00371,West,Surat,Consumer,Completed,Credit Card
O010933,2023-09-03,C00040,North,Chandigarh,Consumer,Completed,Credit Card
O010934,2023-09-25,C00676,South,Bengaluru,Consumer,Completed,Wallet
O010935,2025-04-09,C00602,East,Guwahati,Corporate,Completed,Wallet
O010936,2025-11-14,C00609,South,Hyderabad,Consumer,Completed,UPI
O010937,2023-12-25,C00457,South,Hyderabad,Home Office,Completed,Debit Card
O010938,2023-04-06,C00441,South,Bengaluru,Consumer,Completed,Credit Card
O010939,2025-06-05,C00627,West,Surat,Consumer,Cancelled,Wallet
O010940,2025-10-02,C00292,West,Mumbai,Corporate,Completed,Credit Card
O010941,2025-09-30,C00524,North,Jaipur,Consumer,Completed,UPI
O010942,2024-01-17,C00342,South,Hyderabad,Consumer,Completed,Wallet
O010943,2024-12-05,C00271,North,Jaipur,Home Office,Completed,Debit Card
O010944,2024-04-09,C00191,North,Lucknow,Home Office,Returned,Wallet
O010945,2023-12-29,C00398,South,Kochi,Corporate,Completed,Debit Card
O010946,2024-07-12,C00180,East,Guwahati,Consumer,Completed,Net Banking
O010947,2025-02-19,C00414,East,Bhubaneswar,Consumer,Completed,Wallet
O010948,2023-05-19,C00484,West,Mumbai,Consumer,Completed,Debit Card
O010949,2024-09-04,C00456,North,Delhi,Consumer,Completed,Credit Card
O010950,2024-07-27,C00277,East,Patna,Consumer,Cancelled,Net Banking
O010951,2025-10-04,C00531,North,Jaipur,Consumer,Completed,Net Banking
O010952,2025-02-14,C00548,East,Bhubaneswar,Consumer,Completed,Net Banking
O010953,2025-02-24,C00048,West,Pune,Home Office,Completed,Debit Card
O010954,2024-08-17,C00343,North,Lucknow,Corporate,Completed,Credit Card
O010955,2023-01-18,C00674,North,Delhi,Corporate,Completed,Wallet
O010956,2025-05-07,C00342,South,Hyderabad,Consumer,Completed,UPI
O010957,2024-10-04,C00185,East,Kolkata,Corporate,Completed,Wallet
O010958,2024-01-11,C00506,East,Bhubaneswar,Consumer,Completed,Wallet
O010959,2023-04-11,C00067,North,Chandigarh,Corporate,Completed,Credit Card
O010960,2023-08-19,C00290,West,Mumbai,Consumer,Completed,Wallet
O010961,2025-09-12,C00553,East,Patna,Consumer,Completed,Wallet
O010962,2023-11-25,C00560,East,Kolkata,Corporate,Completed,Net Banking
O010963,2023-12-27,C00342,South,Hyderabad,Consumer,Completed,Credit Card
O010964,2025-11-10,C00313,South,Hyderabad,Consumer,Completed,Credit Card
O010965,2023-04-16,C00652,West,Ahmedabad,Home Office,Completed,Wallet
O010966,2024-04-09,C00332,West,Ahmedabad,Consumer,Completed,Debit Card
O010967,2024-10-01,C00728,West,Mumbai,Corporate,Completed,Credit Card
O010968,2024-08-19,C00077,South,Kochi,Home Office,Completed,Credit Card
O010969,2024-01-12,C00474,West,Mumbai,Consumer,Completed,UPI
O010970,2023-03-23,C00244,North,Lucknow,Consumer,Completed,UPI
O010971,2024-06-05,C00231,South,Bengaluru,Consumer,Completed,Wallet
O010972,2024-03-17,C00432,South,Kochi,Home Office,Completed,Credit Card
O010973,2024-12-17,C00081,West,Pune,Corporate,Completed,Debit Card
O010974,2023-12-29,C00544,East,Kolkata,Consumer,Completed,Wallet
O010975,2023-01-20,C00272,East,Guwahati,Corporate,Completed,Wallet
O010976,2023-08-05,C00475,North,Chandigarh,Consumer,Completed,Wallet
O010977,2025-09-16,C00347,West,Ahmedabad,Consumer,Completed,Wallet
O010978,2023-07-29,C00206,East,Bhubaneswar,Corporate,Completed,UPI
O010979,2024-02-12,C00104,North,Jaipur,Home Office,Completed,UPI
O010980,2025-08-06,C00384,South,Kochi,Corporate,Completed,Debit Card
O010981,2024-06-29,C00463,North,Jaipur,Corporate,Completed,Net Banking
O010982,2024-04-29,C00310,East,Patna,Consumer,Completed,Net Banking
O010983,2023-10-12,C00356,West,Pune,Consumer,Completed,Debit Card
O010984,2024-08-31,C00619,West,Pune,Consumer,Completed,Wallet
O010985,2025-12-15,C00647,North,Delhi,Consumer,Completed,Wallet
O010986,2025-12-02,C00049,North,Delhi,Home Office,Completed,Credit Card
O010987,2024-12-30,C00155,North,Lucknow,Consumer,Cancelled,Credit Card
O010988,2023-08-20,C00213,West,Surat,Consumer,Completed,Credit Card
O010989,2023-06-01,C00140,West,Mumbai,Consumer,Completed,Wallet
O010990,2024-11-14,C00591,East,Kolkata,Consumer,Returned,Credit Card
O010991,2025-04-20,C00560,East,Kolkata,Corporate,Completed,Credit Card
O010992,2023-08-03,C00469,East,Bhubaneswar,Consumer,Completed,Debit Card
O010993,2024-09-09,C00656,North,Lucknow,Consumer,Completed,Net Banking
O010994,2023-01-07,C00441,South,Bengaluru,Consumer,Completed,Net Banking
O010995,2023-07-30,C00433,West,Ahmedabad,Consumer,Completed,UPI
O010996,2025-09-19,C00503,North,Lucknow,Consumer,Completed,Debit Card
O010997,2025-04-07,C00565,East,Kolkata,Consumer,Returned,Debit Card
O010998,2023-03-27,C00743,South,Bengaluru,Home Office,Completed,UPI
O010999,2024-02-03,C00024,North,Lucknow,Consumer,Completed,Net Banking
O011000,2023-07-11,C00125,West,Mumbai,Corporate,Completed,UPI
O011001,2024-05-22,C00070,North,Jaipur,Consumer,Completed,Wallet
O011002,2024-09-24,C00643,West,Pune,Consumer,Completed,UPI
O011003,2023-05-06,C00513,East,Guwahati,Corporate,Completed,UPI
O011004,2025-06-08,C00278,West,Ahmedabad,Corporate,Completed,Wallet
O011005,2025-12-08,C00216,South,Chennai,Corporate,Completed,UPI
O011006,2025-03-18,C00277,East,Patna,Consumer,Completed,Wallet
O011007,2023-08-09,C00346,North,Delhi,Consumer,Completed,Net Banking
O011008,2024-10-04,C00283,East,Bhubaneswar,Home Office,Completed,Net Banking
O011009,2024-06-08,C00635,East,Patna,Corporate,Completed,Credit Card
O011010,2024-03-28,C00596,South,Chennai,Consumer,Completed,UPI
O011011,2024-09-22,C00333,East,Kolkata,Corporate,Completed,Wallet
O011012,2023-11-22,C00125,West,Mumbai,Corporate,Completed,Wallet
O011013,2025-11-15,C00120,East,Kolkata,Corporate,Completed,Wallet
O011014,2025-04-23,C00605,East,Patna,Consumer,Completed,UPI
O011015,2023-11-04,C00273,West,Ahmedabad,Consumer,Completed,Credit Card
O011016,2023-08-16,C00062,West,Mumbai,Home Office,Returned,Net Banking
O011017,2023-01-08,C00058,West,Surat,Consumer,Completed,Credit Card
O011018,2023-02-14,C00285,West,Pune,Consumer,Completed,Credit Card
O011019,2024-12-21,C00211,East,Kolkata,Consumer,Completed,Credit Card
O011020,2023-08-24,C00419,South,Chennai,Home Office,Completed,UPI
O011021,2024-01-17,C00413,East,Patna,Corporate,Completed,Credit Card
O011022,2025-03-23,C00249,West,Ahmedabad,Consumer,Completed,Credit Card
O011023,2024-01-03,C00507,West,Surat,Consumer,Completed,Credit Card
O011024,2023-04-18,C00707,East,Kolkata,Consumer,Completed,Debit Card
O011025,2023-01-04,C00109,West,Mumbai,Consumer,Completed,Wallet
O011026,2025-05-03,C00714,East,Guwahati,Home Office,Completed,Net Banking
O011027,2025-02-01,C00134,East,Patna,Consumer,Completed,Wallet
O011028,2023-03-21,C00151,West,Ahmedabad,Consumer,Completed,Debit Card
O011029,2025-04-30,C00274,South,Hyderabad,Corporate,Cancelled,Wallet
O011030,2023-09-25,C00274,South,Hyderabad,Corporate,Returned,Debit Card
O011031,2024-04-26,C00013,North,Delhi,Consumer,Completed,UPI
O011032,2024-12-11,C00564,East,Kolkata,Consumer,Completed,UPI
O011033,2024-08-18,C00405,South,Chennai,Home Office,Completed,UPI
O011034,2023-06-12,C00085,West,Pune,Consumer,Completed,Net Banking
O011035,2023-07-04,C00369,East,Patna,Corporate,Completed,Wallet
O011036,2025-05-06,C00168,South,Bengaluru,Consumer,Completed,Net Banking
O011037,2023-10-20,C00351,North,Chandigarh,Consumer,Cancelled,Wallet
O011038,2024-07-31,C00739,South,Bengaluru,Corporate,Completed,Debit Card
O011039,2025-04-19,C00333,East,Kolkata,Corporate,Completed,Wallet
O011040,2025-10-25,C00596,South,Chennai,Consumer,Completed,Wallet
O011041,2023-01-01,C00460,South,Bengaluru,Consumer,Completed,Debit Card
O011042,2023-06-30,C00019,West,Pune,Consumer,Completed,Credit Card
O011043,2023-02-23,C00503,North,Lucknow,Consumer,Completed,UPI
O011044,2025-05-14,C00390,South,Kochi,Consumer,Completed,Credit Card
O011045,2025-10-18,C00253,South,Chennai,Corporate,Completed,Wallet
O011046,2023-02-10,C00299,East,Kolkata,Home Office,Completed,Net Banking
O011047,2023-04-26,C00436,East,Kolkata,Home Office,Completed,Credit Card
O011048,2023-09-03,C00354,North,Chandigarh,Home Office,Completed,Wallet
O011049,2024-01-07,C00381,South,Hyderabad,Home Office,Completed,Debit Card
O011050,2025-07-27,C00186,North,Delhi,Consumer,Completed,Wallet
O011051,2024-08-31,C00593,West,Pune,Home Office,Completed,Net Banking
O011052,2025-05-25,C00378,West,Pune,Home Office,Completed,Wallet
O011053,2023-04-26,C00031,North,Lucknow,Consumer,Completed,Credit Card
O011054,2023-06-27,C00207,North,Jaipur,Consumer,Completed,Credit Card
O011055,2025-01-08,C00315,South,Bengaluru,Corporate,Completed,Wallet
O011056,2025-06-29,C00395,West,Mumbai,Consumer,Completed,UPI
O011057,2023-02-20,C00042,East,Guwahati,Consumer,Completed,UPI
O011058,2025-12-02,C00564,East,Kolkata,Consumer,Completed,Debit Card
O011059,2023-05-15,C00487,North,Lucknow,Corporate,Completed,Net Banking
O011060,2024-04-18,C00060,West,Surat,Corporate,Completed,UPI
O011061,2025-10-22,C00523,West,Mumbai,Consumer,Completed,Debit Card
O011062,2023-09-11,C00717,South,Bengaluru,Consumer,Completed,Credit Card
O011063,2024-07-22,C00263,East,Kolkata,Corporate,Completed,Net Banking
O011064,2024-10-02,C00529,South,Hyderabad,Home Office,Completed,Net Banking
O011065,2025-10-27,C00593,West,Pune,Home Office,Completed,Wallet
O011066,2023-04-20,C00670,North,Jaipur,Consumer,Completed,Wallet
O011067,2025-01-13,C00422,East,Bhubaneswar,Consumer,Completed,UPI
O011068,2024-05-26,C00455,East,Patna,Consumer,Completed,Debit Card
O011069,2024-08-24,C00232,North,Delhi,Consumer,Completed,Debit Card
O011070,2025-08-29,C00014,West,Ahmedabad,Consumer,Completed,Wallet
O011071,2023-10-11,C00264,West,Surat,Consumer,Completed,Credit Card
O011072,2024-12-28,C00468,North,Lucknow,Consumer,Completed,UPI
O011073,2024-09-25,C00703,South,Hyderabad,Consumer,Completed,Credit Card
O011074,2023-06-24,C00524,North,Jaipur,Consumer,Completed,Wallet
O011075,2024-06-05,C00616,North,Delhi,Corporate,Completed,Debit Card
O011076,2023-04-03,C00591,East,Kolkata,Consumer,Completed,Wallet
O011077,2025-09-25,C00228,South,Chennai,Home Office,Completed,UPI
O011078,2023-02-07,C00594,West,Mumbai,Consumer,Completed,Wallet
O011079,2024-06-29,C00117,West,Surat,Consumer,Completed,Debit Card
O011080,2023-12-21,C00119,East,Kolkata,Consumer,Completed,Credit Card
O011081,2023-02-26,C00237,South,Chennai,Home Office,Completed,UPI
O011082,2025-09-12,C00358,West,Mumbai,Consumer,Completed,UPI
O011083,2024-09-24,C00065,East,Kolkata,Home Office,Completed,Credit Card
O011084,2023-05-03,C00222,West,Surat,Corporate,Completed,Wallet
O011085,2024-08-24,C00083,West,Pune,Consumer,Completed,UPI
O011086,2025-11-22,C00089,East,Guwahati,Corporate,Completed,Wallet
O011087,2024-04-12,C00742,South,Kochi,Consumer,Completed,Net Banking
O011088,2025-01-23,C00278,West,Ahmedabad,Corporate,Completed,Credit Card
O011089,2024-01-02,C00540,East,Bhubaneswar,Consumer,Completed,Credit Card
O011090,2024-09-03,C00226,South,Bengaluru,Corporate,Completed,Debit Card
O011091,2023-08-29,C00373,West,Pune,Corporate,Completed,Net Banking
O011092,2025-03-16,C00160,East,Guwahati,Corporate,Completed,Wallet
O011093,2023-09-11,C00142,East,Patna,Corporate,Completed,Credit Card
O011094,2024-08-05,C00493,North,Chandigarh,Corporate,Completed,Net Banking
O011095,2024-02-06,C00045,West,Mumbai,Home Office,Completed,UPI
O011096,2023-03-16,C00056,West,Mumbai,Consumer,Completed,Wallet
O011097,2023-05-16,C00256,East,Guwahati,Consumer,Completed,Credit Card
O011098,2023-04-21,C00720,East,Bhubaneswar,Consumer,Completed,Credit Card
O011099,2023-04-27,C00220,South,Chennai,Consumer,Completed,UPI
O011100,2023-10-11,C00492,South,Kochi,Consumer,Completed,Wallet
O011101,2024-04-28,C00610,South,Hyderabad,Home Office,Completed,Net Banking
O011102,2025-07-30,C00182,West,Pune,Consumer,Completed,Wallet
O011103,2023-06-13,C00066,West,Surat,Home Office,Cancelled,Debit Card
O011104,2024-01-08,C00326,South,Hyderabad,Consumer,Completed,Credit Card
O011105,2025-06-05,C00538,West,Pune,Home Office,Completed,UPI
O011106,2023-02-18,C00679,South,Chennai,Consumer,Completed,Net Banking
O011107,2025-07-15,C00023,North,Jaipur,Home Office,Completed,Debit Card
O011108,2023-05-10,C00200,West,Mumbai,Home Office,Completed,Wallet
O011109,2024-05-11,C00513,East,Guwahati,Corporate,Completed,UPI
O011110,2023-03-25,C00703,South,Hyderabad,Consumer,Completed,Wallet
O011111,2023-06-09,C00056,West,Mumbai,Consumer,Completed,Wallet
O011112,2023-07-04,C00264,West,Surat,Consumer,Completed,Wallet
O011113,2023-08-10,C00181,South,Hyderabad,Consumer,Completed,UPI
O011114,2024-06-29,C00592,West,Pune,Corporate,Completed,UPI
O011115,2023-07-04,C00586,West,Ahmedabad,Consumer,Completed,Credit Card
O011116,2024-02-08,C00151,West,Ahmedabad,Consumer,Completed,UPI
O011117,2024-11-03,C00590,East,Guwahati,Consumer,Completed,Net Banking
O011118,2025-07-04,C00419,South,Chennai,Home Office,Completed,Net Banking
O011119,2023-12-28,C00181,South,Hyderabad,Consumer,Completed,Net Banking
O011120,2024-09-21,C00208,North,Delhi,Corporate,Completed,Net Banking
O011121,2025-05-03,C00387,North,Delhi,Corporate,Completed,Net Banking
O011122,2023-10-23,C00470,North,Chandigarh,Corporate,Completed,Credit Card
O011123,2023-03-27,C00744,South,Chennai,Consumer,Completed,Credit Card
O011124,2025-06-28,C00010,West,Ahmedabad,Consumer,Completed,Wallet
O011125,2024-10-03,C00502,East,Bhubaneswar,Consumer,Completed,Net Banking
O011126,2023-06-14,C00046,North,Lucknow,Consumer,Completed,Wallet
O011127,2025-10-07,C00721,West,Pune,Consumer,Completed,Credit Card
O011128,2024-05-25,C00556,South,Bengaluru,Corporate,Completed,Wallet
O011129,2024-08-15,C00405,South,Chennai,Home Office,Completed,Credit Card
O011130,2023-01-21,C00220,South,Chennai,Consumer,Completed,Debit Card
O011131,2025-10-22,C00097,East,Guwahati,Consumer,Completed,Net Banking
O011132,2023-12-09,C00400,East,Patna,Consumer,Completed,Credit Card
O011133,2025-03-03,C00310,East,Patna,Consumer,Completed,Debit Card
O011134,2025-01-03,C00011,North,Chandigarh,Corporate,Completed,Credit Card
O011135,2025-12-10,C00425,West,Mumbai,Consumer,Completed,UPI
O011136,2024-05-26,C00033,North,Chandigarh,Home Office,Completed,Debit Card
O011137,2024-10-12,C00135,West,Surat,Consumer,Completed,UPI
O011138,2025-03-13,C00150,East,Patna,Corporate,Completed,Credit Card
O011139,2025-10-28,C00717,South,Bengaluru,Consumer,Completed,Wallet
O011140,2023-12-31,C00183,South,Kochi,Consumer,Completed,Wallet
O011141,2023-05-01,C00563,West,Surat,Consumer,Completed,UPI
O011142,2025-05-25,C00019,West,Pune,Consumer,Completed,UPI
O011143,2023-12-12,C00379,East,Bhubaneswar,Consumer,Completed,Debit Card
O011144,2025-10-02,C00278,West,Ahmedabad,Corporate,Completed,Credit Card
O011145,2025-04-17,C00672,East,Bhubaneswar,Consumer,Completed,UPI
O011146,2023-08-04,C00562,North,Delhi,Consumer,Completed,Wallet
O011147,2023-07-07,C00548,East,Bhubaneswar,Consumer,Completed,UPI
O011148,2024-09-15,C00548,East,Bhubaneswar,Consumer,Completed,UPI
O011149,2023-05-05,C00059,South,Kochi,Consumer,Completed,Credit Card
O011150,2025-04-08,C00045,West,Mumbai,Home Office,Completed,Debit Card
O011151,2025-09-22,C00360,West,Surat,Consumer,Completed,Debit Card
O011152,2024-06-28,C00166,East,Guwahati,Consumer,Completed,Credit Card
O011153,2025-04-30,C00263,East,Kolkata,Corporate,Completed,Net Banking
O011154,2024-10-06,C00253,South,Chennai,Corporate,Completed,Debit Card
O011155,2025-01-17,C00750,East,Bhubaneswar,Home Office,Completed,Debit Card
O011156,2023-05-21,C00232,North,Delhi,Consumer,Completed,UPI
O011157,2024-10-26,C00138,West,Ahmedabad,Consumer,Completed,Wallet
O011158,2024-02-04,C00664,West,Pune,Consumer,Completed,Credit Card
O011159,2025-01-20,C00433,West,Ahmedabad,Consumer,Completed,Debit Card
O011160,2024-10-10,C00297,North,Chandigarh,Consumer,Completed,UPI
O011161,2023-04-09,C00677,South,Bengaluru,Corporate,Completed,Net Banking
O011162,2023-11-21,C00460,South,Bengaluru,Consumer,Completed,Wallet
O011163,2023-10-08,C00142,East,Patna,Corporate,Completed,UPI
O011164,2023-01-22,C00017,North,Chandigarh,Consumer,Completed,Credit Card
O011165,2023-04-15,C00613,North,Chandigarh,Consumer,Completed,Credit Card
O011166,2024-05-20,C00353,South,Kochi,Consumer,Completed,Net Banking
O011167,2025-05-03,C00126,East,Kolkata,Consumer,Completed,Wallet
O011168,2023-09-13,C00557,East,Kolkata,Home Office,Completed,Credit Card
O011169,2023-12-11,C00463,North,Jaipur,Corporate,Completed,UPI
O011170,2024-07-02,C00634,South,Hyderabad,Home Office,Completed,Debit Card
O011171,2025-02-18,C00029,North,Chandigarh,Corporate,Completed,Net Banking
O011172,2025-06-26,C00671,West,Surat,Consumer,Completed,Debit Card
O011173,2024-03-03,C00121,North,Jaipur,Corporate,Completed,UPI
O011174,2024-11-24,C00171,North,Lucknow,Consumer,Returned,UPI
O011175,2024-09-17,C00040,North,Chandigarh,Consumer,Completed,Net Banking
O011176,2024-04-13,C00678,North,Lucknow,Consumer,Completed,UPI
O011177,2023-05-15,C00408,East,Bhubaneswar,Consumer,Completed,Debit Card
O011178,2025-10-08,C00060,West,Surat,Corporate,Completed,Net Banking
O011179,2025-01-01,C00705,East,Bhubaneswar,Consumer,Completed,Wallet
O011180,2023-11-21,C00500,South,Kochi,Consumer,Completed,UPI
O011181,2024-10-29,C00099,West,Ahmedabad,Consumer,Completed,Net Banking
O011182,2023-04-23,C00617,East,Kolkata,Consumer,Completed,Credit Card
O011183,2024-04-26,C00233,South,Kochi,Consumer,Completed,UPI
O011184,2024-03-16,C00331,West,Ahmedabad,Consumer,Completed,UPI
O011185,2024-08-05,C00293,South,Bengaluru,Home Office,Completed,Wallet
O011186,2023-05-14,C00142,East,Patna,Corporate,Completed,Wallet
O011187,2023-02-25,C00002,North,Jaipur,Consumer,Completed,Wallet
O011188,2024-11-12,C00129,East,Kolkata,Consumer,Cancelled,Net Banking
O011189,2025-02-12,C00155,North,Lucknow,Consumer,Completed,UPI
O011190,2023-09-22,C00040,North,Chandigarh,Consumer,Completed,Credit Card
O011191,2025-03-25,C00328,South,Kochi,Consumer,Completed,Wallet
O011192,2023-05-26,C00574,South,Hyderabad,Consumer,Completed,Wallet
O011193,2024-08-17,C00709,West,Pune,Corporate,Completed,Net Banking
O011194,2024-04-23,C00277,East,Patna,Consumer,Completed,Debit Card
O011195,2023-09-17,C00283,East,Bhubaneswar,Home Office,Completed,Net Banking
O011196,2023-01-06,C00407,South,Chennai,Corporate,Completed,UPI
O011197,2023-06-15,C00074,East,Guwahati,Consumer,Completed,UPI
O011198,2023-06-26,C00609,South,Hyderabad,Consumer,Completed,Debit Card
O011199,2023-10-12,C00587,North,Jaipur,Home Office,Completed,Wallet
O011200,2025-06-01,C00384,South,Kochi,Corporate,Completed,Wallet
O011201,2023-01-21,C00299,East,Kolkata,Home Office,Completed,UPI
O011202,2025-03-30,C00053,West,Surat,Home Office,Completed,Net Banking
O011203,2024-07-08,C00200,West,Mumbai,Home Office,Completed,Net Banking
O011204,2023-03-29,C00513,East,Guwahati,Corporate,Completed,Credit Card
O011205,2023-05-24,C00296,East,Guwahati,Consumer,Completed,UPI
O011206,2023-05-23,C00342,South,Hyderabad,Consumer,Completed,Debit Card
O011207,2023-02-11,C00066,West,Surat,Home Office,Completed,Wallet
O011208,2024-08-16,C00481,South,Chennai,Corporate,Completed,Credit Card
O011209,2024-02-07,C00671,West,Surat,Consumer,Completed,Credit Card
O011210,2025-02-04,C00364,West,Ahmedabad,Consumer,Completed,Debit Card
O011211,2025-09-22,C00595,South,Chennai,Corporate,Completed,UPI
O011212,2025-03-09,C00689,West,Surat,Consumer,Completed,Net Banking
O011213,2024-04-20,C00088,North,Lucknow,Consumer,Completed,Net Banking
O011214,2023-04-09,C00038,East,Guwahati,Consumer,Completed,Net Banking
O011215,2024-06-29,C00235,East,Kolkata,Corporate,Completed,Net Banking
O011216,2024-03-27,C00536,South,Bengaluru,Consumer,Completed,Debit Card
O011217,2023-08-08,C00066,West,Surat,Home Office,Completed,UPI
O011218,2024-10-04,C00201,North,Jaipur,Consumer,Completed,UPI
O011219,2023-05-25,C00347,West,Ahmedabad,Consumer,Completed,Credit Card
O011220,2023-07-05,C00354,North,Chandigarh,Home Office,Completed,Credit Card
O011221,2024-04-22,C00412,South,Kochi,Home Office,Completed,Net Banking
O011222,2024-04-15,C00141,North,Lucknow,Home Office,Completed,UPI
O011223,2025-02-25,C00686,North,Delhi,Corporate,Completed,Wallet
O011224,2023-11-03,C00596,South,Chennai,Consumer,Completed,Wallet
O011225,2025-03-02,C00273,West,Ahmedabad,Consumer,Completed,Wallet
O011226,2023-10-17,C00062,West,Mumbai,Home Office,Completed,UPI
O011227,2024-12-27,C00526,West,Pune,Corporate,Completed,Net Banking
O011228,2023-06-08,C00299,East,Kolkata,Home Office,Completed,Net Banking
O011229,2025-12-29,C00664,West,Pune,Consumer,Completed,Debit Card
O011230,2024-06-04,C00184,North,Jaipur,Consumer,Completed,Net Banking
O011231,2023-08-04,C00548,East,Bhubaneswar,Consumer,Completed,Credit Card
O011232,2024-01-14,C00478,South,Chennai,Consumer,Completed,Net Banking
O011233,2023-08-04,C00559,East,Patna,Consumer,Completed,Debit Card
O011234,2024-12-30,C00239,North,Jaipur,Consumer,Completed,Credit Card
O011235,2025-11-14,C00728,West,Mumbai,Corporate,Completed,Wallet
O011236,2024-05-27,C00437,South,Chennai,Consumer,Completed,Credit Card
O011237,2025-03-29,C00402,West,Ahmedabad,Consumer,Completed,UPI
O011238,2024-12-26,C00469,East,Bhubaneswar,Consumer,Completed,UPI
O011239,2023-02-27,C00301,North,Lucknow,Corporate,Completed,UPI
O011240,2023-12-16,C00516,South,Bengaluru,Consumer,Completed,Net Banking
O011241,2025-06-12,C00198,West,Ahmedabad,Consumer,Completed,Debit Card
O011242,2023-05-19,C00236,East,Patna,Consumer,Completed,Wallet
O011243,2023-07-31,C00149,South,Bengaluru,Corporate,Completed,Net Banking
O011244,2023-08-17,C00233,South,Kochi,Consumer,Completed,UPI
O011245,2025-09-23,C00737,East,Patna,Consumer,Completed,Net Banking
O011246,2025-01-15,C00476,East,Kolkata,Home Office,Completed,Net Banking
O011247,2025-03-24,C00628,West,Ahmedabad,Corporate,Completed,Credit Card
O011248,2023-01-10,C00602,East,Guwahati,Corporate,Completed,Wallet
O011249,2025-06-08,C00570,East,Bhubaneswar,Home Office,Completed,UPI
O011250,2023-03-11,C00624,South,Hyderabad,Consumer,Completed,Debit Card
O011251,2024-12-02,C00338,East,Patna,Consumer,Completed,Credit Card
O011252,2024-03-29,C00435,North,Lucknow,Consumer,Completed,Wallet
O011253,2024-05-18,C00334,South,Chennai,Consumer,Completed,Debit Card
O011254,2025-03-23,C00001,North,Delhi,Consumer,Completed,Debit Card
O011255,2024-03-02,C00663,South,Bengaluru,Consumer,Completed,Wallet
O011256,2023-05-22,C00335,South,Bengaluru,Consumer,Completed,Debit Card
O011257,2023-01-07,C00443,East,Kolkata,Consumer,Completed,Wallet
O011258,2023-12-28,C00409,East,Bhubaneswar,Consumer,Completed,Wallet
O011259,2024-06-27,C00612,East,Guwahati,Corporate,Completed,Wallet
O011260,2024-07-12,C00366,North,Chandigarh,Consumer,Returned,Credit Card
O011261,2023-04-01,C00404,North,Jaipur,Consumer,Completed,Net Banking
O011262,2025-08-17,C00129,East,Kolkata,Consumer,Completed,Credit Card
O011263,2023-11-29,C00351,North,Chandigarh,Consumer,Completed,Credit Card
O011264,2024-03-30,C00392,West,Surat,Home Office,Completed,Net Banking
O011265,2023-12-19,C00591,East,Kolkata,Consumer,Completed,Debit Card
O011266,2025-01-19,C00720,East,Bhubaneswar,Consumer,Completed,Credit Card
O011267,2025-06-17,C00193,North,Jaipur,Consumer,Completed,Net Banking
O011268,2025-08-16,C00519,North,Delhi,Consumer,Completed,Net Banking
O011269,2024-11-06,C00232,North,Delhi,Consumer,Completed,Credit Card
O011270,2023-07-05,C00190,West,Mumbai,Home Office,Completed,Debit Card
O011271,2025-11-12,C00186,North,Delhi,Consumer,Completed,UPI
O011272,2023-10-31,C00147,North,Chandigarh,Home Office,Completed,Debit Card
O011273,2023-10-30,C00171,North,Lucknow,Consumer,Completed,Credit Card
O011274,2024-08-07,C00564,East,Kolkata,Consumer,Completed,UPI
O011275,2024-02-07,C00541,North,Delhi,Consumer,Completed,Credit Card
O011276,2023-03-04,C00404,North,Jaipur,Consumer,Completed,UPI
O011277,2023-01-25,C00197,West,Pune,Consumer,Completed,Net Banking
O011278,2024-01-14,C00505,West,Pune,Home Office,Completed,Wallet
O011279,2023-05-27,C00184,North,Jaipur,Consumer,Completed,Debit Card
O011280,2025-08-15,C00207,North,Jaipur,Consumer,Completed,Wallet
O011281,2024-06-23,C00398,South,Kochi,Corporate,Completed,Net Banking
O011282,2023-10-26,C00179,East,Guwahati,Home Office,Completed,Debit Card
O011283,2023-11-30,C00435,North,Lucknow,Consumer,Returned,Net Banking
O011284,2024-05-27,C00029,North,Chandigarh,Corporate,Returned,Net Banking
O011285,2023-07-11,C00218,East,Kolkata,Corporate,Completed,Wallet
O011286,2023-08-13,C00047,West,Surat,Corporate,Completed,Credit Card
O011287,2024-06-24,C00736,South,Kochi,Corporate,Completed,Net Banking
O011288,2024-08-11,C00325,North,Lucknow,Home Office,Completed,Debit Card
O011289,2025-04-03,C00180,East,Guwahati,Consumer,Completed,Credit Card
O011290,2024-07-26,C00579,West,Mumbai,Consumer,Completed,Net Banking
O011291,2023-08-18,C00617,East,Kolkata,Consumer,Completed,Debit Card
O011292,2025-09-11,C00716,North,Chandigarh,Corporate,Completed,Wallet
O011293,2024-08-14,C00137,North,Chandigarh,Consumer,Completed,Debit Card
O011294,2024-04-01,C00514,North,Chandigarh,Corporate,Completed,Debit Card
O011295,2024-07-10,C00653,West,Mumbai,Consumer,Completed,Wallet
O011296,2023-09-08,C00067,North,Chandigarh,Corporate,Completed,Wallet
O011297,2024-11-05,C00651,West,Surat,Consumer,Completed,Wallet
O011298,2025-06-17,C00350,East,Patna,Consumer,Completed,Wallet
O011299,2023-08-20,C00519,North,Delhi,Consumer,Completed,Net Banking
O011300,2023-08-29,C00412,South,Kochi,Home Office,Completed,Wallet
O011301,2025-05-22,C00087,South,Kochi,Home Office,Returned,Net Banking
O011302,2025-11-19,C00696,East,Patna,Consumer,Completed,Credit Card
O011303,2024-09-27,C00117,West,Surat,Consumer,Completed,Wallet
O011304,2025-07-09,C00466,North,Delhi,Consumer,Completed,UPI
O011305,2024-10-09,C00265,East,Guwahati,Consumer,Completed,Net Banking
O011306,2023-10-14,C00097,East,Guwahati,Consumer,Completed,Credit Card
O011307,2023-03-12,C00388,North,Lucknow,Home Office,Completed,Debit Card
O011308,2023-10-13,C00230,South,Chennai,Consumer,Completed,Credit Card
O011309,2025-11-03,C00091,North,Jaipur,Home Office,Completed,Debit Card
O011310,2025-07-25,C00231,South,Bengaluru,Consumer,Completed,Debit Card
O011311,2025-08-20,C00114,West,Surat,Home Office,Completed,Debit Card
O011312,2024-02-08,C00656,North,Lucknow,Consumer,Returned,UPI
O011313,2025-12-27,C00127,South,Chennai,Corporate,Completed,Wallet
O011314,2024-05-29,C00584,East,Guwahati,Consumer,Completed,UPI
O011315,2025-12-30,C00231,South,Bengaluru,Consumer,Completed,Net Banking
O011316,2023-10-08,C00674,North,Delhi,Corporate,Completed,Debit Card
O011317,2024-07-18,C00019,West,Pune,Consumer,Completed,Credit Card
O011318,2025-10-27,C00219,North,Jaipur,Home Office,Completed,Net Banking
O011319,2024-09-23,C00190,West,Mumbai,Home Office,Completed,Debit Card
O011320,2023-10-12,C00660,South,Bengaluru,Consumer,Completed,UPI
O011321,2023-04-18,C00652,West,Ahmedabad,Home Office,Completed,UPI
O011322,2023-11-09,C00230,South,Chennai,Consumer,Completed,Credit Card
O011323,2025-01-10,C00749,North,Lucknow,Consumer,Completed,Debit Card
O011324,2025-03-15,C00202,East,Guwahati,Home Office,Completed,Wallet
O011325,2023-12-09,C00314,North,Chandigarh,Corporate,Completed,Credit Card
O011326,2025-02-04,C00555,South,Hyderabad,Home Office,Completed,UPI
O011327,2024-05-29,C00073,South,Kochi,Home Office,Completed,Credit Card
O011328,2023-01-29,C00435,North,Lucknow,Consumer,Completed,Debit Card
O011329,2023-10-28,C00070,North,Jaipur,Consumer,Completed,Credit Card
O011330,2025-01-16,C00230,South,Chennai,Consumer,Returned,Wallet
O011331,2025-11-09,C00137,North,Chandigarh,Consumer,Completed,Debit Card
O011332,2024-09-04,C00130,South,Kochi,Consumer,Completed,Wallet
O011333,2023-11-14,C00209,South,Hyderabad,Consumer,Completed,UPI
O011334,2025-04-09,C00607,West,Pune,Consumer,Completed,Debit Card
O011335,2025-03-08,C00454,North,Delhi,Home Office,Completed,Net Banking
O011336,2025-05-31,C00450,South,Chennai,Corporate,Completed,Wallet
O011337,2023-10-05,C00601,East,Bhubaneswar,Consumer,Completed,Credit Card
O011338,2024-08-22,C00419,South,Chennai,Home Office,Completed,Debit Card
O011339,2023-06-26,C00087,South,Kochi,Home Office,Completed,Net Banking
O011340,2024-04-01,C00093,East,Kolkata,Consumer,Completed,Wallet
O011341,2024-08-23,C00534,East,Patna,Home Office,Completed,Debit Card
O011342,2023-08-19,C00495,North,Chandigarh,Home Office,Completed,UPI
O011343,2024-06-27,C00084,East,Bhubaneswar,Consumer,Completed,Net Banking
O011344,2023-12-31,C00552,East,Bhubaneswar,Consumer,Completed,Debit Card
O011345,2023-01-18,C00435,North,Lucknow,Consumer,Completed,UPI
O011346,2023-12-21,C00432,South,Kochi,Home Office,Completed,Wallet
O011347,2023-11-23,C00692,North,Chandigarh,Consumer,Completed,Debit Card
O011348,2023-11-03,C00290,West,Mumbai,Consumer,Completed,Credit Card
O011349,2025-02-15,C00224,East,Patna,Home Office,Completed,Wallet
O011350,2025-01-11,C00693,North,Chandigarh,Consumer,Completed,Credit Card
O011351,2024-10-06,C00743,South,Bengaluru,Home Office,Completed,Wallet
O011352,2024-11-23,C00369,East,Patna,Corporate,Completed,UPI
O011353,2023-06-29,C00496,North,Jaipur,Consumer,Completed,UPI
O011354,2023-12-09,C00188,South,Bengaluru,Consumer,Completed,Credit Card
O011355,2023-04-22,C00166,East,Guwahati,Consumer,Completed,Net Banking
O011356,2023-02-14,C00602,East,Guwahati,Corporate,Completed,Wallet
O011357,2023-04-23,C00611,East,Guwahati,Consumer,Completed,Net Banking
O011358,2023-09-30,C00561,East,Kolkata,Consumer,Completed,UPI
O011359,2024-11-24,C00165,East,Guwahati,Corporate,Completed,Credit Card
O011360,2023-07-05,C00659,East,Patna,Home Office,Completed,Debit Card
O011361,2023-07-04,C00736,South,Kochi,Corporate,Completed,Net Banking
O011362,2023-10-20,C00156,East,Bhubaneswar,Consumer,Completed,Net Banking
O011363,2023-05-24,C00701,South,Bengaluru,Consumer,Returned,UPI
O011364,2025-01-13,C00311,East,Guwahati,Consumer,Completed,Debit Card
O011365,2024-09-14,C00101,North,Delhi,Corporate,Completed,Wallet
O011366,2024-12-02,C00564,East,Kolkata,Consumer,Completed,Credit Card
O011367,2025-07-12,C00425,West,Mumbai,Consumer,Completed,Debit Card
O011368,2025-01-23,C00110,North,Jaipur,Consumer,Completed,Credit Card
O011369,2025-05-27,C00201,North,Jaipur,Consumer,Completed,Net Banking
O011370,2023-02-27,C00635,East,Patna,Corporate,Completed,UPI
O011371,2023-09-22,C00530,North,Chandigarh,Consumer,Completed,Net Banking
O011372,2025-11-19,C00273,West,Ahmedabad,Consumer,Completed,Credit Card
O011373,2025-03-05,C00196,South,Bengaluru,Consumer,Completed,UPI
O011374,2023-12-17,C00458,West,Surat,Consumer,Completed,Credit Card
O011375,2024-11-03,C00348,West,Surat,Consumer,Completed,Credit Card
O011376,2023-11-16,C00130,South,Kochi,Consumer,Returned,Credit Card
O011377,2023-08-05,C00540,East,Bhubaneswar,Consumer,Completed,UPI
O011378,2023-03-13,C00525,East,Patna,Corporate,Completed,Debit Card
O011379,2023-03-28,C00439,East,Guwahati,Corporate,Returned,Credit Card
O011380,2025-11-06,C00104,North,Jaipur,Home Office,Completed,UPI
O011381,2024-03-27,C00144,East,Guwahati,Consumer,Completed,Credit Card
O011382,2023-09-21,C00054,East,Bhubaneswar,Consumer,Completed,Net Banking
O011383,2024-07-19,C00727,East,Patna,Home Office,Completed,Wallet
O011384,2023-01-04,C00369,East,Patna,Corporate,Completed,Wallet
O011385,2024-05-25,C00114,West,Surat,Home Office,Completed,Net Banking
O011386,2023-01-05,C00270,East,Guwahati,Home Office,Completed,Credit Card
O011387,2025-06-25,C00613,North,Chandigarh,Consumer,Completed,UPI
O011388,2024-07-08,C00496,North,Jaipur,Consumer,Completed,Wallet
O011389,2023-06-16,C00503,North,Lucknow,Consumer,Completed,Credit Card
O011390,2023-05-04,C00522,North,Chandigarh,Consumer,Completed,UPI
O011391,2024-09-24,C00413,East,Patna,Corporate,Completed,Debit Card
O011392,2023-04-06,C00042,East,Guwahati,Consumer,Completed,UPI
O011393,2023-07-21,C00560,East,Kolkata,Corporate,Completed,Net Banking
O011394,2023-02-26,C00011,North,Chandigarh,Corporate,Completed,Credit Card
O011395,2024-10-20,C00423,North,Jaipur,Consumer,Completed,Credit Card
O011396,2024-05-19,C00476,East,Kolkata,Home Office,Completed,Net Banking
O011397,2024-12-13,C00194,West,Pune,Consumer,Completed,Debit Card
O011398,2024-01-11,C00267,West,Pune,Home Office,Completed,Debit Card
O011399,2025-03-27,C00178,East,Bhubaneswar,Home Office,Completed,Debit Card
O011400,2025-12-27,C00560,East,Kolkata,Corporate,Completed,Wallet
O011401,2024-05-10,C00423,North,Jaipur,Consumer,Completed,Net Banking
O011402,2023-10-19,C00512,South,Hyderabad,Home Office,Completed,UPI
O011403,2024-10-18,C00285,West,Pune,Consumer,Completed,UPI
O011404,2023-06-22,C00572,West,Surat,Consumer,Completed,Credit Card
O011405,2023-03-08,C00183,South,Kochi,Consumer,Completed,Debit Card
O011406,2024-12-28,C00430,East,Patna,Consumer,Completed,UPI
O011407,2023-10-27,C00091,North,Jaipur,Home Office,Completed,Debit Card
O011408,2023-01-17,C00496,North,Jaipur,Consumer,Completed,Credit Card
O011409,2023-09-21,C00545,South,Hyderabad,Consumer,Returned,Debit Card
O011410,2024-06-28,C00394,East,Guwahati,Consumer,Completed,Debit Card
O011411,2023-09-16,C00728,West,Mumbai,Corporate,Completed,Credit Card
O011412,2025-04-21,C00690,South,Chennai,Consumer,Completed,UPI
O011413,2024-02-19,C00717,South,Bengaluru,Consumer,Completed,Credit Card
O011414,2025-08-11,C00496,North,Jaipur,Consumer,Completed,Debit Card
O011415,2023-01-28,C00380,West,Mumbai,Home Office,Completed,Credit Card
O011416,2025-08-17,C00374,South,Kochi,Consumer,Completed,Net Banking
O011417,2024-03-27,C00218,East,Kolkata,Corporate,Completed,Wallet
O011418,2025-07-13,C00108,East,Kolkata,Corporate,Completed,Wallet
O011419,2024-11-08,C00037,West,Surat,Consumer,Completed,Net Banking
O011420,2024-07-17,C00381,South,Hyderabad,Home Office,Completed,Net Banking
O011421,2023-06-14,C00633,East,Patna,Corporate,Completed,UPI
O011422,2025-09-24,C00063,East,Kolkata,Corporate,Completed,Credit Card
O011423,2023-07-31,C00194,West,Pune,Consumer,Cancelled,Debit Card
O011424,2025-05-06,C00722,East,Guwahati,Consumer,Returned,Credit Card
O011425,2023-08-03,C00156,East,Bhubaneswar,Consumer,Completed,Net Banking
O011426,2024-05-27,C00623,East,Bhubaneswar,Corporate,Completed,Wallet
O011427,2023-08-10,C00296,East,Guwahati,Consumer,Completed,UPI
O011428,2025-02-03,C00574,South,Hyderabad,Consumer,Completed,Wallet
O011429,2024-01-11,C00288,South,Kochi,Consumer,Completed,UPI
O011430,2025-06-15,C00246,East,Guwahati,Consumer,Completed,Debit Card
O011431,2024-04-16,C00055,South,Hyderabad,Consumer,Completed,Wallet
O011432,2025-05-08,C00503,North,Lucknow,Consumer,Completed,Wallet
O011433,2025-03-05,C00369,East,Patna,Corporate,Completed,Credit Card
O011434,2024-07-30,C00143,North,Lucknow,Consumer,Completed,Credit Card
O011435,2024-09-10,C00465,West,Ahmedabad,Consumer,Completed,UPI
O011436,2024-06-08,C00638,North,Jaipur,Corporate,Completed,Wallet
O011437,2023-02-17,C00087,South,Kochi,Home Office,Completed,Wallet
O011438,2024-06-20,C00295,South,Bengaluru,Corporate,Completed,Net Banking
O011439,2023-09-16,C00254,South,Bengaluru,Consumer,Completed,Credit Card
O011440,2025-06-30,C00476,East,Kolkata,Home Office,Completed,Debit Card
O011441,2025-06-13,C00359,West,Surat,Home Office,Completed,UPI
O011442,2024-11-03,C00594,West,Mumbai,Consumer,Completed,Credit Card
O011443,2025-11-10,C00690,South,Chennai,Consumer,Completed,Debit Card
O011444,2023-12-02,C00354,North,Chandigarh,Home Office,Completed,Credit Card
O011445,2024-09-06,C00197,West,Pune,Consumer,Completed,UPI
O011446,2025-03-19,C00292,West,Mumbai,Corporate,Completed,Wallet
O011447,2023-05-11,C00460,South,Bengaluru,Consumer,Completed,UPI
O011448,2025-03-26,C00255,East,Guwahati,Consumer,Completed,Wallet
O011449,2023-08-07,C00372,West,Surat,Consumer,Completed,UPI
O011450,2024-06-27,C00564,East,Kolkata,Consumer,Completed,Wallet
O011451,2023-07-31,C00280,South,Hyderabad,Home Office,Completed,Credit Card
O011452,2025-07-22,C00699,West,Ahmedabad,Consumer,Returned,Wallet
O011453,2024-02-04,C00193,North,Jaipur,Consumer,Completed,Net Banking
O011454,2025-08-21,C00436,East,Kolkata,Home Office,Completed,Wallet
O011455,2024-03-27,C00476,East,Kolkata,Home Office,Completed,Net Banking
O011456,2024-11-30,C00213,West,Surat,Consumer,Completed,Credit Card
O011457,2025-06-15,C00339,South,Kochi,Consumer,Completed,Credit Card
O011458,2024-11-19,C00206,East,Bhubaneswar,Corporate,Completed,Wallet
O011459,2023-09-01,C00480,South,Bengaluru,Consumer,Completed,Debit Card
O011460,2023-12-17,C00592,West,Pune,Corporate,Completed,UPI
O011461,2024-10-29,C00221,South,Bengaluru,Corporate,Completed,Debit Card
O011462,2023-04-23,C00317,West,Pune,Consumer,Completed,UPI
O011463,2024-06-06,C00013,North,Delhi,Consumer,Completed,Wallet
O011464,2025-12-30,C00386,North,Jaipur,Corporate,Completed,Net Banking
O011465,2025-02-22,C00098,East,Patna,Home Office,Completed,Wallet
O011466,2025-11-08,C00288,South,Kochi,Consumer,Completed,Credit Card
O011467,2024-07-02,C00156,East,Bhubaneswar,Consumer,Completed,Debit Card
O011468,2024-07-26,C00488,West,Ahmedabad,Home Office,Completed,Wallet
O011469,2025-10-09,C00070,North,Jaipur,Consumer,Completed,Debit Card
O011470,2023-07-15,C00378,West,Pune,Home Office,Completed,UPI
O011471,2025-12-07,C00586,West,Ahmedabad,Consumer,Completed,Wallet
O011472,2023-10-15,C00036,West,Surat,Consumer,Completed,Wallet
O011473,2023-11-01,C00322,South,Bengaluru,Consumer,Completed,UPI
O011474,2025-02-13,C00575,West,Ahmedabad,Home Office,Completed,Wallet
O011475,2025-07-01,C00504,East,Patna,Consumer,Returned,Net Banking
O011476,2023-02-17,C00607,West,Pune,Consumer,Completed,Debit Card
O011477,2025-12-27,C00745,North,Chandigarh,Consumer,Completed,UPI
O011478,2023-03-21,C00548,East,Bhubaneswar,Consumer,Completed,Wallet
O011479,2025-05-27,C00369,East,Patna,Corporate,Completed,Debit Card
O011480,2024-06-23,C00736,South,Kochi,Corporate,Completed,UPI
O011481,2025-05-03,C00036,West,Surat,Consumer,Completed,Credit Card
O011482,2023-11-19,C00216,South,Chennai,Corporate,Completed,Debit Card
O011483,2023-08-19,C00439,East,Guwahati,Corporate,Completed,UPI
O011484,2024-05-28,C00117,West,Surat,Consumer,Completed,Net Banking
O011485,2023-10-12,C00290,West,Mumbai,Consumer,Completed,Debit Card
O011486,2023-01-09,C00572,West,Surat,Consumer,Completed,Wallet
O011487,2024-08-30,C00532,South,Hyderabad,Consumer,Completed,Net Banking
O011488,2024-08-29,C00109,West,Mumbai,Consumer,Completed,UPI
O011489,2025-03-28,C00392,West,Surat,Home Office,Completed,UPI
O011490,2025-06-13,C00186,North,Delhi,Consumer,Completed,UPI
O011491,2025-10-26,C00048,West,Pune,Home Office,Completed,Debit Card
O011492,2023-11-23,C00656,North,Lucknow,Consumer,Completed,Credit Card
O011493,2025-01-29,C00385,East,Patna,Consumer,Completed,Wallet
O011494,2023-09-19,C00202,East,Guwahati,Home Office,Completed,UPI
O011495,2025-06-27,C00529,South,Hyderabad,Home Office,Completed,Credit Card
O011496,2023-03-19,C00729,West,Ahmedabad,Consumer,Completed,Wallet
O011497,2024-09-04,C00146,West,Pune,Consumer,Completed,Credit Card
O011498,2024-06-04,C00424,South,Chennai,Home Office,Completed,Net Banking
O011499,2024-02-17,C00396,West,Mumbai,Corporate,Completed,UPI
O011500,2023-12-25,C00060,West,Surat,Corporate,Completed,UPI
O011501,2024-07-10,C00566,North,Lucknow,Home Office,Completed,Wallet
O011502,2023-11-01,C00215,East,Kolkata,Consumer,Completed,Credit Card
O011503,2023-05-24,C00260,East,Bhubaneswar,Home Office,Completed,Debit Card
O011504,2024-05-08,C00633,East,Patna,Corporate,Returned,Credit Card
O011505,2023-02-06,C00716,North,Chandigarh,Corporate,Completed,Wallet
O011506,2023-07-20,C00498,North,Lucknow,Consumer,Completed,Wallet
O011507,2023-10-12,C00402,West,Ahmedabad,Consumer,Returned,Credit Card
O011508,2023-12-31,C00191,North,Lucknow,Home Office,Completed,Debit Card
O011509,2025-01-18,C00612,East,Guwahati,Corporate,Completed,UPI
O011510,2024-09-25,C00307,East,Patna,Consumer,Completed,UPI
O011511,2024-07-19,C00475,North,Chandigarh,Consumer,Returned,Net Banking
O011512,2025-05-07,C00333,East,Kolkata,Corporate,Completed,Wallet
O011513,2023-07-22,C00700,East,Patna,Home Office,Completed,Wallet
O011514,2023-04-07,C00465,West,Ahmedabad,Consumer,Completed,Net Banking
O011515,2023-04-20,C00442,North,Jaipur,Corporate,Completed,Credit Card
O011516,2023-12-30,C00304,North,Delhi,Home Office,Completed,Credit Card
O011517,2023-08-29,C00721,West,Pune,Consumer,Completed,Debit Card
O011518,2023-09-08,C00167,South,Chennai,Home Office,Completed,Credit Card
O011519,2024-11-09,C00650,South,Kochi,Consumer,Completed,Debit Card
O011520,2023-03-29,C00220,South,Chennai,Consumer,Completed,Net Banking
O011521,2024-04-06,C00098,East,Patna,Home Office,Completed,Net Banking
O011522,2023-08-28,C00084,East,Bhubaneswar,Consumer,Completed,Net Banking
O011523,2025-12-20,C00419,South,Chennai,Home Office,Completed,Net Banking
O011524,2025-06-07,C00180,East,Guwahati,Consumer,Completed,UPI
O011525,2023-12-19,C00120,East,Kolkata,Corporate,Completed,Wallet
O011526,2023-03-15,C00009,East,Bhubaneswar,Consumer,Completed,UPI
O011527,2025-01-09,C00592,West,Pune,Corporate,Completed,Wallet
O011528,2025-12-13,C00113,South,Hyderabad,Consumer,Completed,Credit Card
O011529,2024-06-23,C00029,North,Chandigarh,Corporate,Completed,UPI
O011530,2025-01-08,C00438,West,Ahmedabad,Consumer,Completed,UPI
O011531,2025-01-04,C00535,East,Kolkata,Home Office,Completed,Net Banking
O011532,2023-10-30,C00109,West,Mumbai,Consumer,Completed,UPI
O011533,2024-07-05,C00287,West,Mumbai,Consumer,Completed,Debit Card
O011534,2024-11-20,C00274,South,Hyderabad,Corporate,Completed,UPI
O011535,2023-08-11,C00616,North,Delhi,Corporate,Completed,Net Banking
O011536,2023-12-17,C00232,North,Delhi,Consumer,Completed,Credit Card
O011537,2025-12-20,C00435,North,Lucknow,Consumer,Completed,Wallet
O011538,2023-05-07,C00608,South,Bengaluru,Corporate,Completed,Wallet
O011539,2025-02-06,C00412,South,Kochi,Home Office,Completed,UPI
O011540,2023-03-01,C00347,West,Ahmedabad,Consumer,Completed,Wallet
O011541,2024-10-22,C00648,North,Delhi,Corporate,Completed,Wallet
O011542,2024-07-28,C00334,South,Chennai,Consumer,Completed,Wallet
O011543,2025-01-18,C00594,West,Mumbai,Consumer,Completed,UPI
O011544,2023-06-13,C00041,South,Kochi,Corporate,Completed,Net Banking
O011545,2024-07-29,C00243,East,Patna,Home Office,Completed,Debit Card
O011546,2023-08-02,C00236,East,Patna,Consumer,Completed,Credit Card
O011547,2025-11-06,C00553,East,Patna,Consumer,Completed,Debit Card
O011548,2025-01-01,C00051,North,Chandigarh,Home Office,Completed,Net Banking
O011549,2023-09-08,C00377,West,Ahmedabad,Consumer,Completed,Debit Card
O011550,2023-05-12,C00462,South,Hyderabad,Home Office,Completed,Debit Card
O011551,2025-08-15,C00162,West,Ahmedabad,Corporate,Completed,UPI
O011552,2024-01-25,C00254,South,Bengaluru,Consumer,Completed,Net Banking
O011553,2024-02-03,C00069,South,Chennai,Home Office,Completed,Wallet
O011554,2025-09-02,C00231,South,Bengaluru,Consumer,Completed,Net Banking
O011555,2025-05-05,C00682,North,Jaipur,Consumer,Completed,Credit Card
O011556,2024-03-16,C00403,East,Guwahati,Consumer,Completed,UPI
O011557,2023-11-23,C00693,North,Chandigarh,Consumer,Completed,Credit Card
O011558,2025-06-03,C00023,North,Jaipur,Home Office,Completed,Net Banking
O011559,2024-05-17,C00534,East,Patna,Home Office,Completed,UPI
O011560,2025-03-30,C00484,West,Mumbai,Consumer,Completed,Credit Card
O011561,2024-09-06,C00571,West,Mumbai,Consumer,Completed,Net Banking
O011562,2025-04-16,C00643,West,Pune,Consumer,Completed,UPI
O011563,2025-07-05,C00338,East,Patna,Consumer,Completed,UPI
O011564,2025-02-06,C00242,West,Pune,Corporate,Completed,Debit Card
O011565,2025-08-09,C00599,North,Lucknow,Consumer,Completed,Wallet
O011566,2023-02-20,C00458,West,Surat,Consumer,Completed,Wallet
O011567,2024-05-04,C00247,South,Chennai,Corporate,Completed,Wallet
O011568,2024-03-04,C00045,West,Mumbai,Home Office,Completed,Net Banking
O011569,2023-11-13,C00465,West,Ahmedabad,Consumer,Completed,Debit Card
O011570,2024-10-05,C00290,West,Mumbai,Consumer,Completed,Credit Card
O011571,2024-02-17,C00104,North,Jaipur,Home Office,Completed,Wallet
O011572,2023-09-08,C00592,West,Pune,Corporate,Completed,Credit Card
O011573,2023-07-30,C00566,North,Lucknow,Home Office,Completed,Debit Card
O011574,2023-03-12,C00210,North,Chandigarh,Consumer,Completed,Debit Card
O011575,2023-03-17,C00132,North,Delhi,Consumer,Completed,UPI
O011576,2024-10-15,C00743,South,Bengaluru,Home Office,Completed,Wallet
O011577,2025-02-26,C00720,East,Bhubaneswar,Consumer,Completed,UPI
O011578,2023-01-31,C00165,East,Guwahati,Corporate,Completed,Credit Card
O011579,2023-06-12,C00147,North,Chandigarh,Home Office,Completed,Wallet
O011580,2024-01-01,C00278,West,Ahmedabad,Corporate,Completed,Wallet
O011581,2023-10-14,C00055,South,Hyderabad,Consumer,Completed,Wallet
O011582,2025-12-29,C00656,North,Lucknow,Consumer,Completed,Wallet
O011583,2024-01-06,C00394,East,Guwahati,Consumer,Completed,UPI
O011584,2024-01-21,C00031,North,Lucknow,Consumer,Completed,Credit Card
O011585,2024-03-01,C00739,South,Bengaluru,Corporate,Completed,Net Banking
O011586,2024-12-09,C00094,East,Kolkata,Consumer,Completed,Debit Card
O011587,2024-02-19,C00535,East,Kolkata,Home Office,Completed,Credit Card
O011588,2023-10-25,C00428,South,Chennai,Corporate,Completed,Net Banking
O011589,2023-07-08,C00261,North,Chandigarh,Consumer,Completed,Credit Card
O011590,2023-07-22,C00070,North,Jaipur,Consumer,Completed,Net Banking
O011591,2025-02-20,C00620,North,Jaipur,Consumer,Completed,Wallet
O011592,2024-02-06,C00508,North,Delhi,Consumer,Completed,Debit Card
O011593,2023-11-29,C00119,East,Kolkata,Consumer,Completed,UPI
O011594,2025-05-08,C00300,East,Bhubaneswar,Consumer,Completed,Net Banking
O011595,2023-10-11,C00145,East,Patna,Consumer,Completed,UPI
O011596,2025-01-31,C00335,South,Bengaluru,Consumer,Completed,Net Banking
O011597,2024-05-17,C00065,East,Kolkata,Home Office,Completed,Net Banking
O011598,2023-06-10,C00565,East,Kolkata,Consumer,Completed,Credit Card
O011599,2024-03-19,C00129,East,Kolkata,Consumer,Completed,UPI
O011600,2024-04-11,C00186,North,Delhi,Consumer,Completed,Debit Card
O011601,2023-08-19,C00069,South,Chennai,Home Office,Completed,Credit Card
O011602,2024-09-04,C00245,West,Mumbai,Consumer,Completed,UPI
O011603,2024-11-21,C00093,East,Kolkata,Consumer,Completed,Wallet
O011604,2023-02-03,C00608,South,Bengaluru,Corporate,Completed,Net Banking
O011605,2024-10-04,C00667,West,Surat,Corporate,Completed,Wallet
O011606,2024-08-26,C00527,West,Ahmedabad,Consumer,Completed,UPI
O011607,2023-10-22,C00177,North,Delhi,Consumer,Returned,Net Banking
O011608,2024-12-24,C00499,North,Delhi,Home Office,Completed,Credit Card
O011609,2023-05-15,C00509,South,Bengaluru,Corporate,Completed,Debit Card
O011610,2025-04-26,C00413,East,Patna,Corporate,Completed,Net Banking
O011611,2025-08-08,C00424,South,Chennai,Home Office,Returned,Wallet
O011612,2025-03-02,C00053,West,Surat,Home Office,Completed,Debit Card
O011613,2025-06-03,C00637,East,Kolkata,Home Office,Completed,Debit Card
O011614,2024-10-06,C00575,West,Ahmedabad,Home Office,Completed,Wallet
O011615,2023-05-12,C00084,East,Bhubaneswar,Consumer,Completed,Credit Card
O011616,2025-06-19,C00260,East,Bhubaneswar,Home Office,Completed,Debit Card
O011617,2023-04-20,C00749,North,Lucknow,Consumer,Completed,Credit Card
O011618,2023-06-29,C00427,South,Chennai,Home Office,Completed,Credit Card
O011619,2025-06-25,C00595,South,Chennai,Corporate,Completed,Credit Card
O011620,2024-08-23,C00429,North,Delhi,Consumer,Completed,UPI
O011621,2025-06-18,C00655,North,Lucknow,Consumer,Returned,Credit Card
O011622,2023-03-04,C00517,North,Jaipur,Home Office,Completed,UPI
O011623,2025-08-19,C00369,East,Patna,Corporate,Completed,Debit Card
O011624,2024-07-23,C00276,North,Chandigarh,Consumer,Completed,Net Banking
O011625,2024-07-30,C00226,South,Bengaluru,Corporate,Completed,Wallet
O011626,2023-01-25,C00511,West,Surat,Consumer,Completed,Debit Card
O011627,2023-11-11,C00643,West,Pune,Consumer,Completed,Credit Card
O011628,2023-10-15,C00544,East,Kolkata,Consumer,Completed,UPI
O011629,2023-06-22,C00279,South,Hyderabad,Home Office,Completed,Net Banking
O011630,2023-12-18,C00063,East,Kolkata,Corporate,Completed,Wallet
O011631,2023-03-29,C00243,East,Patna,Home Office,Completed,Credit Card
O011632,2024-09-11,C00528,East,Kolkata,Consumer,Completed,Credit Card
O011633,2025-09-26,C00644,South,Kochi,Consumer,Completed,UPI
O011634,2024-04-14,C00638,North,Jaipur,Corporate,Completed,Debit Card
O011635,2025-01-23,C00638,North,Jaipur,Corporate,Completed,Net Banking
O011636,2024-04-27,C00624,South,Hyderabad,Consumer,Completed,Debit Card
O011637,2025-07-12,C00220,South,Chennai,Consumer,Completed,Credit Card
O011638,2024-03-15,C00567,West,Ahmedabad,Consumer,Completed,Net Banking
O011639,2024-02-02,C00584,East,Guwahati,Consumer,Completed,UPI
O011640,2025-02-23,C00106,North,Jaipur,Corporate,Completed,UPI
O011641,2025-07-25,C00617,East,Kolkata,Consumer,Completed,Credit Card
O011642,2023-08-01,C00669,West,Pune,Home Office,Returned,Wallet
O011643,2025-04-15,C00324,South,Kochi,Consumer,Cancelled,UPI
O011644,2025-12-16,C00189,West,Pune,Consumer,Completed,Wallet
O011645,2023-08-12,C00438,West,Ahmedabad,Consumer,Completed,Net Banking
O011646,2025-04-02,C00653,West,Mumbai,Consumer,Cancelled,UPI
O011647,2024-02-27,C00128,West,Mumbai,Consumer,Completed,Net Banking
O011648,2025-12-12,C00072,South,Hyderabad,Consumer,Completed,Credit Card
O011649,2023-11-28,C00219,North,Jaipur,Home Office,Completed,Debit Card
O011650,2025-09-13,C00520,North,Lucknow,Consumer,Completed,Credit Card
O011651,2024-10-20,C00500,South,Kochi,Consumer,Completed,UPI
O011652,2023-07-08,C00273,West,Ahmedabad,Consumer,Completed,Net Banking
O011653,2025-06-03,C00511,West,Surat,Consumer,Completed,Credit Card
O011654,2025-09-05,C00005,East,Patna,Consumer,Completed,Net Banking
O011655,2024-02-23,C00113,South,Hyderabad,Consumer,Completed,Wallet
O011656,2024-01-24,C00376,East,Guwahati,Consumer,Completed,Debit Card
O011657,2025-11-15,C00235,East,Kolkata,Corporate,Completed,Credit Card
O011658,2025-01-18,C00016,West,Ahmedabad,Consumer,Completed,Net Banking
O011659,2023-11-14,C00687,South,Hyderabad,Corporate,Completed,Wallet
O011660,2025-05-06,C00720,East,Bhubaneswar,Consumer,Completed,Credit Card
O011661,2025-09-29,C00403,East,Guwahati,Consumer,Completed,Net Banking
O011662,2023-12-25,C00404,North,Jaipur,Consumer,Completed,Credit Card
O011663,2024-07-30,C00713,North,Jaipur,Consumer,Completed,Net Banking
O011664,2025-01-16,C00446,North,Chandigarh,Consumer,Completed,UPI
O011665,2024-04-06,C00147,North,Chandigarh,Home Office,Completed,Credit Card
O011666,2024-06-10,C00023,North,Jaipur,Home Office,Completed,Credit Card
O011667,2025-07-02,C00428,South,Chennai,Corporate,Completed,Wallet
O011668,2023-11-11,C00428,South,Chennai,Corporate,Completed,UPI
O011669,2025-04-20,C00651,West,Surat,Consumer,Completed,UPI
O011670,2024-10-14,C00285,West,Pune,Consumer,Completed,Credit Card
O011671,2023-01-03,C00288,South,Kochi,Consumer,Completed,Credit Card
O011672,2023-03-29,C00051,North,Chandigarh,Home Office,Completed,UPI
O011673,2024-02-24,C00448,North,Delhi,Consumer,Completed,UPI
O011674,2023-12-01,C00361,East,Patna,Consumer,Completed,Debit Card
O011675,2025-04-18,C00361,East,Patna,Consumer,Completed,Debit Card
O011676,2025-01-08,C00467,North,Jaipur,Corporate,Completed,Credit Card
O011677,2025-03-27,C00566,North,Lucknow,Home Office,Completed,Credit Card
O011678,2024-09-07,C00576,North,Delhi,Consumer,Completed,Credit Card
O011679,2025-08-30,C00027,South,Kochi,Consumer,Completed,Wallet
O011680,2025-02-15,C00489,West,Surat,Consumer,Completed,Net Banking
O011681,2023-08-30,C00101,North,Delhi,Corporate,Completed,Credit Card
O011682,2025-08-28,C00681,West,Surat,Corporate,Completed,Debit Card
O011683,2024-02-14,C00258,North,Lucknow,Consumer,Completed,UPI
O011684,2025-07-13,C00426,West,Pune,Corporate,Completed,Net Banking
O011685,2023-11-30,C00579,West,Mumbai,Consumer,Completed,UPI
O011686,2025-09-21,C00670,North,Jaipur,Consumer,Completed,UPI
O011687,2025-07-31,C00616,North,Delhi,Corporate,Completed,Debit Card
O011688,2023-08-29,C00725,East,Bhubaneswar,Consumer,Completed,Wallet
O011689,2025-09-16,C00708,North,Chandigarh,Corporate,Completed,Net Banking
O011690,2024-06-16,C00171,North,Lucknow,Consumer,Completed,UPI
O011691,2025-02-23,C00344,East,Kolkata,Consumer,Completed,Net Banking
O011692,2023-03-29,C00722,East,Guwahati,Consumer,Completed,Wallet
O011693,2025-01-27,C00456,North,Delhi,Consumer,Completed,Credit Card
O011694,2023-11-06,C00403,East,Guwahati,Consumer,Completed,Net Banking
O011695,2025-04-11,C00040,North,Chandigarh,Consumer,Returned,Debit Card
O011696,2025-04-18,C00207,North,Jaipur,Consumer,Completed,Debit Card
O011697,2025-01-30,C00045,West,Mumbai,Home Office,Completed,Wallet
O011698,2025-01-23,C00036,West,Surat,Consumer,Returned,UPI
O011699,2024-12-15,C00387,North,Delhi,Corporate,Completed,Net Banking
O011700,2023-10-10,C00584,East,Guwahati,Consumer,Completed,Debit Card
O011701,2024-07-18,C00691,North,Delhi,Consumer,Completed,Debit Card
O011702,2024-07-28,C00557,East,Kolkata,Home Office,Completed,Net Banking
O011703,2023-01-26,C00723,South,Bengaluru,Consumer,Completed,Net Banking
O011704,2024-02-21,C00704,East,Kolkata,Consumer,Returned,Wallet
O011705,2023-07-21,C00500,South,Kochi,Consumer,Completed,Net Banking
O011706,2025-03-23,C00337,East,Bhubaneswar,Consumer,Completed,Debit Card
O011707,2023-03-02,C00438,West,Ahmedabad,Consumer,Completed,UPI
O011708,2025-12-11,C00206,East,Bhubaneswar,Corporate,Completed,Net Banking
O011709,2023-04-19,C00644,South,Kochi,Consumer,Completed,Net Banking
O011710,2025-02-21,C00554,West,Mumbai,Consumer,Completed,UPI
O011711,2023-12-07,C00426,West,Pune,Corporate,Completed,UPI
O011712,2023-02-14,C00718,North,Delhi,Corporate,Completed,Credit Card
O011713,2024-08-01,C00508,North,Delhi,Consumer,Completed,Net Banking
O011714,2023-09-19,C00226,South,Bengaluru,Corporate,Completed,UPI
O011715,2024-12-22,C00274,South,Hyderabad,Corporate,Completed,UPI
O011716,2024-10-14,C00367,East,Kolkata,Consumer,Completed,Credit Card
O011717,2025-10-26,C00436,East,Kolkata,Home Office,Completed,Debit Card
O011718,2025-02-22,C00451,West,Mumbai,Home Office,Completed,Wallet
O011719,2023-08-24,C00334,South,Chennai,Consumer,Completed,UPI
O011720,2023-01-09,C00568,South,Bengaluru,Consumer,Completed,Wallet
O011721,2024-09-04,C00152,East,Guwahati,Corporate,Completed,Wallet
O011722,2024-08-01,C00431,East,Guwahati,Home Office,Completed,UPI
O011723,2024-01-14,C00649,South,Kochi,Home Office,Completed,Credit Card
O011724,2024-10-31,C00190,West,Mumbai,Home Office,Completed,Net Banking
O011725,2024-01-24,C00630,South,Bengaluru,Consumer,Completed,Wallet
O011726,2025-08-11,C00196,South,Bengaluru,Consumer,Completed,Net Banking
O011727,2025-08-16,C00300,East,Bhubaneswar,Consumer,Completed,Credit Card
O011728,2024-01-21,C00443,East,Kolkata,Consumer,Completed,Wallet
O011729,2023-05-07,C00406,South,Chennai,Consumer,Completed,Net Banking
O011730,2024-09-25,C00324,South,Kochi,Consumer,Completed,Wallet
O011731,2023-07-02,C00646,East,Patna,Consumer,Completed,Credit Card
O011732,2023-10-22,C00655,North,Lucknow,Consumer,Completed,Credit Card
O011733,2023-09-12,C00149,South,Bengaluru,Corporate,Completed,Wallet
O011734,2025-03-03,C00661,West,Surat,Consumer,Completed,Wallet
O011735,2024-10-25,C00021,South,Kochi,Consumer,Completed,Net Banking
O011736,2024-06-10,C00745,North,Chandigarh,Consumer,Completed,Net Banking
O011737,2024-05-11,C00220,South,Chennai,Consumer,Completed,Wallet
O011738,2025-07-04,C00491,East,Guwahati,Consumer,Completed,Net Banking
O011739,2025-05-03,C00427,South,Chennai,Home Office,Cancelled,Wallet
O011740,2023-11-10,C00667,West,Surat,Corporate,Completed,UPI
O011741,2025-03-25,C00118,East,Guwahati,Corporate,Completed,Debit Card
O011742,2023-04-05,C00500,South,Kochi,Consumer,Completed,Debit Card
O011743,2025-07-12,C00154,North,Jaipur,Home Office,Completed,Net Banking
O011744,2025-01-14,C00467,North,Jaipur,Corporate,Completed,Credit Card
O011745,2023-06-24,C00469,East,Bhubaneswar,Consumer,Completed,Net Banking
O011746,2024-09-26,C00048,West,Pune,Home Office,Completed,Wallet
O011747,2024-11-02,C00228,South,Chennai,Home Office,Cancelled,Credit Card
O011748,2025-11-24,C00573,North,Chandigarh,Consumer,Completed,Wallet
O011749,2023-01-27,C00462,South,Hyderabad,Home Office,Completed,Credit Card
O011750,2023-12-06,C00176,West,Mumbai,Corporate,Completed,Credit Card
O011751,2024-04-03,C00579,West,Mumbai,Consumer,Completed,Wallet
O011752,2023-12-05,C00705,East,Bhubaneswar,Consumer,Completed,Debit Card
O011753,2023-03-07,C00048,West,Pune,Home Office,Completed,Debit Card
O011754,2023-04-18,C00061,South,Kochi,Home Office,Completed,Wallet
O011755,2024-08-06,C00066,West,Surat,Home Office,Completed,Credit Card
O011756,2023-03-13,C00262,South,Kochi,Corporate,Returned,Credit Card
O011757,2025-12-05,C00178,East,Bhubaneswar,Home Office,Completed,Net Banking
O011758,2024-07-29,C00122,East,Kolkata,Home Office,Completed,UPI
O011759,2024-04-19,C00007,East,Bhubaneswar,Corporate,Completed,UPI
O011760,2025-09-07,C00552,East,Bhubaneswar,Consumer,Completed,Credit Card
O011761,2023-12-22,C00587,North,Jaipur,Home Office,Completed,UPI
O011762,2023-11-26,C00184,North,Jaipur,Consumer,Completed,Debit Card
O011763,2023-12-07,C00358,West,Mumbai,Consumer,Completed,Wallet
O011764,2024-03-07,C00249,West,Ahmedabad,Consumer,Completed,Debit Card
O011765,2024-07-11,C00599,North,Lucknow,Consumer,Completed,UPI
O011766,2023-09-29,C00665,South,Bengaluru,Consumer,Returned,Debit Card
O011767,2024-10-18,C00023,North,Jaipur,Home Office,Completed,Debit Card
O011768,2024-03-09,C00373,West,Pune,Corporate,Completed,Net Banking
O011769,2023-06-22,C00370,South,Kochi,Consumer,Completed,Debit Card
O011770,2023-08-08,C00407,South,Chennai,Corporate,Completed,Debit Card
O011771,2023-03-09,C00657,East,Patna,Corporate,Completed,Credit Card
O011772,2025-08-20,C00608,South,Bengaluru,Corporate,Completed,UPI
O011773,2025-10-02,C00509,South,Bengaluru,Corporate,Completed,UPI
O011774,2023-09-26,C00364,West,Ahmedabad,Consumer,Completed,Net Banking
O011775,2025-07-30,C00174,East,Guwahati,Corporate,Completed,UPI
O011776,2023-03-09,C00200,West,Mumbai,Home Office,Completed,UPI
O011777,2025-05-17,C00292,West,Mumbai,Corporate,Completed,Credit Card
O011778,2024-04-16,C00087,South,Kochi,Home Office,Completed,Wallet
O011779,2024-01-31,C00393,South,Chennai,Consumer,Completed,Net Banking
O011780,2023-04-06,C00044,East,Kolkata,Consumer,Completed,Credit Card
O011781,2023-07-10,C00719,South,Hyderabad,Consumer,Completed,Net Banking
O011782,2023-07-07,C00626,North,Jaipur,Corporate,Completed,Wallet
O011783,2024-12-09,C00350,East,Patna,Consumer,Completed,Credit Card
O011784,2025-09-12,C00151,West,Ahmedabad,Consumer,Returned,Debit Card
O011785,2025-06-05,C00105,West,Pune,Consumer,Completed,Net Banking
O011786,2025-11-25,C00627,West,Surat,Consumer,Completed,UPI
O011787,2025-02-13,C00238,East,Bhubaneswar,Corporate,Completed,Credit Card
O011788,2024-11-21,C00449,East,Guwahati,Home Office,Completed,Net Banking
O011789,2025-09-09,C00325,North,Lucknow,Home Office,Completed,Wallet
O011790,2023-12-22,C00347,West,Ahmedabad,Consumer,Completed,Net Banking
O011791,2023-07-14,C00638,North,Jaipur,Corporate,Completed,Debit Card
O011792,2024-01-30,C00716,North,Chandigarh,Corporate,Completed,Debit Card
O011793,2025-02-11,C00168,South,Bengaluru,Consumer,Completed,Net Banking
O011794,2023-08-03,C00029,North,Chandigarh,Corporate,Completed,Credit Card
O011795,2025-02-01,C00121,North,Jaipur,Corporate,Completed,Net Banking
O011796,2023-12-12,C00211,East,Kolkata,Consumer,Completed,Net Banking
O011797,2023-10-26,C00678,North,Lucknow,Consumer,Completed,Debit Card
O011798,2024-03-18,C00653,West,Mumbai,Consumer,Completed,Wallet
O011799,2025-02-23,C00026,North,Chandigarh,Consumer,Completed,Debit Card
O011800,2025-09-10,C00069,South,Chennai,Home Office,Completed,UPI
O011801,2024-09-13,C00490,South,Hyderabad,Consumer,Completed,Debit Card
O011802,2023-03-19,C00313,South,Hyderabad,Consumer,Completed,Debit Card
O011803,2023-12-15,C00620,North,Jaipur,Consumer,Completed,UPI
O011804,2023-06-18,C00067,North,Chandigarh,Corporate,Completed,Credit Card
O011805,2024-06-13,C00150,East,Patna,Corporate,Completed,Debit Card
O011806,2025-08-05,C00731,West,Surat,Home Office,Completed,Wallet
O011807,2023-06-13,C00060,West,Surat,Corporate,Completed,Net Banking
O011808,2023-08-06,C00218,East,Kolkata,Corporate,Completed,Debit Card
O011809,2025-10-03,C00379,East,Bhubaneswar,Consumer,Completed,UPI
O011810,2025-05-08,C00030,South,Bengaluru,Consumer,Completed,Net Banking
O011811,2023-06-22,C00350,East,Patna,Consumer,Completed,Wallet
O011812,2025-11-26,C00652,West,Ahmedabad,Home Office,Completed,Net Banking
O011813,2023-06-12,C00387,North,Delhi,Corporate,Completed,Net Banking
O011814,2023-08-26,C00282,North,Jaipur,Consumer,Completed,Wallet
O011815,2024-01-29,C00484,West,Mumbai,Consumer,Completed,Debit Card
O011816,2025-12-01,C00093,East,Kolkata,Consumer,Completed,Debit Card
O011817,2025-12-23,C00131,West,Ahmedabad,Corporate,Completed,Net Banking
O011818,2023-06-28,C00736,South,Kochi,Corporate,Completed,Debit Card
O011819,2023-03-28,C00269,West,Ahmedabad,Consumer,Completed,Credit Card
O011820,2023-05-10,C00616,North,Delhi,Corporate,Completed,UPI
O011821,2023-12-24,C00256,East,Guwahati,Consumer,Completed,Debit Card
O011822,2025-04-26,C00719,South,Hyderabad,Consumer,Completed,Debit Card
O011823,2024-01-04,C00591,East,Kolkata,Consumer,Completed,Credit Card
O011824,2023-11-30,C00687,South,Hyderabad,Corporate,Completed,Debit Card
O011825,2025-02-19,C00107,West,Mumbai,Consumer,Completed,Credit Card
O011826,2025-10-27,C00037,West,Surat,Consumer,Completed,Net Banking
O011827,2025-01-02,C00025,North,Chandigarh,Consumer,Returned,Debit Card
O011828,2024-08-17,C00304,North,Delhi,Home Office,Completed,UPI
O011829,2024-12-10,C00144,East,Guwahati,Consumer,Completed,Wallet
O011830,2025-11-10,C00221,South,Bengaluru,Corporate,Completed,UPI
O011831,2023-01-18,C00567,West,Ahmedabad,Consumer,Completed,Credit Card
O011832,2023-12-01,C00224,East,Patna,Home Office,Completed,Credit Card
O011833,2024-03-07,C00545,South,Hyderabad,Consumer,Completed,Wallet
O011834,2025-08-06,C00090,East,Guwahati,Consumer,Completed,Debit Card
O011835,2023-01-15,C00553,East,Patna,Consumer,Completed,Debit Card
O011836,2023-04-07,C00732,East,Guwahati,Corporate,Completed,Credit Card
O011837,2025-02-06,C00175,East,Bhubaneswar,Corporate,Completed,Net Banking
O011838,2025-04-18,C00595,South,Chennai,Corporate,Completed,Credit Card
O011839,2023-10-03,C00251,West,Ahmedabad,Consumer,Completed,Wallet
O011840,2025-09-16,C00693,North,Chandigarh,Consumer,Completed,UPI
O011841,2025-11-15,C00526,West,Pune,Corporate,Completed,Debit Card
O011842,2025-11-25,C00659,East,Patna,Home Office,Completed,Wallet
O011843,2025-01-08,C00346,North,Delhi,Consumer,Completed,Credit Card
O011844,2023-02-20,C00653,West,Mumbai,Consumer,Completed,UPI
O011845,2023-04-17,C00103,South,Bengaluru,Consumer,Completed,Net Banking
O011846,2024-02-13,C00030,South,Bengaluru,Consumer,Completed,Net Banking
O011847,2025-02-27,C00104,North,Jaipur,Home Office,Completed,Wallet
O011848,2024-07-05,C00238,East,Bhubaneswar,Corporate,Completed,Credit Card
O011849,2025-05-10,C00228,South,Chennai,Home Office,Completed,Net Banking
O011850,2023-02-17,C00070,North,Jaipur,Consumer,Completed,Net Banking
O011851,2025-12-24,C00558,South,Chennai,Consumer,Completed,Net Banking
O011852,2023-11-16,C00277,East,Patna,Consumer,Returned,Wallet
O011853,2023-04-05,C00326,South,Hyderabad,Consumer,Returned,Net Banking
O011854,2025-03-17,C00301,North,Lucknow,Corporate,Completed,Credit Card
O011855,2023-02-08,C00703,South,Hyderabad,Consumer,Completed,Debit Card
O011856,2025-07-10,C00180,East,Guwahati,Consumer,Completed,UPI
O011857,2023-02-09,C00028,East,Guwahati,Consumer,Completed,UPI
O011858,2024-05-04,C00660,South,Bengaluru,Consumer,Completed,Credit Card
O011859,2024-10-25,C00303,North,Delhi,Consumer,Completed,Debit Card
O011860,2023-09-25,C00486,North,Chandigarh,Corporate,Completed,UPI
O011861,2023-09-04,C00607,West,Pune,Consumer,Completed,Net Banking
O011862,2025-06-18,C00321,West,Surat,Consumer,Completed,Net Banking
O011863,2024-08-10,C00071,South,Kochi,Consumer,Completed,Debit Card
O011864,2023-03-21,C00485,East,Guwahati,Consumer,Completed,Credit Card
O011865,2025-02-11,C00545,South,Hyderabad,Consumer,Completed,Wallet
O011866,2023-07-27,C00510,East,Guwahati,Consumer,Completed,Net Banking
O011867,2023-06-19,C00426,West,Pune,Corporate,Completed,Net Banking
O011868,2024-05-21,C00696,East,Patna,Consumer,Completed,Wallet
O011869,2023-07-30,C00317,West,Pune,Consumer,Completed,Net Banking
O011870,2025-11-18,C00241,East,Patna,Consumer,Completed,Debit Card
O011871,2024-12-07,C00727,East,Patna,Home Office,Completed,Wallet
O011872,2023-07-28,C00181,South,Hyderabad,Consumer,Completed,UPI
O011873,2023-07-29,C00119,East,Kolkata,Consumer,Returned,Net Banking
O011874,2024-02-17,C00535,East,Kolkata,Home Office,Completed,UPI
O011875,2023-10-21,C00036,West,Surat,Consumer,Completed,Wallet
O011876,2024-02-21,C00585,West,Surat,Consumer,Completed,Net Banking
O011877,2024-07-10,C00439,East,Guwahati,Corporate,Cancelled,Wallet
O011878,2025-06-27,C00256,East,Guwahati,Consumer,Completed,Debit Card
O011879,2025-08-11,C00673,East,Patna,Consumer,Completed,Wallet
O011880,2025-04-02,C00692,North,Chandigarh,Consumer,Completed,Net Banking
O011881,2023-05-30,C00244,North,Lucknow,Consumer,Completed,UPI
O011882,2023-04-25,C00385,East,Patna,Consumer,Completed,UPI
O011883,2023-09-12,C00480,South,Bengaluru,Consumer,Completed,Net Banking
O011884,2024-02-13,C00500,South,Kochi,Consumer,Completed,Wallet
O011885,2025-04-25,C00390,South,Kochi,Consumer,Completed,Net Banking
O011886,2025-12-29,C00220,South,Chennai,Consumer,Completed,Credit Card
O011887,2025-09-19,C00718,North,Delhi,Corporate,Completed,Credit Card
O011888,2023-06-26,C00029,North,Chandigarh,Corporate,Completed,Credit Card
O011889,2025-04-11,C00234,West,Ahmedabad,Consumer,Completed,UPI
O011890,2024-10-29,C00326,South,Hyderabad,Consumer,Completed,Credit Card
O011891,2024-11-24,C00012,South,Kochi,Corporate,Completed,UPI
O011892,2025-10-15,C00477,West,Mumbai,Consumer,Completed,Net Banking
O011893,2023-10-21,C00035,South,Hyderabad,Consumer,Returned,Debit Card
O011894,2023-05-14,C00616,North,Delhi,Corporate,Completed,Wallet
O011895,2025-12-09,C00038,East,Guwahati,Consumer,Completed,Wallet
O011896,2025-03-10,C00431,East,Guwahati,Home Office,Completed,Credit Card
O011897,2024-07-16,C00404,North,Jaipur,Consumer,Completed,Credit Card
O011898,2025-06-08,C00592,West,Pune,Corporate,Completed,Debit Card
O011899,2025-04-30,C00450,South,Chennai,Corporate,Completed,Wallet
O011900,2025-06-26,C00627,West,Surat,Consumer,Completed,UPI
O011901,2024-02-01,C00047,West,Surat,Corporate,Completed,Net Banking
O011902,2023-06-07,C00651,West,Surat,Consumer,Completed,Net Banking
O011903,2025-07-10,C00641,North,Delhi,Corporate,Completed,Credit Card
O011904,2024-08-21,C00328,South,Kochi,Consumer,Completed,Net Banking
O011905,2025-11-16,C00458,West,Surat,Consumer,Completed,Net Banking
O011906,2024-08-16,C00652,West,Ahmedabad,Home Office,Completed,Credit Card
O011907,2024-01-23,C00564,East,Kolkata,Consumer,Completed,Wallet
O011908,2025-10-01,C00641,North,Delhi,Corporate,Completed,UPI
O011909,2023-07-08,C00219,North,Jaipur,Home Office,Completed,Credit Card
O011910,2024-03-27,C00470,North,Chandigarh,Corporate,Completed,Wallet
O011911,2025-08-16,C00157,South,Hyderabad,Consumer,Completed,Net Banking
O011912,2025-04-25,C00257,West,Mumbai,Home Office,Completed,Net Banking
O011913,2025-04-03,C00164,West,Surat,Consumer,Completed,UPI
O011914,2024-04-01,C00008,East,Guwahati,Consumer,Returned,UPI
O011915,2023-10-18,C00491,East,Guwahati,Consumer,Completed,Credit Card
O011916,2024-02-16,C00690,South,Chennai,Consumer,Completed,Debit Card
O011917,2024-12-30,C00642,East,Patna,Home Office,Completed,Wallet
O011918,2023-07-22,C00669,West,Pune,Home Office,Completed,Net Banking
O011919,2023-07-18,C00110,North,Jaipur,Consumer,Completed,Credit Card
O011920,2025-06-06,C00460,South,Bengaluru,Consumer,Completed,Debit Card
O011921,2023-05-04,C00738,East,Kolkata,Consumer,Completed,Debit Card
O011922,2025-02-09,C00067,North,Chandigarh,Corporate,Completed,Debit Card
O011923,2023-10-30,C00705,East,Bhubaneswar,Consumer,Completed,Wallet
O011924,2023-09-24,C00239,North,Jaipur,Consumer,Completed,Wallet
O011925,2023-08-23,C00063,East,Kolkata,Corporate,Completed,Debit Card
O011926,2023-04-07,C00284,South,Hyderabad,Consumer,Completed,Credit Card
O011927,2024-11-17,C00557,East,Kolkata,Home Office,Completed,Debit Card
O011928,2025-08-21,C00712,South,Chennai,Corporate,Completed,Net Banking
O011929,2023-12-06,C00347,West,Ahmedabad,Consumer,Completed,Net Banking
O011930,2024-06-20,C00420,West,Ahmedabad,Home Office,Completed,Net Banking
O011931,2024-06-30,C00009,East,Bhubaneswar,Consumer,Completed,Debit Card
O011932,2023-01-10,C00182,West,Pune,Consumer,Completed,UPI
O011933,2023-12-05,C00571,West,Mumbai,Consumer,Completed,Wallet
O011934,2025-05-03,C00383,East,Bhubaneswar,Corporate,Completed,Credit Card
O011935,2023-01-09,C00514,North,Chandigarh,Corporate,Completed,Credit Card
O011936,2024-01-14,C00300,East,Bhubaneswar,Consumer,Completed,Credit Card
O011937,2024-12-13,C00554,West,Mumbai,Consumer,Completed,Wallet
O011938,2023-06-01,C00733,East,Kolkata,Consumer,Completed,Wallet
O011939,2023-10-07,C00016,West,Ahmedabad,Consumer,Completed,Net Banking
O011940,2025-09-05,C00302,East,Guwahati,Corporate,Completed,Credit Card
O011941,2024-12-26,C00460,South,Bengaluru,Consumer,Completed,Net Banking
O011942,2025-11-22,C00427,South,Chennai,Home Office,Returned,UPI
O011943,2024-11-25,C00326,South,Hyderabad,Consumer,Completed,Credit Card
O011944,2024-02-17,C00310,East,Patna,Consumer,Completed,UPI
O011945,2025-05-08,C00108,East,Kolkata,Corporate,Completed,UPI
O011946,2025-04-07,C00063,East,Kolkata,Corporate,Completed,UPI
O011947,2023-07-12,C00060,West,Surat,Corporate,Completed,Credit Card
O011948,2025-05-19,C00272,East,Guwahati,Corporate,Completed,Debit Card
O011949,2024-10-10,C00462,South,Hyderabad,Home Office,Completed,Credit Card
O011950,2024-09-05,C00249,West,Ahmedabad,Consumer,Completed,Credit Card
O011951,2023-10-13,C00616,North,Delhi,Corporate,Completed,Credit Card
O011952,2023-09-23,C00644,South,Kochi,Consumer,Completed,Net Banking
O011953,2025-03-22,C00378,West,Pune,Home Office,Completed,Credit Card
O011954,2024-03-18,C00608,South,Bengaluru,Corporate,Completed,UPI
O011955,2024-06-27,C00297,North,Chandigarh,Consumer,Completed,Wallet
O011956,2025-11-16,C00060,West,Surat,Corporate,Completed,Net Banking
O011957,2024-08-31,C00059,South,Kochi,Consumer,Completed,Wallet
O011958,2024-06-14,C00064,South,Hyderabad,Consumer,Completed,Wallet
O011959,2024-04-25,C00625,East,Bhubaneswar,Home Office,Completed,UPI
O011960,2023-06-15,C00023,North,Jaipur,Home Office,Completed,UPI
O011961,2023-11-18,C00144,East,Guwahati,Consumer,Completed,Wallet
O011962,2025-01-25,C00493,North,Chandigarh,Corporate,Completed,Credit Card
O011963,2024-03-13,C00336,East,Guwahati,Consumer,Completed,Debit Card
O011964,2025-09-12,C00002,North,Jaipur,Consumer,Completed,Credit Card
O011965,2024-05-02,C00227,North,Delhi,Consumer,Completed,Wallet
O011966,2023-02-04,C00694,North,Delhi,Consumer,Completed,Net Banking
O011967,2023-11-09,C00086,West,Mumbai,Consumer,Completed,UPI
O011968,2023-12-17,C00475,North,Chandigarh,Consumer,Completed,Credit Card
O011969,2023-03-10,C00186,North,Delhi,Consumer,Completed,UPI
O011970,2025-06-11,C00192,East,Guwahati,Consumer,Completed,Credit Card
O011971,2025-01-31,C00408,East,Bhubaneswar,Consumer,Returned,Net Banking
O011972,2024-08-31,C00156,East,Bhubaneswar,Consumer,Completed,Credit Card
O011973,2023-02-27,C00358,West,Mumbai,Consumer,Completed,Credit Card
O011974,2025-12-10,C00654,South,Kochi,Consumer,Completed,Credit Card
O011975,2025-06-03,C00730,East,Patna,Consumer,Completed,Credit Card
O011976,2024-03-06,C00121,North,Jaipur,Corporate,Completed,UPI
O011977,2025-08-27,C00188,South,Bengaluru,Consumer,Completed,Wallet
O011978,2024-10-16,C00274,South,Hyderabad,Corporate,Completed,Net Banking
O011979,2024-12-25,C00153,West,Mumbai,Consumer,Completed,Wallet
O011980,2024-07-05,C00134,East,Patna,Consumer,Completed,UPI
O011981,2025-08-14,C00346,North,Delhi,Consumer,Completed,Debit Card
O011982,2025-01-27,C00273,West,Ahmedabad,Consumer,Completed,Net Banking
O011983,2024-01-06,C00229,West,Mumbai,Consumer,Completed,Net Banking
O011984,2023-06-26,C00225,West,Mumbai,Consumer,Completed,Wallet
O011985,2024-12-08,C00141,North,Lucknow,Home Office,Completed,UPI
O011986,2023-11-04,C00171,North,Lucknow,Consumer,Completed,Net Banking
O011987,2023-09-16,C00579,West,Mumbai,Consumer,Completed,Net Banking
O011988,2024-07-10,C00706,West,Pune,Consumer,Completed,Wallet
O011989,2024-04-16,C00010,West,Ahmedabad,Consumer,Completed,UPI
O011990,2025-11-16,C00638,North,Jaipur,Corporate,Completed,Debit Card
O011991,2025-11-27,C00536,South,Bengaluru,Consumer,Completed,Debit Card
O011992,2023-02-17,C00013,North,Delhi,Consumer,Completed,Wallet
O011993,2023-12-31,C00018,West,Mumbai,Home Office,Completed,Credit Card
O011994,2023-12-03,C00447,South,Kochi,Consumer,Completed,Wallet
O011995,2023-06-20,C00161,West,Mumbai,Consumer,Completed,Wallet
O011996,2024-02-18,C00308,West,Mumbai,Consumer,Completed,UPI
O011997,2025-11-14,C00575,West,Ahmedabad,Home Office,Completed,Net Banking
O011998,2025-08-13,C00684,North,Jaipur,Consumer,Completed,Credit Card
O011999,2025-08-10,C00085,West,Pune,Consumer,Completed,Wallet
O012000,2025-02-21,C00352,West,Mumbai,Home Office,Completed,Net Banking
